Analyte,Formula,Analysis,FC,A+0,A+1,A+2,A+3,A+4,A+5,A+6,A+7,A+8,A+9,A+10,A+11,A+12,A+13,A+14,A+15,A+16,A+17,A+18,A+19,A+20,A+21,A+22,A+23
6-Phosphogluconate,C6H13O10P,hilic-Blank03,0.297060449,0.358607963,0.358315158,0.016925722,0.04612759,0.021712393,0.024903292,0.173407882,,,,,,,,,,,,,,,,,
Xylulose-5-phosphate,C5H11O8P,hilic-QC06,0.665836706,0.267636119,0,0.064587627,0.060843704,0.017185584,0.589746965,,,,,,,,,,,,,,,,,,
Pyruvate,C3H4O3,hilic-20,0.013942762,0.983293123,0.001111057,0.006070229,0.00952559,,,,,,,,,,,,,,,,,,,,
L-Glutamic acid,C5H9NO4,hilic-QC08,0.258495055,0.595643156,0.125959294,0.074919052,3.57E-04,0,0.203121192,,,,,,,,,,,,,,,,,,
L-Aspartic Acid,C4H7NO4,hilic-QC08,0.310102153,0.679789567,0.010669122,0.004212877,0,0.305328434,,,,,,,,,,,,,,,,,,,
Phosphoenolpyruvate,C3H5O6P,hilic-04,0.692109505,0.231815852,0,0.228223927,0.53996022,,,,,,,,,,,,,,,,,,,,
Sedoheptulose-7-phosphate,C7H15O10P,hilic-16,0.743761471,0.124204216,0.003924788,0.048206103,0.032468718,0.076462554,0.122239036,0.055920335,0.536574249,,,,,,,,,,,,,,,,
L-Glutamine,C5H10N2O3,hilic-35,0.021001029,0.897153034,0.100693036,0.002152513,0,0,1.42E-06,,,,,,,,,,,,,,,,,,
Glucose-6-phosphate,C6H13O9P,hilic-15,0.436045764,0.537647418,0.003774784,0.0119761,0.017743094,0.009485196,0.018862914,0.400510494,,,,,,,,,,,,,,,,,
Dihydroxyacetone phosphate,C3H7O6P,hilic-34,0.29711834,0.670178922,0.013155287,0.071797637,0.244868154,,,,,,,,,,,,,,,,,,,,
Glucose CL,C6H13O6Cl,hilic-17,0.880263276,0.114915515,0,0,0,0.014463627,0,0.870620858,,,,,,,,,,,,,,,,,
Dihydroxyacetone phosphate,C3H7O6P,hilic-QC06,0.183433898,0.772887647,0.020401847,0.090231672,0.116478835,,,,,,,,,,,,,,,,,,,,
L-Aspartic Acid,C4H7NO4,hilic-20,0.295157222,0.701056163,0.00504882,0,0,0.293895017,,,,,,,,,,,,,,,,,,,
Sedoheptulose-7-phosphate,C7H15O10P,hilic-01,0.012387343,0.984852032,0,0,0.001858426,6.90E-04,0.003092269,0.003636569,0.005870849,,,,,,,,,,,,,,,,
L-Aspartic Acid,C4H7NO4,hilic-14,0.464727052,0.525386362,0,0.016924459,0.005697427,0.451991751,,,,,,,,,,,,,,,,,,,
L-Glutamine,C5H10N2O3,hilic-22,0.017495936,0.914584046,0.083363393,0.002048839,0,0,3.72E-06,,,,,,,,,,,,,,,,,,
Sedoheptulose-7-phosphate,C7H15O10P,hilic-27,0.637555197,0.2350973,0.002780153,0.051705397,0.028004286,0.069640224,0.126102431,0.043081931,0.443588276,,,,,,,,,,,,,,,,
Fructose-6-phosphate,C6H13O9P,hilic-01,0.034512483,0.942791226,2.82E-04,0.0187252,0.009841234,0.011369276,0.007605425,0.009385785,,,,,,,,,,,,,,,,,
Sedoheptulose-7-phosphate,C7H15O10P,hilic-26,0.603326051,0.24297264,0.018303224,0.056991199,0.029369088,0.090378756,0.120834392,0.050852423,0.390298278,,,,,,,,,,,,,,,,
3-Phosphoglycerate,C3H7O7P,hilic-06,0.757735868,0.233259149,0.00714444,0.012726069,0.746870342,,,,,,,,,,,,,,,,,,,,
Xylulose-5-phosphate,C5H11O8P,hilic-QC08,0.658325464,0.270367847,0.004275387,0.065217482,0.062924554,0.017930345,0.579284385,,,,,,,,,,,,,,,,,,
Malate,C4H6O5,hilic-26,0.016471214,0.971678625,0.015540818,0,7.78E-04,0.012002365,,,,,,,,,,,,,,,,,,,
Glucose-6-phosphate,C6H13O9P,hilic-31,0.414176471,0.297220546,0.052429186,0.21000765,0.102033779,0.123704555,0.07593092,0.138673363,,,,,,,,,,,,,,,,,
Dihydroxyacetone phosphate,C3H7O6P,hilic-29,0.166051498,0.796144804,0.013351123,0.086708846,0.103795227,,,,,,,,,,,,,,,,,,,,
Glyceraldehyde-3-phosphate,C3H7O6P,hilic-12,0.609037518,0.343002892,0.035035518,0.073807737,0.548153854,,,,,,,,,,,,,,,,,,,,
Acetyl-CoA,C23H38N7O17P3S,hilic-QC09,0.035736064,0.838293158,0.0052377,0.103512263,0,4.09E-04,0.016748253,0.001541579,0.001060729,0.002117996,0.001926376,0.002087424,0.004109701,0.001950106,0.001699393,0,0.002724399,0.003671631,0.002246987,0.001256239,0.001257285,0.001725176,0,0.004821565,0.001603053
6-Phosphogluconate,C6H13O10P,hilic-10,0.71388419,0.249579442,0.006832546,0.010240114,0.01936596,0.016590168,0.052816807,0.644574964,,,,,,,,,,,,,,,,,
Xylulose-5-phosphate,C5H11O8P,hilic-08,0.778245248,0.134742699,3.58E-04,0.088543503,0.075680469,0.016635448,0.684039539,,,,,,,,,,,,,,,,,,
Ribose-5-phosphate,C5H11O8P,hilic-QC10,0.269522696,0.635615539,0.035306259,0.045204617,0.078557598,0.040354747,0.164961241,,,,,,,,,,,,,,,,,,
Glucose CL,C6H13O6Cl,hilic-06,0.874531401,0.122952097,0,0,0,0.007549506,0,0.869498397,,,,,,,,,,,,,,,,,
Succinate,C4H6O4,hilic-35,9.19E-04,0.996322699,0.003677301,0,0,0,,,,,,,,,,,,,,,,,,,
Pyruvate,C3H4O3,hilic-01,0.015165723,0.982717075,0,0.006351607,0.010931319,,,,,,,,,,,,,,,,,,,,
Fructose-6-phosphate,C6H13O9P,hilic-27,0.291867569,0.678572954,0,0.023344744,0.014125207,0.014575668,0.012450933,0.256930494,,,,,,,,,,,,,,,,,
Glucose CL,C6H13O6Cl,hilic-QC02,0.711367016,0.2842361,0,0,0,0.013190651,0,0.702573249,,,,,,,,,,,,,,,,,
Acetyl-CoA,C23H38N7O17P3S,hilic-29,0.027609872,0.905066114,0.017772392,0.036148645,7.19E-04,3.10E-04,0.007613128,0,0.001010815,0.001363644,0.001430039,0.001514358,0.003145172,0.001316051,0.001743229,0.002989818,0.001582566,0.002975463,7.39E-04,0.001537105,0.001556994,0.003847516,0.00158532,0.001586489,0.002446767
Phosphoenolpyruvate,C3H5O6P,hilic-17,0.784735027,0.192084232,0,0.069542223,0.738373545,,,,,,,,,,,,,,,,,,,,
Alanine,C3H7NO2,hilic-28,0.004818328,0.995181672,0,0,0.004818328,,,,,,,,,,,,,,,,,,,,
Xylulose-5-phosphate,C5H11O8P,hilic-07,0.776613019,0.134457243,0.003678785,0.084150243,0.078807623,0.019867576,0.679038531,,,,,,,,,,,,,,,,,,
Sedoheptulose-7-phosphate,C7H15O10P,hilic-12,0.65933438,0.212035549,0.004483392,0.048963315,0.028560681,0.07397099,0.120277401,0.051983081,0.459725592,,,,,,,,,,,,,,,,
Malate,C4H6O5,hilic-12,0.06917852,0.879490487,0.037372064,0.033295623,0.026616535,0.023225291,,,,,,,,,,,,,,,,,,,
Pyruvate,C3H4O3,hilic-QC10,0.103103265,0.885773447,0.009124985,0.015119893,0.089981674,,,,,,,,,,,,,,,,,,,,
Acetyl-CoA,C23H38N7O17P3S,hilic-03,0.015519836,0.973268915,0,0,0,9.40E-04,9.60E-04,0.00217533,0.002797897,7.48E-04,0.001084933,0.001153482,9.41E-04,0.002805838,0.002678775,0,0,0,0.001604486,0.001341315,0.001375325,7.91E-04,0.002469118,0.001456104,0.001407017
3-Phosphoglycerate,C3H7O7P,hilic-QC02,0.655248553,0.340123329,0.004257001,0.005370352,0.650249318,,,,,,,,,,,,,,,,,,,,
Ribose-5-phosphate,C5H11O8P,hilic-25,0.282102085,0.639974799,0.031136471,0.039959848,0.066541177,0.012107801,0.210279904,,,,,,,,,,,,,,,,,,
Ribose-5-phosphate,C5H11O8P,hilic-14,0.326319872,0.575581285,0.039225551,0.03896131,0.093956757,0.028794569,0.223480529,,,,,,,,,,,,,,,,,,
L-Glutamine,C5H10N2O3,hilic-11,0.029230605,0.862111109,0.129636221,0.008248848,0,0,3.82E-06,,,,,,,,,,,,,,,,,,
Ribulose-5-phosphate,C5H11O8P,hilic-09,0.807137833,0.09627399,0.006871844,0.094053517,0.078216207,0.016860542,0.707723899,,,,,,,,,,,,,,,,,,
Pyruvate,C3H4O3,hilic-14,0.16363373,0.819109482,0.014282683,0.023204997,0.143402837,,,,,,,,,,,,,,,,,,,,
Acetyl-CoA,C23H38N7O17P3S,hilic-12,0.035205646,0.796910555,0,0.170869616,0,0,5.25E-04,9.08E-04,0.003062143,0.001096525,9.07E-04,8.53E-04,0,0.005762485,0.001594873,5.24E-04,0.002236312,0.003506151,7.49E-04,0.002452877,8.79E-04,0.002588387,9.88E-04,0.002443605,0.001143185
Fructose-6-phosphate,C6H13O9P,hilic-33,0.644537594,0.326555066,0.004692684,0.014287307,0.012761486,0.016654264,0.02123841,0.603810784,,,,,,,,,,,,,,,,,
Xylulose-5-phosphate,C5H11O8P,hilic-34,0.818288873,0.101416504,0.003291576,0.075506624,0.071827405,0.018132132,0.72982576,,,,,,,,,,,,,,,,,,
Ribose-5-phosphate,C5H11O8P,hilic-QC03,0.285115468,0.64170187,0.025361788,0.037997659,0.06365847,0.023156242,0.208123972,,,,,,,,,,,,,,,,,,
L-Glutamine,C5H10N2O3,hilic-20,0.017448521,0.914332951,0.084095944,0.00156962,0,0,1.48E-06,,,,,,,,,,,,,,,,,,
Phosphoenolpyruvate,C3H5O6P,hilic-28,0.772588068,0.21031331,0,0.051295867,0.738390823,,,,,,,,,,,,,,,,,,,,
L-Aspartic Acid,C4H7NO4,hilic-01,0.500365725,0.499634275,0,0,0,0.500365725,,,,,,,,,,,,,,,,,,,
Ribulose-5-phosphate,C5H11O8P,hilic-30,0.814455265,0.103073793,0.005800276,0.079223158,0.067882302,0.015719528,0.728300943,,,,,,,,,,,,,,,,,,
3-Phosphoglycerate,C3H7O7P,hilic-QC10,0.646040376,0.343868825,0.007711862,0.014848674,0.633570639,,,,,,,,,,,,,,,,,,,,
Fructose-6-phosphate,C6H13O9P,hilic-QC10,0.42094437,0.547643299,0.005601126,0.017187853,0.016411198,0.01464621,0.013190928,0.385319386,,,,,,,,,,,,,,,,,
Succinate,C4H6O4,hilic-04,0,1,0,0,0,0,,,,,,,,,,,,,,,,,,,
6-Phosphogluconate,C6H13O10P,hilic-29,0.672264093,0.295862739,0.008946402,0.007924126,0.014432601,0.014285332,0.042942028,0.615606772,,,,,,,,,,,,,,,,,
Succinate,C4H6O4,hilic-11,0.01624222,0.962657914,0.009737123,0.027583135,2.18E-05,0,,,,,,,,,,,,,,,,,,,
Sedoheptulose-7-phosphate,C7H15O10P,hilic-23,0.642913542,0.225189321,0.006100522,0.057273361,0.026573929,0.065524826,0.125863434,0.045712962,0.447761645,,,,,,,,,,,,,,,,
Fructose-6-phosphate,C6H13O9P,hilic-34,0.75949689,0.204952537,0.006182243,0.016685865,0.024473246,0.01418663,0.013855768,0.719663712,,,,,,,,,,,,,,,,,
Pyruvate,C3H4O3,hilic-24,0.042354186,0.951099162,0.003932926,0.011774105,0.033193808,,,,,,,,,,,,,,,,,,,,
Pyruvate,C3H4O3,hilic-17,0.249163656,0.724437966,0.023933601,0.031327933,0.2203005,,,,,,,,,,,,,,,,,,,,
L-Glutamic acid,C5H9NO4,hilic-Blank03,0.995640775,0.004344213,1.88E-05,0,0,0,0.995637022,,,,,,,,,,,,,,,,,,
Xylulose-5-phosphate,C5H11O8P,hilic-21,0.005821025,0.993465904,0,0,0.001620302,3.25E-04,0.004589042,,,,,,,,,,,,,,,,,,
Succinate,C4H6O4,hilic-QC09,0.012884415,0.968477202,0.012091549,0.018847637,5.84E-04,0,,,,,,,,,,,,,,,,,,,
Dihydroxyacetone phosphate,C3H7O6P,hilic-12,0.169098635,0.787816349,0.013933036,0.101388975,0.09686164,,,,,,,,,,,,,,,,,,,,
Malate,C4H6O5,hilic-35,0.040987448,0.90064655,0.063627724,0.01436136,0.013858117,0.007506249,,,,,,,,,,,,,,,,,,,
Ribose-5-phosphate,C5H11O8P,hilic-35,0.460999216,0.418915763,0.043731756,0.057853176,0.109202389,0.033533772,0.336763144,,,,,,,,,,,,,,,,,,
Dihydroxyacetone phosphate,C3H7O6P,hilic-32,0.199225747,0.757993575,0.017979859,0.092382317,0.13164425,,,,,,,,,,,,,,,,,,,,
(iso)Citrate,C6H8O7,hilic-QC10,0.029824916,0.912556741,0.005473677,0.076002469,0.003592878,0.001208917,0.00113533,3.00E-05,,,,,,,,,,,,,,,,,
Pyruvate,C3H4O3,hilic-QC02,0.080250169,0.903678161,0.012950131,0.022314748,0.06105696,,,,,,,,,,,,,,,,,,,,
Phosphoenolpyruvate,C3H5O6P,hilic-QC07,0.626261514,0.354651361,0,0.057261374,0.588087264,,,,,,,,,,,,,,,,,,,,
Glucose CL,C6H13O6Cl,hilic-27,0.865700437,0.130327662,0,0,0,0.011915701,0,0.857756637,,,,,,,,,,,,,,,,,
Fructose-6-phosphate,C6H13O9P,hilic-07,0.278143139,0.6959563,0.001201268,0.014496352,0.014258439,0.017886888,0.012862521,0.243338232,,,,,,,,,,,,,,,,,
Glucose-6-phosphate,C6H13O9P,hilic-QC03,0.309954202,0.67200968,0.001068587,0.011084156,0.011306659,0.005642084,0.013333004,0.285555831,,,,,,,,,,,,,,,,,
Ribulose-5-phosphate,C5H11O8P,hilic-24,0.803812525,0.111123416,0.008683988,0.076308607,0.073022959,0.015612603,0.715248427,,,,,,,,,,,,,,,,,,
Pyruvate,C3H4O3,hilic-05,0.041684878,0.950830001,0.005319857,0.01181565,0.032034492,,,,,,,,,,,,,,,,,,,,
Alanine,C3H7NO2,hilic-33,0.002847265,0.997152735,0,0,0.002847265,,,,,,,,,,,,,,,,,,,,
Phosphoenolpyruvate,C3H5O6P,hilic-QC03,0.62054378,0.363444031,0.005326032,0.037384503,0.593845434,,,,,,,,,,,,,,,,,,,,
3-Phosphoglycerate,C3H7O7P,hilic-02,0.04553343,0.95446657,0,0,0.04553343,,,,,,,,,,,,,,,,,,,,
6-Phosphogluconate,C6H13O10P,hilic-31,0.527125957,0.324136348,0.059926218,0.056707472,0.089513538,0.008950169,0.079524242,0.381242014,,,,,,,,,,,,,,,,,
L-Glutamine,C5H10N2O3,hilic-34,0.018543322,0.910443863,0.086397206,0.003158416,0,0,5.15E-07,,,,,,,,,,,,,,,,,,
Dihydroxyacetone phosphate,C3H7O6P,hilic-07,0.155121211,0.798875154,0.015316966,0.107376974,0.078430906,,,,,,,,,,,,,,,,,,,,
3-Phosphoglycerate,C3H7O7P,hilic-19,0.050707141,0.949292859,0,0,0.050707141,,,,,,,,,,,,,,,,,,,,
3-Phosphoglycerate,C3H7O7P,hilic-36,0.7616069,0.226476505,0.011319881,0.013110026,0.749093589,,,,,,,,,,,,,,,,,,,,
L-Glutamic acid,C5H9NO4,hilic-31,0.062635873,0.934662812,0,0.003136916,0,0.004095825,0.058104447,,,,,,,,,,,,,,,,,,
Ribulose-5-phosphate,C5H11O8P,hilic-QC09,0.706250098,0.219559576,0.004283432,0.070255281,0.062936997,0.017178063,0.62578665,,,,,,,,,,,,,,,,,,
Xylulose-5-phosphate,C5H11O8P,hilic-30,0.796861458,0.129630068,0,0.073421184,0.065145782,0.016987258,0.714815709,,,,,,,,,,,,,,,,,,
Phosphoenolpyruvate,C3H5O6P,hilic-Blank02,0.633257583,0.10599454,0,0.782243629,0.11176183,,,,,,,,,,,,,,,,,,,,
L-Glutamine,C5H10N2O3,hilic-10,0.029181115,0.862650663,0.128817066,0.008524281,0,0,7.99E-06,,,,,,,,,,,,,,,,,,
Fructose-6-phosphate,C6H13O9P,hilic-29,0.463586986,0.50642648,0.00148239,0.026832373,0.01062208,0.009598446,0.014114635,0.430923597,,,,,,,,,,,,,,,,,
Glucose-6-phosphate,C6H13O9P,hilic-28,0.369708971,0.599730512,0.006191139,0.015180922,0.01813074,0.010132492,0.017026517,0.333607678,,,,,,,,,,,,,,,,,
Fructose-6-phosphate,C6H13O9P,hilic-QC07,0.41438229,0.553083402,0.004399156,0.022114552,0.013126483,0.014271612,0.016829188,0.376175608,,,,,,,,,,,,,,,,,
L-Aspartic Acid,C4H7NO4,hilic-04,0.456681232,0.543318768,0,0,0,0.456681232,,,,,,,,,,,,,,,,,,,
Alanine,C3H7NO2,hilic-29,0.004306168,0.995693832,0,0,0.004306168,,,,,,,,,,,,,,,,,,,,
Xylulose-5-phosphate,C5H11O8P,hilic-05,0.75919973,0.152819786,0.003165343,0.082891169,0.077869935,0.022827675,0.660426093,,,,,,,,,,,,,,,,,,
Xylulose-5-phosphate,C5H11O8P,hilic-36,0.816248883,0.106591549,0.001393423,0.073861213,0.071189317,0.016261873,0.730702624,,,,,,,,,,,,,,,,,,
Glucose CL,C6H13O6Cl,hilic-QC04,0.71892809,0.276696467,0,0,0,0.013126331,0,0.710177202,,,,,,,,,,,,,,,,,
Alanine,C3H7NO2,hilic-35,0.004318331,0.995681669,0,0,0.004318331,,,,,,,,,,,,,,,,,,,,
Glucose-6-phosphate,C6H13O9P,hilic-16,0.420959667,0.56250082,0,0.008068749,0.015149426,0.004775729,0.011962342,0.397542933,,,,,,,,,,,,,,,,,
Glyceraldehyde-3-phosphate,C3H7O6P,hilic-QC02,0.540386652,0.419463855,0.031517193,0.057414091,0.49160486,,,,,,,,,,,,,,,,,,,,
Dihydroxyacetone phosphate,C3H7O6P,hilic-QC09,0.186038464,0.77107306,0.02054004,0.087585348,0.120801552,,,,,,,,,,,,,,,,,,,,
Glyceraldehyde-3-phosphate,C3H7O6P,hilic-29,0.615369163,0.336216656,0.039548814,0.066144917,0.558089613,,,,,,,,,,,,,,,,,,,,
Pyruvate,C3H4O3,hilic-23,0.041267574,0.952434501,0.005510222,0.00787333,0.034181947,,,,,,,,,,,,,,,,,,,,
Sedoheptulose-7-phosphate,C7H15O10P,hilic-QC06,0.603802472,0.274303418,0.006941257,0.045322093,0.027048636,0.068147236,0.113035292,0.046293923,0.418908145,,,,,,,,,,,,,,,,
(iso)Citrate,C6H8O7,hilic-QC02,0.055460555,0.817614688,0.049520986,0.121227791,0.007677475,0.002097781,0.001804469,5.68E-05,,,,,,,,,,,,,,,,,
L-Aspartic Acid,C4H7NO4,hilic-30,0.263474114,0.695545808,0.05119326,0.004761941,8.17E-04,0.247682338,,,,,,,,,,,,,,,,,,,
Sedoheptulose-7-phosphate,C7H15O10P,hilic-04,0.599586717,0.266215333,0.007113508,0.051529182,0.028811698,0.074784421,0.126299988,0.046858661,0.398387209,,,,,,,,,,,,,,,,
Phosphoenolpyruvate,C3H5O6P,hilic-Blank01,0.610861502,0.152459607,0,0.710036673,0.13750372,,,,,,,,,,,,,,,,,,,,
L-Glutamic acid,C5H9NO4,hilic-17,0.287892246,0.485276672,0.098432902,0.224209305,0.026470133,0.014855623,0.150755365,,,,,,,,,,,,,,,,,,
Glucose CL,C6H13O6Cl,hilic-34,0.880356055,0.115885286,0,0,0,0.011275978,0,0.872838737,,,,,,,,,,,,,,,,,
Xylulose-5-phosphate,C5H11O8P,hilic-01,0.008257615,0.990440258,0,0,0.003237728,3.52E-05,0.006286834,,,,,,,,,,,,,,,,,,
Succinate,C4H6O4,hilic-21,0.00242604,0.990295842,0.009704158,0,0,0,,,,,,,,,,,,,,,,,,,
Malate,C4H6O5,hilic-QC10,0.046389435,0.909242614,0.040788927,0.021061071,0.012982884,0.015924505,,,,,,,,,,,,,,,,,,,
L-Glutamic acid,C5H9NO4,hilic-05,0.228363256,0.634170227,0.151557881,0.027033687,0,0,0.187238205,,,,,,,,,,,,,,,,,,
Glucose CL,C6H13O6Cl,hilic-QC03,0.710129663,0.285352077,0,0,0,0.013554777,0,0.701093145,,,,,,,,,,,,,,,,,
Glucose CL,C6H13O6Cl,hilic-02,0.005835219,0.99140316,0,0,0,0.008147899,2.74E-04,1.75E-04,,,,,,,,,,,,,,,,,
6-Phosphogluconate,C6H13O10P,hilic-23,0.635268546,0.336492925,0.01179094,0.007471328,0.008197714,0.010274085,0.035449846,0.590323162,,,,,,,,,,,,,,,,,
Succinate,C4H6O4,hilic-19,0.003204038,0.987183847,0.012816153,0,0,0,,,,,,,,,,,,,,,,,,,
Succinate,C4H6O4,hilic-08,0.005089448,0.986744571,0.006153065,0.007102364,0,0,,,,,,,,,,,,,,,,,,,
Acetyl-CoA,C23H38N7O17P3S,hilic-26,0.085427813,0.815979581,0.041135398,0,0.011739968,0,0.00422922,0.010343488,0.00294428,0.004149352,0.009691801,0.001979644,0.013338056,0.014785644,0.001418274,0.00764963,0.001610883,0.008250656,0.003442289,0.008502953,0.011448028,0.00190762,0.002240027,0.009583868,0.01362934
(iso)Citrate,C6H8O7,hilic-07,0.043756552,0.861048044,0.023314957,0.109675786,0.004968593,0,9.89E-04,3.90E-06,,,,,,,,,,,,,,,,,
Glucose-6-phosphate,C6H13O9P,hilic-QC09,0.304614766,0.672416979,8.48E-04,0.012585002,0.015939007,0.009218925,0.016974138,0.272017847,,,,,,,,,,,,,,,,,
Ribose-5-phosphate,C5H11O8P,hilic-22,0.216407184,0.714162692,0.031235894,0.023746504,0.068349449,0.014268633,0.148236828,,,,,,,,,,,,,,,,,,
L-Aspartic Acid,C4H7NO4,hilic-07,0.389474818,0.609509838,0,0.00147463,0.001112115,0.387903416,,,,,,,,,,,,,,,,,,,
6-Phosphogluconate,C6H13O10P,hilic-08,0.651778223,0.314431417,0.01242457,0.003501687,0.017500719,0.013134168,0.04784207,0.591165369,,,,,,,,,,,,,,,,,
Phosphoenolpyruvate,C3H5O6P,hilic-09,0.733892606,0.235839371,0,0.090804071,0.673356558,,,,,,,,,,,,,,,,,,,,
Pyruvate,C3H4O3,hilic-16,0.257236023,0.718619101,0.0213516,0.029731428,0.230297871,,,,,,,,,,,,,,,,,,,,
Ribose-5-phosphate,C5H11O8P,hilic-08,0.243759041,0.681029392,0.030207032,0.02805203,0.0723924,0.026288821,0.162030326,,,,,,,,,,,,,,,,,,
L-Aspartic Acid,C4H7NO4,hilic-02,0.395590496,0.604409504,0,0,0,0.395590496,,,,,,,,,,,,,,,,,,,
Ribulose-5-phosphate,C5H11O8P,hilic-05,0.769033016,0.128699528,0.010727109,0.098395482,0.074702553,0.023837292,0.663638037,,,,,,,,,,,,,,,,,,
Acetyl-CoA,C23H38N7O17P3S,hilic-QC01,0.037276167,0.822327291,0.013317758,0.120260554,0,0,0.008091916,0.003116032,1.67E-04,7.80E-04,0.001648744,5.48E-04,0.002001954,0.003176429,1.48E-04,0.003731742,5.86E-04,8.93E-04,0.004584936,7.36E-04,0.003081841,0.00216265,0.004753749,0.002956445,9.28E-04
3-Phosphoglycerate,C3H7O7P,hilic-QC05,0.665913891,0.327885443,0.005886489,0.00682902,0.659399048,,,,,,,,,,,,,,,,,,,,
Succinate,C4H6O4,hilic-15,0.037905564,0.912442107,0.024684411,0.061682602,0.00119088,0,,,,,,,,,,,,,,,,,,,
Malate,C4H6O5,hilic-27,0.037001742,0.924840589,0.046019832,0.00686094,8.49E-04,0.021429337,,,,,,,,,,,,,,,,,,,
Glucose CL,C6H13O6Cl,hilic-QC10,0.709582188,0.287673057,0,0,0,0.008234265,0,0.704092678,,,,,,,,,,,,,,,,,
Fructose-6-phosphate,C6H13O9P,hilic-QC06,0.426775509,0.540708067,0.003646752,0.020646334,0.016931993,0.014265771,0.014951923,0.38884916,,,,,,,,,,,,,,,,,
Xylulose-5-phosphate,C5H11O8P,hilic-22,0.794601548,0.132207387,0,0.070860207,0.070136889,0.013100928,0.713694589,,,,,,,,,,,,,,,,,,
Glyceraldehyde-3-phosphate,C3H7O6P,hilic-02,0.07543886,0.878988099,0.029982664,0.076753794,0.014275443,,,,,,,,,,,,,,,,,,,,
Sedoheptulose-7-phosphate,C7H15O10P,hilic-QC03,0.583383892,0.308401219,0.001907453,0.04139474,0.024394651,0.061604186,0.107627369,0.041439907,0.413230475,,,,,,,,,,,,,,,,
L-Glutamine,C5H10N2O3,hilic-Blank02,0.165137036,0.615358066,0.006429625,0.348279386,0.008466009,0.010035816,0.011431098,,,,,,,,,,,,,,,,,,
Glyceraldehyde-3-phosphate,C3H7O6P,hilic-16,0.726345839,0.236724196,0.027137755,0.056514383,0.679623665,,,,,,,,,,,,,,,,,,,,
6-Phosphogluconate,C6H13O10P,hilic-18,0.766960375,0.208905837,0.006520515,0.00638306,0.013073418,0.006414886,0.03461789,0.724084394,,,,,,,,,,,,,,,,,
Glyceraldehyde-3-phosphate,C3H7O6P,hilic-07,0.590368834,0.361641367,0.03315198,0.077665439,0.527541214,,,,,,,,,,,,,,,,,,,,
Glucose-6-phosphate,C6H13O9P,hilic-14,0.411176435,0.552668927,0.007800779,0.015278594,0.02095619,0.018000135,0.017940716,0.36735466,,,,,,,,,,,,,,,,,
Glucose CL,C6H13O6Cl,hilic-29,0.860986354,0.134193137,0,0,0,0.014461524,0,0.851345338,,,,,,,,,,,,,,,,,
Pyruvate,C3H4O3,hilic-28,0.102368694,0.885305044,0.010631903,0.01571498,0.088348073,,,,,,,,,,,,,,,,,,,,
Alanine,C3H7NO2,hilic-34,0.004322321,0.995677679,0,0,0.004322321,,,,,,,,,,,,,,,,,,,,
Ribose-5-phosphate,C5H11O8P,hilic-QC07,0.300433215,0.610279268,0.040460133,0.040809065,0.069903584,0.022362686,0.216185263,,,,,,,,,,,,,,,,,,
Xylulose-5-phosphate,C5H11O8P,hilic-28,0.798478923,0.121461957,0,0.081356417,0.068997086,0.018232177,0.709952363,,,,,,,,,,,,,,,,,,
Xylulose-5-phosphate,C5H11O8P,hilic-23,0.777729016,0.144964506,0,0.07831784,0.069343071,0.012892724,0.694481858,,,,,,,,,,,,,,,,,,
Alanine,C3H7NO2,hilic-18,0.009856361,0.990045496,0,2.94E-04,0.009660075,,,,,,,,,,,,,,,,,,,,
Sedoheptulose-7-phosphate,C7H15O10P,hilic-17,0.699529738,0.179818973,0.002162841,0.044573769,0.02887967,0.071917017,0.113901431,0.049640537,0.509105762,,,,,,,,,,,,,,,,
Glyceraldehyde-3-phosphate,C3H7O6P,hilic-QC10,0.530957308,0.431392728,0.018035481,0.07687893,0.473692861,,,,,,,,,,,,,,,,,,,,
Succinate,C4H6O4,hilic-QC05,0.012543726,0.970046464,0.010422919,0.018839865,6.91E-04,0,,,,,,,,,,,,,,,,,,,
Glucose-6-phosphate,C6H13O9P,hilic-QC10,0.317408426,0.658591024,0.002252146,0.013533257,0.015528851,0.009787306,0.01244838,0.287859036,,,,,,,,,,,,,,,,,
Malate,C4H6O5,hilic-02,0.031797893,0.941449138,0.034249635,0.002131487,0,0.02216974,,,,,,,,,,,,,,,,,,,
Pyruvate,C3H4O3,hilic-27,0.074411008,0.916276714,0.008215584,0.011505665,0.064002037,,,,,,,,,,,,,,,,,,,,
Glyceraldehyde-3-phosphate,C3H7O6P,hilic-QC01,0.547937359,0.416671388,0.022558737,0.061056286,0.499713589,,,,,,,,,,,,,,,,,,,,
Acetyl-CoA,C23H38N7O17P3S,hilic-10,0.036049348,0.772185985,0.01649616,0.172814816,0.007482087,0,0.002001367,0.001220127,0.001118605,0.001626086,6.48E-04,0.002422081,0.002294683,0.002491082,3.72E-04,0.00254264,8.62E-04,8.73E-04,0.001106544,8.60E-04,0.003089968,0.001221692,0.003034246,0.001725645,0.001511461
(iso)Citrate,C6H8O7,hilic-14,0.072333153,0.786071897,0.024229506,0.169444396,0.013069735,0.004304401,0.00282658,5.35E-05,,,,,,,,,,,,,,,,,
Pyruvate,C3H4O3,hilic-22,0.040328726,0.953894916,0.00401009,0.009308894,0.032786099,,,,,,,,,,,,,,,,,,,,
Glucose-6-phosphate,C6H13O9P,hilic-QC04,0.302485606,0.676043443,0.00272045,0.009728402,0.014996308,0.008160074,0.015000776,0.273350547,,,,,,,,,,,,,,,,,
Succinate,C4H6O4,hilic-QC04,0.012406544,0.970718862,0.009614526,0.018988186,6.78E-04,0,,,,,,,,,,,,,,,,,,,
Ribulose-5-phosphate,C5H11O8P,hilic-10,0.826125104,0.085358477,0.006939123,0.083839389,0.073105538,0.017096367,0.733661108,,,,,,,,,,,,,,,,,,
Ribose-5-phosphate,C5H11O8P,hilic-17,0.538379311,0.364635292,0.034657485,0.052596848,0.075020239,0.038466023,0.434624113,,,,,,,,,,,,,,,,,,
6-Phosphogluconate,C6H13O10P,hilic-15,0.694099553,0.270331511,0.015861686,0.003389797,0.021884364,0.001370485,0.052151938,0.63501022,,,,,,,,,,,,,,,,,
3-Phosphoglycerate,C3H7O7P,hilic-05,0.722108919,0.265421105,0.010785349,0.015839227,0.707954318,,,,,,,,,,,,,,,,,,,,
(iso)Citrate,C6H8O7,hilic-31,0.038660369,0.915156099,0,0.05460804,0.006488614,0.015946123,0.007310943,4.90E-04,,,,,,,,,,,,,,,,,
L-Glutamine,C5H10N2O3,hilic-05,0.020669932,0.898984442,0.098684029,0.002330672,0,0,8.57E-07,,,,,,,,,,,,,,,,,,
Ribulose-5-phosphate,C5H11O8P,hilic-QC04,0.694576152,0.230187496,0.005385848,0.071283677,0.061800448,0.017186444,0.614156088,,,,,,,,,,,,,,,,,,
Dihydroxyacetone phosphate,C3H7O6P,hilic-Blank01,0.351188058,0.456289288,0.073530374,0.430507214,0.039673124,,,,,,,,,,,,,,,,,,,,
Succinate,C4H6O4,hilic-30,0,1,0,0,0,0,,,,,,,,,,,,,,,,,,,
Succinate,C4H6O4,hilic-QC01,0.013244549,0.968639594,0.010390972,0.02032108,6.48E-04,0,,,,,,,,,,,,,,,,,,,
Glucose CL,C6H13O6Cl,hilic-20,0.004931006,0.992775188,0,0,0,0.006769002,2.25E-04,2.31E-04,,,,,,,,,,,,,,,,,
Fructose-6-phosphate,C6H13O9P,hilic-13,0.593796015,0.357935949,0.007613303,0.023335127,0.034949769,0.016193192,0.020965501,0.539007158,,,,,,,,,,,,,,,,,
Alanine,C3H7NO2,hilic-27,0.002390171,0.997609829,0,0,0.002390171,,,,,,,,,,,,,,,,,,,,
Malate,C4H6O5,hilic-22,0.059136368,0.907258436,0.042234261,0.003859002,0,0.046648302,,,,,,,,,,,,,,,,,,,
Ribose-5-phosphate,C5H11O8P,hilic-11,0.304672612,0.610770008,0.032589409,0.041039161,0.069320782,0.030670216,0.215610424,,,,,,,,,,,,,,,,,,
Glucose-6-phosphate,C6H13O9P,hilic-08,0.32388719,0.65003735,0.001369963,0.015228663,0.016210607,0.011693096,0.016670276,0.288790044,,,,,,,,,,,,,,,,,
Ribose-5-phosphate,C5H11O8P,hilic-QC09,0.270480219,0.636615543,0.04155123,0.038754754,0.074208597,0.033634814,0.175235062,,,,,,,,,,,,,,,,,,
Glyceraldehyde-3-phosphate,C3H7O6P,hilic-01,0.051516456,0.919792725,0.017296593,0.051479271,0.011431411,,,,,,,,,,,,,,,,,,,,
Glucose CL,C6H13O6Cl,hilic-18,0.880611117,0.114984367,0,0,0,0.013213548,0,0.871802085,,,,,,,,,,,,,,,,,
Succinate,C4H6O4,hilic-QC10,0.012460205,0.969868645,0.01101047,0.018532303,5.89E-04,0,,,,,,,,,,,,,,,,,,,
Sedoheptulose-7-phosphate,C7H15O10P,hilic-33,0.653328806,0.219653826,0.00542391,0.047457596,0.027549565,0.07258623,0.122598231,0.046136724,0.458593918,,,,,,,,,,,,,,,,
6-Phosphogluconate,C6H13O10P,hilic-Blank01,0.257933907,0.396618692,0.362962914,0.015568634,0.052624412,0.008466541,0.020788979,0.142969828,,,,,,,,,,,,,,,,,
(iso)Citrate,C6H8O7,hilic-13,0.068379771,0.80214784,0.021990001,0.151021541,0.016405877,0.005193086,0.003194368,4.73E-05,,,,,,,,,,,,,,,,,
(iso)Citrate,C6H8O7,hilic-15,0.066218008,0.803413285,0.024959217,0.152396594,0.012237452,0.004180885,0.002755659,5.69E-05,,,,,,,,,,,,,,,,,
Phosphoenolpyruvate,C3H5O6P,hilic-16,0.745647889,0.190017467,0,0.193003931,0.616978602,,,,,,,,,,,,,,,,,,,,
3-Phosphoglycerate,C3H7O7P,hilic-QC03,0.643408948,0.351011539,0.005583705,0.005571127,0.637833629,,,,,,,,,,,,,,,,,,,,
Acetyl-CoA,C23H38N7O17P3S,hilic-15,0.048952074,0.720459327,0.015128427,0.207469365,0,0,0.013686792,2.25E-04,0.001537813,0.005241683,0.002188315,0.003596673,0.002500782,0.003448836,0.0016619,0.003009057,0,0.002131042,0.001540185,0.002244649,0.007000532,0.001052635,6.43E-04,0.003570017,0.001663533
Phosphoenolpyruvate,C3H5O6P,hilic-25,0.755019432,0.233827461,0.003908947,0.025641428,0.736622164,,,,,,,,,,,,,,,,,,,,
Dihydroxyacetone phosphate,C3H7O6P,hilic-30,0.174543281,0.781683731,0.023524124,0.084270715,0.11052143,,,,,,,,,,,,,,,,,,,,
Ribose-5-phosphate,C5H11O8P,hilic-21,0.092833352,0.842738338,0.032036948,0.006785339,0.080516014,0.012605711,0.02531765,,,,,,,,,,,,,,,,,,
Dihydroxyacetone phosphate,C3H7O6P,hilic-QC10,0.191621945,0.764845921,0.018054455,0.094487491,0.122612133,,,,,,,,,,,,,,,,,,,,
6-Phosphogluconate,C6H13O10P,hilic-22,0.635697511,0.338703807,0.008993744,0.006836705,0.005998487,0.012188457,0.038904177,0.588374623,,,,,,,,,,,,,,,,,
Glucose CL,C6H13O6Cl,hilic-07,0.872368402,0.12502992,0,0,0,0.007805034,0,0.867165046,,,,,,,,,,,,,,,,,
Glucose-6-phosphate,C6H13O9P,hilic-17,0.418411522,0.561130887,0.001149237,0.009489896,0.015831687,0.007433821,0.016677072,0.3882874,,,,,,,,,,,,,,,,,
Phosphoenolpyruvate,C3H5O6P,hilic-21,0.012383926,0.983151883,0,0.013392572,0.003455544,,,,,,,,,,,,,,,,,,,,
Glucose-6-phosphate,C6H13O9P,hilic-19,0.016231649,0.977056379,0,0.004001707,0.002966504,0.006289188,0.002787113,0.006899108,,,,,,,,,,,,,,,,,
L-Glutamic acid,C5H9NO4,hilic-QC02,0.261452824,0.605700096,0.108760993,0.076101813,4.43E-04,0,0.208994103,,,,,,,,,,,,,,,,,,
Pyruvate,C3H4O3,hilic-03,0.013467207,0.984639606,6.60E-05,0.005547496,0.009746866,,,,,,,,,,,,,,,,,,,,
Ribulose-5-phosphate,C5H11O8P,hilic-27,0.817333394,0.097396129,0.006335847,0.082344282,0.070637422,0.012701308,0.730585012,,,,,,,,,,,,,,,,,,
Sedoheptulose-7-phosphate,C7H15O10P,hilic-28,0.699696504,0.160345761,0.006960262,0.053400017,0.029254986,0.079788213,0.133873657,0.04681059,0.489566514,,,,,,,,,,,,,,,,
Phosphoenolpyruvate,C3H5O6P,hilic-06,0.713803063,0.172336263,0,0.341582022,0.486081715,,,,,,,,,,,,,,,,,,,,
Phosphoenolpyruvate,C3H5O6P,hilic-35,0.761099167,0.174853362,0,0.192142412,0.633004225,,,,,,,,,,,,,,,,,,,,
L-Glutamine,C5H10N2O3,hilic-25,0.02487847,0.880211115,0.115185419,0.004603466,0,0,0,,,,,,,,,,,,,,,,,,
Phosphoenolpyruvate,C3H5O6P,hilic-05,0.706514244,0.215975928,0,0.232529486,0.551494587,,,,,,,,,,,,,,,,,,,,
Glucose-6-phosphate,C6H13O9P,hilic-QC05,0.312834854,0.663496547,0.001787368,0.014032121,0.013079652,0.009855533,0.017996252,0.279752528,,,,,,,,,,,,,,,,,
(iso)Citrate,C6H8O7,hilic-23,0.01322467,0.947538003,0.026440619,0.025709137,0,7.67E-05,2.31E-04,4.61E-06,,,,,,,,,,,,,,,,,
Ribose-5-phosphate,C5H11O8P,hilic-06,0.26214511,0.652724876,0.042136845,0.01305643,0.086786663,0.044360077,0.160935109,,,,,,,,,,,,,,,,,,
6-Phosphogluconate,C6H13O10P,hilic-16,0.714718273,0.253881584,0.012059323,0.008599767,0.015996253,0,0.045716411,0.663746662,,,,,,,,,,,,,,,,,
Glyceraldehyde-3-phosphate,C3H7O6P,hilic-17,0.749978253,0.215511526,0.026237569,0.051055525,0.70719538,,,,,,,,,,,,,,,,,,,,
L-Glutamic acid,C5H9NO4,hilic-28,0.272590953,0.629485335,0.110260087,0.016192737,0,0,0.244061841,,,,,,,,,,,,,,,,,,
Xylulose-5-phosphate,C5H11O8P,hilic-04,0.759547264,0.146234766,0.004066949,0.090075327,0.081527459,0.021541157,0.656554342,,,,,,,,,,,,,,,,,,
Ribose-5-phosphate,C5H11O8P,hilic-23,0.23965286,0.68122891,0.03408389,0.028661094,0.076352428,0.020567452,0.159106226,,,,,,,,,,,,,,,,,,
Glucose-6-phosphate,C6H13O9P,hilic-01,0.018729056,0.973267257,0,0.00447001,0.005646699,0.005568556,0.002064871,0.008982607,,,,,,,,,,,,,,,,,
Dihydroxyacetone phosphate,C3H7O6P,hilic-19,0.070203698,0.894218259,0.014359311,0.07801551,0.013406921,,,,,,,,,,,,,,,,,,,,
Sedoheptulose-7-phosphate,C7H15O10P,hilic-09,0.64302416,0.217600613,0.004735544,0.058988748,0.029389614,0.077226735,0.127139877,0.048751164,0.436167705,,,,,,,,,,,,,,,,
(iso)Citrate,C6H8O7,hilic-QC05,0.040098951,0.876531026,0.021562474,0.091627253,0.006942167,0.001789664,0.001492932,5.45E-05,,,,,,,,,,,,,,,,,
Glucose-6-phosphate,C6H13O9P,hilic-09,0.309007606,0.661444249,0.003915955,0.016521935,0.018148838,0.010015042,0.017144757,0.272809225,,,,,,,,,,,,,,,,,
Fructose-6-phosphate,C6H13O9P,hilic-28,0.483342506,0.491858628,3.28E-04,0.015372922,0.013825813,0.014734285,0.014716552,0.449164011,,,,,,,,,,,,,,,,,
Glucose CL,C6H13O6Cl,hilic-15,0.873709466,0.123670646,0,0,0,0.007859664,0,0.86846969,,,,,,,,,,,,,,,,,
Acetyl-CoA,C23H38N7O17P3S,hilic-Blank02,0.52558,0.048876873,0.038553349,0.041700662,0.013444848,0.020960068,0.053497763,0.026237631,0.047082856,0.046615805,0.008655899,0.096637943,0.03845427,0.028506643,0.039312212,0.064217808,0.02965794,0.032808637,0.027074897,0.061595421,0.019894962,0.077613294,0.063037779,0.035475578,0.040086865
Succinate,C4H6O4,hilic-34,3.36E-04,0.998654827,0.001345173,0,0,0,,,,,,,,,,,,,,,,,,,
(iso)Citrate,C6H8O7,hilic-32,0.01157077,0.958136145,0.015391771,0.026059584,0,1.49E-04,2.64E-04,0,,,,,,,,,,,,,,,,,
Malate,C4H6O5,hilic-01,0.036634021,0.93526129,0.034299231,0.00476053,0,0.025678948,,,,,,,,,,,,,,,,,,,
3-Phosphoglycerate,C3H7O7P,hilic-29,0.797031685,0.194549866,0.008468803,0.008317742,0.788663589,,,,,,,,,,,,,,,,,,,,
L-Aspartic Acid,C4H7NO4,hilic-19,0.35882155,0.628151278,0.016877701,7.38E-04,0,0.35423323,,,,,,,,,,,,,,,,,,,
6-Phosphogluconate,C6H13O10P,hilic-34,0.681977621,0.278405717,0.019416068,0.007351204,0.020600707,6.99E-04,0.04801464,0.625512637,,,,,,,,,,,,,,,,,
Dihydroxyacetone phosphate,C3H7O6P,hilic-28,0.178614047,0.775756411,0.021656402,0.09357582,0.109011367,,,,,,,,,,,,,,,,,,,,
L-Aspartic Acid,C4H7NO4,hilic-34,0.289652947,0.661834552,0.051468075,0.015438189,0.008769401,0.262489783,,,,,,,,,,,,,,,,,,,
Glucose CL,C6H13O6Cl,hilic-14,0.874815941,0.122208975,0,0,0,0.008925253,0,0.868865773,,,,,,,,,,,,,,,,,
L-Aspartic Acid,C4H7NO4,hilic-33,0.276595762,0.676831848,0.056038082,0.007040785,0.004093746,0.255995539,,,,,,,,,,,,,,,,,,,
Pyruvate,C3H4O3,hilic-06,0.043540531,0.947482961,0.006839259,0.013251006,0.032426775,,,,,,,,,,,,,,,,,,,,
L-Glutamic acid,C5H9NO4,hilic-QC03,0.264051267,0.592700119,0.120315195,0.078092441,3.52E-04,0,0.208539762,,,,,,,,,,,,,,,,,,
Pyruvate,C3H4O3,hilic-07,0.069055698,0.923049497,0.006262638,0.011159138,0.059528727,,,,,,,,,,,,,,,,,,,,
Glucose CL,C6H13O6Cl,hilic-09,0.863381003,0.13388563,0,0,0,0.008200101,0,0.857914268,,,,,,,,,,,,,,,,,
Phosphoenolpyruvate,C3H5O6P,hilic-13,0.773485374,0.190694664,0,0.107459885,0.701845451,,,,,,,,,,,,,,,,,,,,
Succinate,C4H6O4,hilic-13,0.031582956,0.92926331,0.016538163,0.052801919,0.001396608,0,,,,,,,,,,,,,,,,,,,
Xylulose-5-phosphate,C5H11O8P,hilic-15,0.804187213,0.111459397,0.007365649,0.077598466,0.0699603,0.019588354,0.714027834,,,,,,,,,,,,,,,,,,
Dihydroxyacetone phosphate,C3H7O6P,hilic-10,0.176272954,0.771190577,0.023242152,0.111125105,0.094442167,,,,,,,,,,,,,,,,,,,,
L-Glutamic acid,C5H9NO4,hilic-20,0.241756637,0.649345483,0.13093424,0.006917481,0,0,0.212802797,,,,,,,,,,,,,,,,,,
Sedoheptulose-7-phosphate,C7H15O10P,hilic-03,0.022433547,0.97309893,0,0,0.003615253,0.002232334,0.003280698,0.003553248,0.014219536,,,,,,,,,,,,,,,,
Ribulose-5-phosphate,C5H11O8P,hilic-23,0.794065888,0.116083972,0.007094607,0.08643521,0.073750044,0.014066554,0.702569613,,,,,,,,,,,,,,,,,,
Ribulose-5-phosphate,C5H11O8P,hilic-34,0.837676141,0.079977703,0.006985708,0.074483289,0.071395983,0.017546113,0.749611204,,,,,,,,,,,,,,,,,,
Phosphoenolpyruvate,C3H5O6P,hilic-Blank03,0.645055082,0.089922009,0,0.795068727,0.115009264,,,,,,,,,,,,,,,,,,,,
Dihydroxyacetone phosphate,C3H7O6P,hilic-16,0.292517655,0.689839361,0.007487457,0.03795404,0.264719143,,,,,,,,,,,,,,,,,,,,
Ribulose-5-phosphate,C5H11O8P,hilic-QC06,0.698600524,0.22526886,0.005926907,0.072711113,0.061849824,0.015112465,0.619130831,,,,,,,,,,,,,,,,,,
Glyceraldehyde-3-phosphate,C3H7O6P,hilic-10,0.618566912,0.332729937,0.036196263,0.073716924,0.557356875,,,,,,,,,,,,,,,,,,,,
Glyceraldehyde-3-phosphate,C3H7O6P,hilic-21,0.021742166,0.965508658,0.007031248,0.024185032,0.003275062,,,,,,,,,,,,,,,,,,,,
L-Glutamine,C5H10N2O3,hilic-QC06,0.021395318,0.898453645,0.096133555,0.005406989,0,0,5.81E-06,,,,,,,,,,,,,,,,,,
Glucose-6-phosphate,C6H13O9P,hilic-05,0.314206685,0.651242913,0.005388088,0.020824055,0.020377191,0.009421434,0.017091309,0.27565501,,,,,,,,,,,,,,,,,
Acetyl-CoA,C23H38N7O17P3S,hilic-14,0.049420855,0.748600291,0,0.197867286,0,0,0.009710228,0.002830153,0.001086895,0.001385938,0.001633335,0.004447914,0,0.002118407,0.001506401,0.002160585,0.002336285,0.001323022,0.001710511,0.002567097,0.003961236,0.005078862,0.003296447,0.001998821,0.004380287
Glyceraldehyde-3-phosphate,C3H7O6P,hilic-03,0.051879529,0.91348494,0.021732633,0.060441329,0.004341099,,,,,,,,,,,,,,,,,,,,
(iso)Citrate,C6H8O7,hilic-03,0.010025097,0.958354214,0.025860646,0.014449184,3.55E-04,5.79E-04,4.02E-04,0,,,,,,,,,,,,,,,,,
Pyruvate,C3H4O3,hilic-Blank02,0.283253356,0.698060334,0.011402894,0.033253143,0.257283629,,,,,,,,,,,,,,,,,,,,
Xylulose-5-phosphate,C5H11O8P,hilic-13,0.796770764,0.116711541,0.003364326,0.081825839,0.07453246,0.024588735,0.6989771,,,,,,,,,,,,,,,,,,
L-Glutamine,C5H10N2O3,hilic-12,0.028119141,0.867998659,0.123424988,0.00857035,0,0,6.00E-06,,,,,,,,,,,,,,,,,,
Succinate,C4H6O4,hilic-27,0,1,0,0,0,0,,,,,,,,,,,,,,,,,,,
L-Aspartic Acid,C4H7NO4,hilic-QC09,0.313078275,0.679338476,0.007600829,0.003765254,0,0.309295441,,,,,,,,,,,,,,,,,,,
6-Phosphogluconate,C6H13O10P,hilic-19,0.056774124,0.936397976,0.004366516,0,0.003511942,6.17E-04,0.007365925,0.047741107,,,,,,,,,,,,,,,,,
Glucose-6-phosphate,C6H13O9P,hilic-26,0.359393393,0.570924838,0.01734196,0.043350444,0.031826741,0.018093913,0.02631099,0.292151115,,,,,,,,,,,,,,,,,
Sedoheptulose-7-phosphate,C7H15O10P,hilic-QC01,0.597871324,0.287283658,0.00471179,0.04041519,0.026074582,0.067559697,0.111818761,0.042953494,0.419182827,,,,,,,,,,,,,,,,
(iso)Citrate,C6H8O7,hilic-01,0.014519527,0.931839218,0.051246106,0.016082465,0,4.55E-04,3.77E-04,0,,,,,,,,,,,,,,,,,
(iso)Citrate,C6H8O7,hilic-28,0.01197116,0.96255388,0.005386356,0.030866243,4.69E-04,3.23E-04,4.01E-04,8.09E-07,,,,,,,,,,,,,,,,,
L-Glutamic acid,C5H9NO4,hilic-29,0.248100235,0.661551853,0.101410748,0.015365524,0,0,0.221671876,,,,,,,,,,,,,,,,,,
3-Phosphoglycerate,C3H7O7P,hilic-15,0.734537411,0.254477034,0.009788732,0.013379203,0.722355032,,,,,,,,,,,,,,,,,,,,
Glucose CL,C6H13O6Cl,hilic-QC05,0.72261687,0.273436995,0,0,0,0.011838405,0,0.714724599,,,,,,,,,,,,,,,,,
6-Phosphogluconate,C6H13O10P,hilic-QC01,0.563427979,0.416514651,0.003476599,0.003218725,0.009990221,0.011663897,0.036787864,0.518348042,,,,,,,,,,,,,,,,,
Succinate,C4H6O4,hilic-32,0,1,0,0,0,0,,,,,,,,,,,,,,,,,,,
6-Phosphogluconate,C6H13O10P,hilic-QC04,0.571125389,0.401649661,0.009102186,0.002294266,0.01513537,0.013970656,0.035314286,0.522533576,,,,,,,,,,,,,,,,,
L-Glutamic acid,C5H9NO4,hilic-11,0.252151133,0.60213993,0.100564477,0.108276726,7.28E-04,0,0.188290569,,,,,,,,,,,,,,,,,,
L-Glutamic acid,C5H9NO4,hilic-08,0.233613191,0.640862124,0.111575816,0.060440053,0,0,0.187122007,,,,,,,,,,,,,,,,,,
Sedoheptulose-7-phosphate,C7H15O10P,hilic-QC02,0.588846147,0.296685481,0.002732019,0.043698692,0.025346842,0.068569811,0.109318666,0.040658902,0.412989587,,,,,,,,,,,,,,,,
Sedoheptulose-7-phosphate,C7H15O10P,hilic-36,0.664587027,0.210943238,0.004060336,0.044923655,0.031121339,0.072278162,0.112312249,0.056363517,0.467997504,,,,,,,,,,,,,,,,
Malate,C4H6O5,hilic-24,0.032986735,0.942871433,0.03079532,0.002090684,0,0.024242563,,,,,,,,,,,,,,,,,,,
Dihydroxyacetone phosphate,C3H7O6P,hilic-21,0.066525629,0.898170045,0.01593221,0.074048559,0.011849187,,,,,,,,,,,,,,,,,,,,
Ribose-5-phosphate,C5H11O8P,hilic-Blank03,0.276855117,0.561737609,0.018396792,0.079017835,0.175394884,0.145605926,0.019846954,,,,,,,,,,,,,,,,,,
L-Glutamine,C5H10N2O3,hilic-Blank01,0.143271789,0.672879451,0.011796686,0.277714247,0.011568698,0.015776922,0.010263997,,,,,,,,,,,,,,,,,,
L-Glutamic acid,C5H9NO4,hilic-04,0.228661581,0.682234892,0.09464657,0.022310452,0,0,0.200808086,,,,,,,,,,,,,,,,,,
Glucose CL,C6H13O6Cl,hilic-25,0.878309881,0.118021186,0,0,0,0.011006799,0,0.870972016,,,,,,,,,,,,,,,,,
L-Glutamic acid,C5H9NO4,hilic-18,0.286845127,0.475216241,0.104877551,0.234420383,0.025581733,0.015758344,0.144145749,,,,,,,,,,,,,,,,,,
Glucose-6-phosphate,C6H13O9P,hilic-12,0.39252864,0.581003573,0.003632782,0.012634724,0.017697954,0.010803097,0.015403866,0.358824005,,,,,,,,,,,,,,,,,
3-Phosphoglycerate,C3H7O7P,hilic-09,0.720372036,0.272973346,0.006288479,0.007386898,0.713351278,,,,,,,,,,,,,,,,,,,,
Sedoheptulose-7-phosphate,C7H15O10P,hilic-Blank02,0.482047816,0.125135011,0.105200376,0.190954513,0.135221399,0.103611876,0.077452786,0.157118595,0.105305445,,,,,,,,,,,,,,,,
Phosphoenolpyruvate,C3H5O6P,hilic-07,0.786321368,0.197788712,0,0.047669759,0.754541529,,,,,,,,,,,,,,,,,,,,
L-Aspartic Acid,C4H7NO4,hilic-35,0.240240137,0.711238357,0.051077529,0.015878193,0.00909705,0.212708872,,,,,,,,,,,,,,,,,,,
Acetyl-CoA,C23H38N7O17P3S,hilic-02,0.021791931,0.962574488,0,0,0,0.005176614,1.70E-04,0,0.002809491,0,0.003806424,5.51E-04,0.001334664,0.002718823,0.001693253,0.001603644,0.003336472,9.26E-04,9.21E-04,0.004853063,0.001303921,0.001178796,0.001287913,0.001166009,0.002588089
Ribose-5-phosphate,C5H11O8P,hilic-05,0.220776218,0.704384119,0.037910074,0.010880299,0.078532554,0.032852016,0.135440938,,,,,,,,,,,,,,,,,,
Alanine,C3H7NO2,hilic-21,0.006384782,0.993615218,0,0,0.006384782,,,,,,,,,,,,,,,,,,,,
Acetyl-CoA,C23H38N7O17P3S,hilic-30,0.033576983,0.905345998,0.025173423,0.012739238,0,0.006305278,0.00637591,0.001738603,0.001792939,9.89E-04,0.002148926,0.001067191,0.005316105,0.003369634,0.002021472,0.002438841,0.002524254,4.74E-04,0.005112668,0.003188952,4.39E-04,0.00388914,0.001357575,0.002540516,0.003651871
Dihydroxyacetone phosphate,C3H7O6P,hilic-04,0.14549096,0.795600597,0.027813991,0.121097349,0.055488063,,,,,,,,,,,,,,,,,,,,
Fructose-6-phosphate,C6H13O9P,hilic-30,0.477621301,0.491515566,0.003730815,0.02271873,0.009623756,0.014479702,0.017819133,0.440112298,,,,,,,,,,,,,,,,,
Acetyl-CoA,C23H38N7O17P3S,hilic-24,0.032708795,0.911044992,0.014555287,0.027277019,0,3.50E-04,0.005130543,9.20E-04,0.001892906,0.002193145,0,0.00416202,0.002045479,0.002452305,0.001394691,0.004769728,0.001308824,0,0.001497805,0.002659344,0.001320092,0.004472084,0.001016623,0.006835702,0.002702291
Pyruvate,C3H4O3,hilic-34,0.251561384,0.721610156,0.025159752,0.030165877,0.223064215,,,,,,,,,,,,,,,,,,,,
Ribulose-5-phosphate,C5H11O8P,hilic-20,0.013501438,0.982464697,0,0,0.007946105,0.004277114,0.005312084,,,,,,,,,,,,,,,,,,
L-Glutamine,C5H10N2O3,hilic-16,0.032619161,0.851156846,0.134683835,0.014128208,0,0,3.11E-05,,,,,,,,,,,,,,,,,,
Dihydroxyacetone phosphate,C3H7O6P,hilic-15,0.198480109,0.756644573,0.021184387,0.092257182,0.129913859,,,,,,,,,,,,,,,,,,,,
Ribose-5-phosphate,C5H11O8P,hilic-03,0.09477829,0.836152755,0.033365677,0.009882748,0.077457696,0.027318431,0.015822693,,,,,,,,,,,,,,,,,,
Dihydroxyacetone phosphate,C3H7O6P,hilic-QC04,0.191308684,0.767488369,0.020314147,0.082980545,0.129216938,,,,,,,,,,,,,,,,,,,,
3-Phosphoglycerate,C3H7O7P,hilic-12,0.762165044,0.230197314,0.007918518,0.00707589,0.754808278,,,,,,,,,,,,,,,,,,,,
Dihydroxyacetone phosphate,C3H7O6P,hilic-02,0.108754227,0.832506341,0.021664931,0.132888434,0.012940295,,,,,,,,,,,,,,,,,,,,
Alanine,C3H7NO2,hilic-QC06,0.002865807,0.997134193,0,0,0.002865807,,,,,,,,,,,,,,,,,,,,
Pyruvate,C3H4O3,hilic-QC06,0.105321245,0.883025428,0.009669319,0.015621342,0.09168391,,,,,,,,,,,,,,,,,,,,
Glyceraldehyde-3-phosphate,C3H7O6P,hilic-31,0.309941285,0.494883562,0.143240274,0.29904491,0.062831254,,,,,,,,,,,,,,,,,,,,
Sedoheptulose-7-phosphate,C7H15O10P,hilic-02,0.019303482,0.97669168,0,0,0.003662982,0.001190432,0.002181453,0.005447735,0.010825718,,,,,,,,,,,,,,,,
L-Glutamine,C5H10N2O3,hilic-QC05,0.026182759,0.876332356,0.116445022,0.007214778,0,0,7.84E-06,,,,,,,,,,,,,,,,,,
Ribose-5-phosphate,C5H11O8P,hilic-10,0.313434866,0.611056585,0.029463369,0.03739276,0.062558187,0.022394612,0.237134487,,,,,,,,,,,,,,,,,,
Alanine,C3H7NO2,hilic-02,6.73E-04,0.99932725,0,0,6.73E-04,,,,,,,,,,,,,,,,,,,,
Alanine,C3H7NO2,hilic-QC09,0.006365143,0.993634857,0,0,0.006365143,,,,,,,,,,,,,,,,,,,,
Alanine,C3H7NO2,hilic-QC03,9.66E-04,0.999033746,0,0,9.66E-04,,,,,,,,,,,,,,,,,,,,
L-Glutamic acid,C5H9NO4,hilic-QC04,0.256989343,0.619647019,0.098812733,0.073554614,4.52E-04,0,0.207533927,,,,,,,,,,,,,,,,,,
L-Aspartic Acid,C4H7NO4,hilic-18,0.540771277,0.429602122,0.005618251,0.041488828,0.018673993,0.504616805,,,,,,,,,,,,,,,,,,,
L-Glutamine,C5H10N2O3,hilic-21,0.023878718,0.883925194,0.112775713,0.00329253,0,0,6.56E-06,,,,,,,,,,,,,,,,,,
Ribulose-5-phosphate,C5H11O8P,hilic-17,0.85466956,0.072815003,0.005039063,0.069134405,0.060930536,0.013156649,0.778924345,,,,,,,,,,,,,,,,,,
Dihydroxyacetone phosphate,C3H7O6P,hilic-QC05,0.1703382,0.790863368,0.0166594,0.083076497,0.109400735,,,,,,,,,,,,,,,,,,,,
Glucose CL,C6H13O6Cl,hilic-QC01,0.710208383,0.283988527,0,0,0,0.017409268,0,0.698602204,,,,,,,,,,,,,,,,,
Glyceraldehyde-3-phosphate,C3H7O6P,hilic-05,0.511785729,0.427533321,0.038761121,0.104520608,0.42918495,,,,,,,,,,,,,,,,,,,,
Glucose-6-phosphate,C6H13O9P,hilic-36,0.371026358,0.592920465,0.00714705,0.01870959,0.018512261,0.014780521,0.020647621,0.327282491,,,,,,,,,,,,,,,,,
Ribulose-5-phosphate,C5H11O8P,hilic-11,0.80442739,0.102294266,0.006870449,0.089074261,0.074928528,0.021830084,0.705002412,,,,,,,,,,,,,,,,,,
Ribulose-5-phosphate,C5H11O8P,hilic-26,0.77610326,0.119966094,0.008431541,0.093158654,0.087516212,0.031418681,0.659508819,,,,,,,,,,,,,,,,,,
Dihydroxyacetone phosphate,C3H7O6P,hilic-06,0.167837628,0.759265964,0.032347878,0.153993467,0.054392691,,,,,,,,,,,,,,,,,,,,
Sedoheptulose-7-phosphate,C7H15O10P,hilic-15,0.719653297,0.139332828,0.007605723,0.051682997,0.032893509,0.080868773,0.127980999,0.052905445,0.506729725,,,,,,,,,,,,,,,,
Glyceraldehyde-3-phosphate,C3H7O6P,hilic-35,0.690670016,0.267696052,0.023431696,0.078038403,0.630833849,,,,,,,,,,,,,,,,,,,,
Malate,C4H6O5,hilic-QC02,0.055811995,0.888124835,0.053040782,0.025460907,0.014208517,0.019164959,,,,,,,,,,,,,,,,,,,
Sedoheptulose-7-phosphate,C7H15O10P,hilic-06,0.576396565,0.297951296,0.007132036,0.049342348,0.026993093,0.066615316,0.116496235,0.049250225,0.386219451,,,,,,,,,,,,,,,,
3-Phosphoglycerate,C3H7O7P,hilic-26,0.862122108,0.115012078,0.010307838,0.047981765,0.826698319,,,,,,,,,,,,,,,,,,,,
Sedoheptulose-7-phosphate,C7H15O10P,hilic-30,0.652625364,0.223427706,0.003449901,0.046141499,0.027599058,0.070216043,0.123597389,0.04798247,0.457585934,,,,,,,,,,,,,,,,
L-Aspartic Acid,C4H7NO4,hilic-QC04,0.326450009,0.649816899,0.026137012,0.006516044,0.003489247,0.314040798,,,,,,,,,,,,,,,,,,,
Glucose-6-phosphate,C6H13O9P,hilic-06,0.338052774,0.620060415,0.010906349,0.023536751,0.01761851,0.012903967,0.023978658,0.290995351,,,,,,,,,,,,,,,,,
Succinate,C4H6O4,hilic-Blank02,4.69E-05,0.999953079,0,0,0,4.69E-05,,,,,,,,,,,,,,,,,,,
Phosphoenolpyruvate,C3H5O6P,hilic-19,0.013086939,0.982053567,0,0.014578481,0.003367952,,,,,,,,,,,,,,,,,,,,
3-Phosphoglycerate,C3H7O7P,hilic-27,0.785541569,0.205577341,0.009669024,0.007305221,0.777448413,,,,,,,,,,,,,,,,,,,,
Xylulose-5-phosphate,C5H11O8P,hilic-QC03,0.668093406,0.266326135,0,0.065727934,0.058211242,0.014296009,0.59543868,,,,,,,,,,,,,,,,,,
Malate,C4H6O5,hilic-07,0.047035449,0.919623542,0.0299494,0.012683325,0.018149184,0.019594548,,,,,,,,,,,,,,,,,,,
Glyceraldehyde-3-phosphate,C3H7O6P,hilic-26,0.529348438,0.374681068,0.063199438,0.161512605,0.400606889,,,,,,,,,,,,,,,,,,,,
Glucose CL,C6H13O6Cl,hilic-01,0.004601322,0.993226824,0,0,0,0.006393591,2.44E-04,1.36E-04,,,,,,,,,,,,,,,,,
Ribulose-5-phosphate,C5H11O8P,hilic-32,0.81908893,0.094128994,0.006642577,0.081911954,0.07344759,0.014709029,0.729159856,,,,,,,,,,,,,,,,,,
Dihydroxyacetone phosphate,C3H7O6P,hilic-33,0.207886253,0.752386228,0.016469786,0.086242984,0.144901002,,,,,,,,,,,,,,,,,,,,
(iso)Citrate,C6H8O7,hilic-06,0.030030719,0.904799176,0.016393284,0.074062771,0.004005646,5.39E-05,6.78E-04,6.80E-06,,,,,,,,,,,,,,,,,
L-Glutamic acid,C5H9NO4,hilic-30,0.258638225,0.663341228,0.086072016,0.015271557,0,0,0.235315199,,,,,,,,,,,,,,,,,,
Dihydroxyacetone phosphate,C3H7O6P,hilic-QC08,0.178314522,0.782590803,0.014937083,0.087409861,0.115062254,,,,,,,,,,,,,,,,,,,,
Xylulose-5-phosphate,C5H11O8P,hilic-QC01,0.664055046,0.270109269,0,0.066417057,0.057734269,0.014458716,0.591280689,,,,,,,,,,,,,,,,,,
6-Phosphogluconate,C6H13O10P,hilic-09,0.664982848,0.306085518,0.011133693,0.006266733,0.00990182,0.010811125,0.041526693,0.614274418,,,,,,,,,,,,,,,,,
Sedoheptulose-7-phosphate,C7H15O10P,hilic-19,0.016379657,0.980410978,0,0,0.002942995,5.99E-04,0.003121072,0.002654903,0.010271209,,,,,,,,,,,,,,,,
Ribulose-5-phosphate,C5H11O8P,hilic-12,0.804753496,0.102581316,0.007695301,0.091768566,0.069059263,0.019120513,0.709775041,,,,,,,,,,,,,,,,,,
Malate,C4H6O5,hilic-18,0.153014197,0.716314696,0.060437147,0.140381745,0.060609497,0.022256915,,,,,,,,,,,,,,,,,,,
Sedoheptulose-7-phosphate,C7H15O10P,hilic-18,0.707484456,0.167999619,0.003457012,0.043515301,0.030365792,0.076182632,0.117056258,0.049169312,0.512254073,,,,,,,,,,,,,,,,
Glyceraldehyde-3-phosphate,C3H7O6P,hilic-QC04,0.552202646,0.407288297,0.029764917,0.061997337,0.500949449,,,,,,,,,,,,,,,,,,,,
6-Phosphogluconate,C6H13O10P,hilic-03,0.068444545,0.923795896,0.003618982,0,0.006290155,0,0.009591985,0.056702982,,,,,,,,,,,,,,,,,
6-Phosphogluconate,C6H13O10P,hilic-04,0.613944026,0.345562127,0.021498943,0.006910063,0.020014623,0,0.047784239,0.558230004,,,,,,,,,,,,,,,,,
Phosphoenolpyruvate,C3H5O6P,hilic-18,0.7906877,0.188766035,0,0.061638796,0.749595169,,,,,,,,,,,,,,,,,,,,
Alanine,C3H7NO2,hilic-QC02,9.52E-04,0.999047706,0,0,9.52E-04,,,,,,,,,,,,,,,,,,,,
L-Aspartic Acid,C4H7NO4,hilic-15,0.467147058,0.522665514,0,0.017347212,0.006055288,0.453931986,,,,,,,,,,,,,,,,,,,
Pyruvate,C3H4O3,hilic-21,0.016476028,0.981354103,0.001077862,0.004353885,0.01321415,,,,,,,,,,,,,,,,,,,,
Acetyl-CoA,C23H38N7O17P3S,hilic-QC04,0.034626646,0.84112528,0.005639033,0.103628248,0,0,0.012566942,0.003594334,0.001466997,0.002675584,0.001100919,3.83E-04,0.005862532,8.36E-04,0,0.00549163,2.00E-04,0.003195089,6.40E-04,0.001787751,0.002726686,8.85E-04,0.001690787,0.00349279,0.001011715
Glucose-6-phosphate,C6H13O9P,hilic-27,0.315852026,0.659848384,0.003663423,0.011153034,0.015783747,0.008589956,0.018337134,0.282624322,,,,,,,,,,,,,,,,,
L-Aspartic Acid,C4H7NO4,hilic-27,0.319819162,0.657475173,0.029407299,0.001300382,0,0.311817146,,,,,,,,,,,,,,,,,,,
Alanine,C3H7NO2,hilic-QC05,0.001748713,0.998220861,0,9.13E-05,0.00168786,,,,,,,,,,,,,,,,,,,,
L-Glutamic acid,C5H9NO4,hilic-01,0.234220003,0.638303203,0.149370072,0.013301228,0,0,0.199025497,,,,,,,,,,,,,,,,,,
6-Phosphogluconate,C6H13O10P,hilic-14,0.680709678,0.280244995,0.020042271,0.002275991,0.023011018,0,0.055923586,0.618502139,,,,,,,,,,,,,,,,,
L-Glutamic acid,C5H9NO4,hilic-10,0.253916382,0.596514913,0.102325955,0.112295671,8.26E-04,0,0.188037116,,,,,,,,,,,,,,,,,,
L-Glutamine,C5H10N2O3,hilic-QC08,0.021672756,0.896030393,0.099608802,0.004349683,0,0,1.11E-05,,,,,,,,,,,,,,,,,,
Sedoheptulose-7-phosphate,C7H15O10P,hilic-35,0.742213141,0.11521161,0.006679019,0.053636579,0.031954366,0.08417593,0.125341332,0.058741804,0.524259358,,,,,,,,,,,,,,,,
Phosphoenolpyruvate,C3H5O6P,hilic-QC05,0.607678505,0.375730116,0,0.049774139,0.574495745,,,,,,,,,,,,,,,,,,,,
Glucose CL,C6H13O6Cl,hilic-QC08,0.706573504,0.29007812,0,0,0,0.01004513,0,0.69987675,,,,,,,,,,,,,,,,,
Glucose-6-phosphate,C6H13O9P,hilic-QC02,0.31061525,0.670221955,0.001230348,0.010701121,0.013121815,0.005703198,0.015248701,0.283772862,,,,,,,,,,,,,,,,,
Glucose-6-phosphate,C6H13O9P,hilic-35,0.371753806,0.598123895,0.006791587,0.014429019,0.017015766,0.010110597,0.01779129,0.335737846,,,,,,,,,,,,,,,,,
3-Phosphoglycerate,C3H7O7P,hilic-08,0.761071644,0.231563892,0.007980094,0.006133201,0.754322812,,,,,,,,,,,,,,,,,,,,
L-Glutamine,C5H10N2O3,hilic-06,0.01633046,0.921568799,0.075216187,0.003212984,0,0,2.03E-06,,,,,,,,,,,,,,,,,,
Malate,C4H6O5,hilic-QC07,0.050806854,0.902090495,0.044052982,0.020304529,0.015642599,0.017909395,,,,,,,,,,,,,,,,,,,
Glucose-6-phosphate,C6H13O9P,hilic-30,0.335952652,0.636822713,0.004320798,0.013957389,0.016398278,0.010354421,0.016010594,0.302135808,,,,,,,,,,,,,,,,,
6-Phosphogluconate,C6H13O10P,hilic-32,0.631259849,0.342138112,0.01080285,0.005767296,0.009093624,0.004115437,0.047017056,0.581065625,,,,,,,,,,,,,,,,,
Pyruvate,C3H4O3,hilic-26,0.082029538,0.905180915,0.009518852,0.019330937,0.065969296,,,,,,,,,,,,,,,,,,,,
L-Glutamic acid,C5H9NO4,hilic-34,0.258957026,0.641006435,0.107594197,0.023268635,0,0,0.228130733,,,,,,,,,,,,,,,,,,
Alanine,C3H7NO2,hilic-30,7.84E-04,0.999216146,0,0,7.84E-04,,,,,,,,,,,,,,,,,,,,
Glucose-6-phosphate,C6H13O9P,hilic-34,0.382152508,0.587205385,0.006576242,0.015643214,0.015308676,0.011364681,0.01974319,0.344158614,,,,,,,,,,,,,,,,,
Glucose CL,C6H13O6Cl,hilic-30,0.877596985,0.117272083,0,0,0,0.015392795,0,0.867335122,,,,,,,,,,,,,,,,,
Pyruvate,C3H4O3,hilic-31,0.135084069,0.801840008,0.039202761,0.110822246,0.048134985,,,,,,,,,,,,,,,,,,,,
6-Phosphogluconate,C6H13O10P,hilic-06,0.6147087,0.34294419,0.021402178,0.009119951,0.020463578,0.001751432,0.045698368,0.558620303,,,,,,,,,,,,,,,,,
Succinate,C4H6O4,hilic-10,0.017563465,0.959932974,0.00996119,0.030024836,8.10E-05,0,,,,,,,,,,,,,,,,,,,
Dihydroxyacetone phosphate,C3H7O6P,hilic-QC02,0.183492576,0.778076102,0.015301785,0.084690398,0.121931716,,,,,,,,,,,,,,,,,,,,
Succinate,C4H6O4,hilic-36,0,1,0,0,0,0,,,,,,,,,,,,,,,,,,,
Ribulose-5-phosphate,C5H11O8P,hilic-25,0.800636909,0.109438415,0.006342927,0.087807911,0.073285821,0.014256299,0.708868628,,,,,,,,,,,,,,,,,,
Acetyl-CoA,C23H38N7O17P3S,hilic-20,0.032935856,0.927322933,0.023564606,0,0,1.33E-04,0.002746652,0,0.002252381,0.001636816,0.002179034,0.002146987,0.001289366,0.003039975,0.00327613,0.005607282,0.001303663,0.004611417,0.001875494,0.002380669,0.001605178,0.00491619,0.001525505,0.002429391,0.004157437
Acetyl-CoA,C23H38N7O17P3S,hilic-QC07,0.036031596,0.831933304,0.018665873,0.094557735,0.005953789,0.00269282,0.010046661,0.002028092,0.002690529,0.001250709,4.81E-04,0.001188253,0,0.00469057,0.001197666,0.002223426,0.002214204,0.002865889,0.002969465,3.80E-04,0.003260803,0.004676461,8.04E-04,0.00114589,0.002083016
Pyruvate,C3H4O3,hilic-QC01,0.100716614,0.888379748,0.008190797,0.01632932,0.087100135,,,,,,,,,,,,,,,,,,,,
Glyceraldehyde-3-phosphate,C3H7O6P,hilic-QC03,0.531085451,0.428056911,0.032169948,0.058233016,0.481540124,,,,,,,,,,,,,,,,,,,,
Pyruvate,C3H4O3,hilic-10,0.098796774,0.887453717,0.011229732,0.018789063,0.082527488,,,,,,,,,,,,,,,,,,,,
Acetyl-CoA,C23H38N7O17P3S,hilic-04,0.03536207,0.835590385,0.0127968,0.111152955,0,1.40E-04,1.06E-04,0.001775275,0.001928076,7.54E-04,0.003296535,0.002619404,0.004089002,0.004879419,3.00E-04,0.00311599,0,0.001282396,0.003536123,0.003148195,0.001648905,0.001682478,0.001021601,0.001820091,0.003315563
Malate,C4H6O5,hilic-11,0.065928986,0.884687171,0.035578933,0.032514978,0.025768617,0.0214503,,,,,,,,,,,,,,,,,,,
Malate,C4H6O5,hilic-17,0.151795525,0.719933073,0.058736901,0.138535306,0.059804291,0.022990428,,,,,,,,,,,,,,,,,,,
Glucose-6-phosphate,C6H13O9P,hilic-QC08,0.320198121,0.652292756,0.00522732,0.012797607,0.019037739,0.009750132,0.011114235,0.289780212,,,,,,,,,,,,,,,,,
Sedoheptulose-7-phosphate,C7H15O10P,hilic-21,0.009157779,0.988460406,0,0,0.001170886,0.00146684,0.001791612,0.004005422,0.003104834,,,,,,,,,,,,,,,,
Glyceraldehyde-3-phosphate,C3H7O6P,hilic-27,0.568230054,0.388002102,0.029773638,0.071756256,0.510468005,,,,,,,,,,,,,,,,,,,,
Alanine,C3H7NO2,hilic-03,0.003935398,0.996064602,0,0,0.003935398,,,,,,,,,,,,,,,,,,,,
L-Glutamic acid,C5H9NO4,hilic-Blank02,0.99668406,0.003286433,3.69E-05,0,0,0,0.996676683,,,,,,,,,,,,,,,,,,
Succinate,C4H6O4,hilic-23,0.0017187,0.993125201,0.006874799,0,0,0,,,,,,,,,,,,,,,,,,,
Ribose-5-phosphate,C5H11O8P,hilic-30,0.304332197,0.61907916,0.02924461,0.035389666,0.067664189,0.024467395,0.224154979,,,,,,,,,,,,,,,,,,
Acetyl-CoA,C23H38N7O17P3S,hilic-36,0.064428837,0.700095,0.031003028,0.129695809,0,0,0.08118173,0,0.014120579,0,0.005311842,3.88E-04,0.004661711,0.004368134,0.003592234,0.002006397,0.001123088,0.002885974,0.003600698,0.001437817,0.001145023,0.004595456,0.002593907,0.004158048,0.002035454
Dihydroxyacetone phosphate,C3H7O6P,hilic-17,0.274897613,0.706832056,0.0094148,0.035981394,0.247771751,,,,,,,,,,,,,,,,,,,,
Xylulose-5-phosphate,C5H11O8P,hilic-18,0.846741866,0.086017562,0,0.067929243,0.061734029,0.008947075,0.775372091,,,,,,,,,,,,,,,,,,
Xylulose-5-phosphate,C5H11O8P,hilic-Blank02,0.251494258,0.635128108,0.014278676,0.048288899,0.116446892,0.132012981,0.053844443,,,,,,,,,,,,,,,,,,
L-Aspartic Acid,C4H7NO4,hilic-09,0.398643178,0.601086534,0,5.41E-04,0,0.398372891,,,,,,,,,,,,,,,,,,,
L-Aspartic Acid,C4H7NO4,hilic-22,0.433682354,0.55384429,0.015871996,0.001138718,0,0.429144996,,,,,,,,,,,,,,,,,,,
Pyruvate,C3H4O3,hilic-25,0.07018169,0.922557448,0.004029993,0.0137226,0.059689959,,,,,,,,,,,,,,,,,,,,
Ribulose-5-phosphate,C5H11O8P,hilic-14,0.826886823,0.087108966,0.007569939,0.078711181,0.073117107,0.017373542,0.736119265,,,,,,,,,,,,,,,,,,
L-Glutamic acid,C5H9NO4,hilic-21,0.240839586,0.634865002,0.148690591,0.008904899,0,0,0.207539508,,,,,,,,,,,,,,,,,,
Acetyl-CoA,C23H38N7O17P3S,hilic-06,0.040707764,0.847010368,0.019037768,0.077494434,0.003980244,8.68E-04,0.004888272,0,0.001297463,0.002475502,0.005187267,0.00179399,0.002819557,0.00127349,0.003215166,0.005330611,0.001401392,0.001136024,0.001824931,0.003073248,0.00238231,0.00414753,0,0.002920407,0.006441709
L-Glutamine,C5H10N2O3,hilic-03,0.02230104,0.893017891,0.102476848,0.004499317,0,0,5.94E-06,,,,,,,,,,,,,,,,,,
Succinate,C4H6O4,hilic-Blank01,3.57E-05,0.999964297,0,0,0,3.57E-05,,,,,,,,,,,,,,,,,,,
L-Glutamine,C5H10N2O3,hilic-27,0.02572878,0.875042056,0.121276964,0.003679323,0,0,1.66E-06,,,,,,,,,,,,,,,,,,
Phosphoenolpyruvate,C3H5O6P,hilic-26,0.703623129,0.156177501,0,0.42059811,0.423224389,,,,,,,,,,,,,,,,,,,,
Dihydroxyacetone phosphate,C3H7O6P,hilic-27,0.143489154,0.814700398,0.018670271,0.088090803,0.078538528,,,,,,,,,,,,,,,,,,,,
Dihydroxyacetone phosphate,C3H7O6P,hilic-13,0.212132814,0.733759785,0.026302411,0.109717383,0.130220421,,,,,,,,,,,,,,,,,,,,
6-Phosphogluconate,C6H13O10P,hilic-27,0.655679338,0.311938377,0.012239401,0.006778139,0.014420906,0.010637603,0.041446228,0.602539347,,,,,,,,,,,,,,,,,
Ribose-5-phosphate,C5H11O8P,hilic-36,0.511511146,0.370536626,0.053736643,0.047699083,0.094692072,0.042333171,0.391002404,,,,,,,,,,,,,,,,,,
Alanine,C3H7NO2,hilic-24,0.004500009,0.995499991,0,0,0.004500009,,,,,,,,,,,,,,,,,,,,
6-Phosphogluconate,C6H13O10P,hilic-24,0.598838889,0.372377473,0.015906157,2.20E-04,0.013566111,0.005517695,0.040557746,0.551854925,,,,,,,,,,,,,,,,,
(iso)Citrate,C6H8O7,hilic-QC04,0.043670311,0.861628121,0.030320407,0.097570951,0.006985812,0.001913318,0.0015395,4.19E-05,,,,,,,,,,,,,,,,,
Malate,C4H6O5,hilic-16,0.149721602,0.730116282,0.05473882,0.121777888,0.072876228,0.020490782,,,,,,,,,,,,,,,,,,,
Succinate,C4H6O4,hilic-07,0.006063135,0.984008034,0.007731392,0.008260575,0,0,,,,,,,,,,,,,,,,,,,
Xylulose-5-phosphate,C5H11O8P,hilic-Blank03,0.258124444,0.625215493,0.032708847,0.031769548,0.115686473,0.125783335,0.068836305,,,,,,,,,,,,,,,,,,
Ribulose-5-phosphate,C5H11O8P,hilic-Blank01,0.237996384,0.668591957,0.002608714,0.026815591,0.113081588,0.150013493,0.038888657,,,,,,,,,,,,,,,,,,
6-Phosphogluconate,C6H13O10P,hilic-QC09,0.550464875,0.416387452,0.021062651,0.004586762,0.009894523,0.002328453,0.040885261,0.504854898,,,,,,,,,,,,,,,,,
Glucose-6-phosphate,C6H13O9P,hilic-QC01,0.30048101,0.681616123,0,0.010070679,0.014028853,0.005029511,0.014988903,0.274265931,,,,,,,,,,,,,,,,,
Malate,C4H6O5,hilic-29,0.037423726,0.915335747,0.05655364,0.00800639,0.003288409,0.016815815,,,,,,,,,,,,,,,,,,,
Xylulose-5-phosphate,C5H11O8P,hilic-29,0.815030839,0.112158026,0,0.074243888,0.06460597,0.012112067,0.736880048,,,,,,,,,,,,,,,,,,
Xylulose-5-phosphate,C5H11O8P,hilic-20,0.012600733,0.984698575,0,0,0.00654027,4.23E-04,0.008338238,,,,,,,,,,,,,,,,,,
3-Phosphoglycerate,C3H7O7P,hilic-07,0.726827964,0.261233173,0.010055591,0.01570541,0.713005827,,,,,,,,,,,,,,,,,,,,
Alanine,C3H7NO2,hilic-Blank02,0.630687812,0.337196026,0.040786685,0.014775116,0.607242173,,,,,,,,,,,,,,,,,,,,
L-Glutamic acid,C5H9NO4,hilic-Blank01,0.996057962,0.003922486,2.44E-05,0,0,0,0.996053073,,,,,,,,,,,,,,,,,,
Fructose-6-phosphate,C6H13O9P,hilic-Blank02,0.254939255,0.57394822,0.042190804,0.087388394,0.062055195,0.122040072,0.035921823,0.076455492,,,,,,,,,,,,,,,,,
Pyruvate,C3H4O3,hilic-02,0.016553043,0.979753703,0.001506589,0.008066586,0.010673122,,,,,,,,,,,,,,,,,,,,
Glucose-6-phosphate,C6H13O9P,hilic-07,0.38160482,0.589774435,0.003643205,0.016111175,0.0171733,0.009735806,0.018072231,0.345489848,,,,,,,,,,,,,,,,,
Sedoheptulose-7-phosphate,C7H15O10P,hilic-24,0.636398233,0.230796532,0.008487368,0.051826518,0.027429466,0.071474036,0.123234466,0.04897095,0.437780665,,,,,,,,,,,,,,,,
Acetyl-CoA,C23H38N7O17P3S,hilic-21,0.016499414,0.973898735,0,0,0,0,0.001394898,0,0.002136675,5.89E-04,8.87E-04,0.002669831,0,0.005125338,4.77E-04,0.001277283,0,8.34E-04,8.57E-04,0.002708476,0,7.35E-04,7.21E-04,0.004764655,9.24E-04
Glyceraldehyde-3-phosphate,C3H7O6P,hilic-06,0.541028469,0.393586683,0.043928396,0.108297752,0.454187169,,,,,,,,,,,,,,,,,,,,
Malate,C4H6O5,hilic-03,0.033503597,0.941971274,0.031697483,0.001504033,0,0.02482721,,,,,,,,,,,,,,,,,,,
Ribose-5-phosphate,C5H11O8P,hilic-33,0.372800829,0.545112241,0.031585196,0.036975949,0.066432541,0.04030094,0.279593134,,,,,,,,,,,,,,,,,,
Fructose-6-phosphate,C6H13O9P,hilic-06,0.188690075,0.770958741,0.006580957,0.024911046,0.02085158,0.016099251,0.014804893,0.145793531,,,,,,,,,,,,,,,,,
Phosphoenolpyruvate,C3H5O6P,hilic-32,0.705717976,0.264196062,0,0.090257885,0.645546053,,,,,,,,,,,,,,,,,,,,
6-Phosphogluconate,C6H13O10P,hilic-33,0.688658379,0.276032722,0.015386585,0.006095943,0.014424275,0.010105255,0.047053361,0.630901859,,,,,,,,,,,,,,,,,
Succinate,C4H6O4,hilic-12,0.016193901,0.962996099,0.009322308,0.027591483,9.01E-05,0,,,,,,,,,,,,,,,,,,,
L-Glutamine,C5H10N2O3,hilic-36,0.023040477,0.889587565,0.10562818,0.004782357,0,0,1.90E-06,,,,,,,,,,,,,,,,,,
Ribulose-5-phosphate,C5H11O8P,hilic-36,0.833827393,0.083594747,0.006685033,0.075666809,0.072290033,0.014568675,0.747194703,,,,,,,,,,,,,,,,,,
Ribulose-5-phosphate,C5H11O8P,hilic-Blank02,0.264405122,0.598472395,0.021796324,0.066917735,0.128365844,0.140942225,0.043505477,,,,,,,,,,,,,,,,,,
Succinate,C4H6O4,hilic-05,0.001483176,0.994067297,0.005932703,0,0,0,,,,,,,,,,,,,,,,,,,
Succinate,C4H6O4,hilic-09,0.005606941,0.983771289,0.010029658,0.006199053,0,0,,,,,,,,,,,,,,,,,,,
Glucose-6-phosphate,C6H13O9P,hilic-22,0.315485591,0.660825115,0.003704723,0.011034622,0.016436529,0.006866421,0.016431232,0.284701359,,,,,,,,,,,,,,,,,
Alanine,C3H7NO2,hilic-19,0.010800317,0.989181935,0,5.32E-05,0.010764822,,,,,,,,,,,,,,,,,,,,
Acetyl-CoA,C23H38N7O17P3S,hilic-23,0.028068709,0.90584722,0,0.056028855,0.002146263,0,0.002545636,0.001290426,0,0.002798225,0.00132376,0.001268084,0.005524524,0.001213314,0,0.001003841,0.004389284,0,0,0.00197336,0.003579607,0,0.001948794,0.003780209,0.003338598
L-Glutamine,C5H10N2O3,hilic-29,0.024914881,0.879158808,0.117107981,0.003733211,0,0,0,,,,,,,,,,,,,,,,,,
Fructose-6-phosphate,C6H13O9P,hilic-16,0.751715977,0.213875871,0.004758251,0.026681862,0.013436541,0.012493089,0.010634409,0.718119977,,,,,,,,,,,,,,,,,
Glyceraldehyde-3-phosphate,C3H7O6P,hilic-33,0.656284623,0.304820736,0.027430139,0.061823644,0.605925481,,,,,,,,,,,,,,,,,,,,
Pyruvate,C3H4O3,hilic-18,0.282331658,0.692686074,0.021994499,0.030957805,0.254361621,,,,,,,,,,,,,,,,,,,,
6-Phosphogluconate,C6H13O10P,hilic-21,0.107527731,0.872242678,0.012683633,0.00188458,0.009428174,0.003043183,0.016050179,0.084667574,,,,,,,,,,,,,,,,,
Xylulose-5-phosphate,C5H11O8P,hilic-03,0.009324494,0.988851519,0,0,0.00426003,6.00E-04,0.006288577,,,,,,,,,,,,,,,,,,
Xylulose-5-phosphate,C5H11O8P,hilic-Blank01,0.215195713,0.684976339,0.001189879,0.073837405,0.088437186,0.095993635,0.055565556,,,,,,,,,,,,,,,,,,
Acetyl-CoA,C23H38N7O17P3S,hilic-18,0.060110824,0.594488785,0.008191251,0.29714963,0.007945849,0,0.053064146,0.001882611,0.013968605,0,0.001797971,0.001228851,5.43E-04,0.002432922,9.75E-04,0.001960122,0.00146059,0.001340499,9.45E-04,4.67E-04,0.002733192,0.003043293,2.91E-04,0.002752572,0.001338017
Ribose-5-phosphate,C5H11O8P,hilic-09,0.261658688,0.668391058,0.026256342,0.021111075,0.073796033,0.033800609,0.176644883,,,,,,,,,,,,,,,,,,
L-Glutamic acid,C5H9NO4,hilic-33,0.274934465,0.643171219,0.091102927,0.015019957,0,0,0.250705897,,,,,,,,,,,,,,,,,,
L-Aspartic Acid,C4H7NO4,hilic-05,0.409519365,0.590480635,0,0,0,0.409519365,,,,,,,,,,,,,,,,,,,
Pyruvate,C3H4O3,hilic-QC03,0.105163952,0.882291582,0.00988922,0.017854957,0.08996424,,,,,,,,,,,,,,,,,,,,
Xylulose-5-phosphate,C5H11O8P,hilic-QC10,0.664051968,0.2645907,0.006602285,0.063779644,0.062404104,0.01423038,0.588392887,,,,,,,,,,,,,,,,,,
Malate,C4H6O5,hilic-Blank01,0.18775313,0.800891666,0.010610905,0.006445041,6.98E-04,0.181354367,,,,,,,,,,,,,,,,,,,
Phosphoenolpyruvate,C3H5O6P,hilic-QC01,0.592407283,0.391268618,0.005297105,0.038378086,0.565056191,,,,,,,,,,,,,,,,,,,,
Ribose-5-phosphate,C5H11O8P,hilic-QC02,0.297769778,0.626009785,0.024236339,0.042944939,0.066155101,0.02301181,0.217642026,,,,,,,,,,,,,,,,,,
Sedoheptulose-7-phosphate,C7H15O10P,hilic-QC09,0.622171526,0.251534886,0.008766699,0.047896752,0.027714738,0.066626553,0.11601535,0.049201851,0.432243171,,,,,,,,,,,,,,,,
Glucose CL,C6H13O6Cl,hilic-Blank03,0.08658897,0.892381731,0,0,0,0.059983933,0.006207928,0.041426408,,,,,,,,,,,,,,,,,
Glucose CL,C6H13O6Cl,hilic-04,0.869110153,0.127621855,0,0,0,0.009803974,0,0.86257417,,,,,,,,,,,,,,,,,
Ribose-5-phosphate,C5H11O8P,hilic-QC08,0.287711099,0.623081926,0.035022694,0.039743134,0.079723899,0.027266899,0.195161449,,,,,,,,,,,,,,,,,,
3-Phosphoglycerate,C3H7O7P,hilic-22,0.793503425,0.200407914,0.006090168,0.006085649,0.787416269,,,,,,,,,,,,,,,,,,,,
Glucose CL,C6H13O6Cl,hilic-21,0.006113697,0.990975113,0,0,0,0.008601252,2.65E-04,1.59E-04,,,,,,,,,,,,,,,,,
Pyruvate,C3H4O3,hilic-09,0.074591178,0.915208833,0.008002606,0.014594754,0.062193806,,,,,,,,,,,,,,,,,,,,
Acetyl-CoA,C23H38N7O17P3S,hilic-22,0.023182435,0.924615908,0,0.045141441,0,0.00198014,0,0.001057089,9.82E-04,0.001978976,0.001576392,0.001155977,1.31E-04,0.001615072,6.17E-04,0.003407408,9.96E-04,0.002371513,6.34E-04,0.003025164,7.09E-04,0.002967581,0.001219594,7.30E-04,0.003088304
Acetyl-CoA,C23H38N7O17P3S,hilic-QC03,0.032812376,0.818034577,0.020757946,0.115813694,0.001677635,0,0.014961187,0.003068809,7.19E-04,8.14E-04,0.00157451,0.001003375,0.001001902,0.001596111,0.001238552,0.003166203,9.44E-04,0.002451084,0.00252692,0,0.002671245,0.00138548,9.43E-04,8.74E-04,0.002776796
Acetyl-CoA,C23H38N7O17P3S,hilic-01,0.025562126,0.959706711,0,0,0,0.001330046,0.001091737,0.002253939,0,0.001811353,0.001141396,0.003122741,0.001448825,0.002645648,0.003403673,0.002405589,1.49E-04,0.003435984,0.002922098,0.00271134,9.95E-04,8.32E-04,1.84E-05,0.006809879,0.00176481
6-Phosphogluconate,C6H13O10P,hilic-35,0.615101408,0.342465232,0.024751734,0.003800873,0.019949557,0,0.05578933,0.553243275,,,,,,,,,,,,,,,,,
Pyruvate,C3H4O3,hilic-32,0.153509269,0.827798919,0.016931829,0.022211778,0.133057473,,,,,,,,,,,,,,,,,,,,
Sedoheptulose-7-phosphate,C7H15O10P,hilic-11,0.654600821,0.216194348,0.0059639,0.048827738,0.02956399,0.07326902,0.116091283,0.054266137,0.455823583,,,,,,,,,,,,,,,,
Glucose-6-phosphate,C6H13O9P,hilic-33,0.396318028,0.578447324,0.006058241,0.009090089,0.015938607,0.009836828,0.017266854,0.363362058,,,,,,,,,,,,,,,,,
Phosphoenolpyruvate,C3H5O6P,hilic-34,0.758026596,0.173548312,0,0.205275277,0.621176412,,,,,,,,,,,,,,,,,,,,
Phosphoenolpyruvate,C3H5O6P,hilic-10,0.757896971,0.216824775,0,0.075834762,0.707340462,,,,,,,,,,,,,,,,,,,,
Fructose-6-phosphate,C6H13O9P,hilic-QC02,0.412041612,0.558989776,0.00224115,0.021860576,0.010096285,0.015495331,0.013884098,0.377432784,,,,,,,,,,,,,,,,,
Malate,C4H6O5,hilic-23,0.034375575,0.935464361,0.038177941,0.003053218,0,0.023304481,,,,,,,,,,,,,,,,,,,
L-Glutamine,C5H10N2O3,hilic-QC01,0.024039527,0.887271881,0.10527018,0.007454081,0,0,3.86E-06,,,,,,,,,,,,,,,,,,
Glyceraldehyde-3-phosphate,C3H7O6P,hilic-04,0.526431551,0.409709723,0.043140905,0.105294365,0.441855006,,,,,,,,,,,,,,,,,,,,
L-Glutamic acid,C5H9NO4,hilic-35,0.215904081,0.666388783,0.128141362,0.02532341,0,0,0.180146444,,,,,,,,,,,,,,,,,,
L-Aspartic Acid,C4H7NO4,hilic-29,0.282872195,0.681789416,0.044286756,0.004246643,0,0.269677185,,,,,,,,,,,,,,,,,,,
6-Phosphogluconate,C6H13O10P,hilic-30,0.607040069,0.361865774,0.008266464,0.006438706,0.01514637,0.018074008,0.03789067,0.552318008,,,,,,,,,,,,,,,,,
Fructose-6-phosphate,C6H13O9P,hilic-Blank01,0.234337395,0.604433564,0.033778006,0.0849642,0.052614042,0.132237022,0.036311253,0.055661914,,,,,,,,,,,,,,,,,
Acetyl-CoA,C23H38N7O17P3S,hilic-19,0.023930623,0.964481205,0,0,0,0,0.002728306,0.001347641,0.001244659,0,0,0.001890958,0.002347503,0.002590141,6.57E-04,0.002201865,7.95E-04,0,0.002853312,0.004267657,0.003536322,0.002035623,0,0.001894084,0.005128759
Ribulose-5-phosphate,C5H11O8P,hilic-02,0.0145666,0.981745385,0,0,0.006856513,0.004727048,0.006671054,,,,,,,,,,,,,,,,,,
Alanine,C3H7NO2,hilic-Blank03,0.622091077,0.348605442,0.043955221,0,0.607439336,,,,,,,,,,,,,,,,,,,,
Glucose-6-phosphate,C6H13O9P,hilic-02,0.024906492,0.961641194,0,0.008937515,0.007724556,0.008494891,0.004800374,0.008401469,,,,,,,,,,,,,,,,,
Glyceraldehyde-3-phosphate,C3H7O6P,hilic-QC08,0.537784391,0.417482161,0.027776687,0.078646969,0.476094183,,,,,,,,,,,,,,,,,,,,
Glucose-6-phosphate,C6H13O9P,hilic-24,0.310875556,0.657321392,0.003005602,0.016399013,0.023197073,0.011571669,0.017459696,0.271045555,,,,,,,,,,,,,,,,,
Xylulose-5-phosphate,C5H11O8P,hilic-QC09,0.667862563,0.260857994,0.008218959,0.064811544,0.056854379,0.015377991,0.593879133,,,,,,,,,,,,,,,,,,
Ribulose-5-phosphate,C5H11O8P,hilic-18,0.857503638,0.069843707,0.004190487,0.070237984,0.063674436,0.008438506,0.78361488,,,,,,,,,,,,,,,,,,
Sedoheptulose-7-phosphate,C7H15O10P,hilic-29,0.669893105,0.200200197,0.004769795,0.0501653,0.027267997,0.07305788,0.125167473,0.05132105,0.468050309,,,,,,,,,,,,,,,,
Sedoheptulose-7-phosphate,C7H15O10P,hilic-10,0.675260381,0.199309236,0.004256706,0.04203792,0.029676869,0.073511099,0.123130858,0.056780358,0.471296954,,,,,,,,,,,,,,,,
Fructose-6-phosphate,C6H13O9P,hilic-36,0.740800685,0.219174212,0.005545438,0.026160553,0.020826962,0.012895875,0.019508581,0.695888379,,,,,,,,,,,,,,,,,
Alanine,C3H7NO2,hilic-QC04,0.001073724,0.998926276,0,0,0.001073724,,,,,,,,,,,,,,,,,,,,
(iso)Citrate,C6H8O7,hilic-29,0.02581486,0.920606716,0.013568969,0.060389563,0.002485471,0.001747951,0.001115132,8.62E-05,,,,,,,,,,,,,,,,,
6-Phosphogluconate,C6H13O10P,hilic-26,0.600545127,0.334134501,0.037912506,0.011501654,0.03129587,0,0.062465473,0.522689995,,,,,,,,,,,,,,,,,
Pyruvate,C3H4O3,hilic-36,0.269719016,0.702465143,0.023757844,0.035931835,0.237845178,,,,,,,,,,,,,,,,,,,,
Alanine,C3H7NO2,hilic-01,0.002954896,0.997045104,0,0,0.002954896,,,,,,,,,,,,,,,,,,,,
L-Aspartic Acid,C4H7NO4,hilic-24,0.323250223,0.661606396,0.019855097,5.04E-04,0,0.318034391,,,,,,,,,,,,,,,,,,,
L-Aspartic Acid,C4H7NO4,hilic-25,0.294005114,0.678475838,0.035092035,0.002400042,0,0.284032085,,,,,,,,,,,,,,,,,,,
3-Phosphoglycerate,C3H7O7P,hilic-25,0.749662097,0.243800177,0.006998086,0.005617007,0.74358473,,,,,,,,,,,,,,,,,,,,
L-Aspartic Acid,C4H7NO4,hilic-28,0.30684595,0.658633665,0.041744925,0.006423382,0,0.293198028,,,,,,,,,,,,,,,,,,,
Ribose-5-phosphate,C5H11O8P,hilic-12,0.289176125,0.640029121,0.025417766,0.032737974,0.065769336,0.022550109,0.213495693,,,,,,,,,,,,,,,,,,
L-Aspartic Acid,C4H7NO4,hilic-32,0.261143964,0.693587182,0.05490424,0.00589617,0.004570358,0.24104205,,,,,,,,,,,,,,,,,,,
Glyceraldehyde-3-phosphate,C3H7O6P,hilic-15,0.661238801,0.288462205,0.038036676,0.07482363,0.598677489,,,,,,,,,,,,,,,,,,,,
Fructose-6-phosphate,C6H13O9P,hilic-25,0.309936214,0.651758287,0.005849683,0.026244923,0.017203014,0.014440965,0.015113921,0.269389208,,,,,,,,,,,,,,,,,
3-Phosphoglycerate,C3H7O7P,hilic-13,0.75473303,0.233517918,0.010322973,0.01460121,0.741557899,,,,,,,,,,,,,,,,,,,,
3-Phosphoglycerate,C3H7O7P,hilic-33,0.790886274,0.200781783,0.008369275,0.008257277,0.782591664,,,,,,,,,,,,,,,,,,,,
L-Aspartic Acid,C4H7NO4,hilic-Blank03,0.995261719,0.004651438,0,1.74E-04,0,0.995174875,,,,,,,,,,,,,,,,,,,
Sedoheptulose-7-phosphate,C7H15O10P,hilic-05,0.641677257,0.217961932,0.010025338,0.051572596,0.032903338,0.0726304,0.132114041,0.050778034,0.432014321,,,,,,,,,,,,,,,,
Alanine,C3H7NO2,hilic-05,0.006127577,0.993872423,0,0,0.006127577,,,,,,,,,,,,,,,,,,,,
Malate,C4H6O5,hilic-08,0.047805691,0.917388515,0.03256604,0.012709736,0.016105585,0.021230125,,,,,,,,,,,,,,,,,,,
Alanine,C3H7NO2,hilic-14,0.005733362,0.994266638,0,0,0.005733362,,,,,,,,,,,,,,,,,,,,
Dihydroxyacetone phosphate,C3H7O6P,hilic-22,0.107191423,0.861248726,0.013860718,0.066958117,0.057932439,,,,,,,,,,,,,,,,,,,,
Malate,C4H6O5,hilic-QC08,0.048337481,0.905334938,0.042656219,0.021706819,0.013928029,0.016373995,,,,,,,,,,,,,,,,,,,
3-Phosphoglycerate,C3H7O7P,hilic-QC04,0.651962696,0.34365028,0.00464099,0.003879093,0.647829637,,,,,,,,,,,,,,,,,,,,
L-Glutamine,C5H10N2O3,hilic-QC09,0.022357255,0.891818625,0.104589269,0.003587841,0,0,4.26E-06,,,,,,,,,,,,,,,,,,
Malate,C4H6O5,hilic-32,0.041046549,0.902220956,0.066743252,0.01017836,0.006343504,0.014513927,,,,,,,,,,,,,,,,,,,
Succinate,C4H6O4,hilic-33,0,1,0,0,0,0,,,,,,,,,,,,,,,,,,,
Pyruvate,C3H4O3,hilic-QC09,0.104552124,0.884889021,0.008324999,0.015026568,0.091759413,,,,,,,,,,,,,,,,,,,,
Glucose CL,C6H13O6Cl,hilic-08,0.880002612,0.116715398,0,0,0,0.00984597,0,0.873438632,,,,,,,,,,,,,,,,,
L-Glutamine,C5H10N2O3,hilic-33,0.019140753,0.90860675,0.087082735,0.004310516,0,0,0,,,,,,,,,,,,,,,,,,
6-Phosphogluconate,C6H13O10P,hilic-QC05,0.584229173,0.388628005,0.01057632,0.002842488,0.010884589,0.014629995,0.036691631,0.535746973,,,,,,,,,,,,,,,,,
Glucose CL,C6H13O6Cl,hilic-QC07,0.674528573,0.321544348,0,0,0,0.011781239,0,0.666674414,,,,,,,,,,,,,,,,,
L-Glutamic acid,C5H9NO4,hilic-15,0.262917229,0.535217942,0.115841318,0.178608548,0.005066616,0,0.165265576,,,,,,,,,,,,,,,,,,
Acetyl-CoA,C23H38N7O17P3S,hilic-34,0.057032803,0.741111662,0.003185986,0.116356403,0.016968017,0.001184336,0.07507842,0.006419282,0.007729475,0,0.002224431,0,3.18E-04,0.002682064,0,0.001460528,0.002653292,0.001710121,0.00372494,0.001905803,0.007425756,0.001743238,0.001381783,0.002648844,0.002087535
Acetyl-CoA,C23H38N7O17P3S,hilic-07,0.036153452,0.809870662,0.004422612,0.149347936,0,0,0.001695624,0.002443081,0.001026739,0.001323009,8.26E-04,0.004721569,6.02E-04,0.001741757,0,0,0.00134762,0.002724401,0.006870396,0.004167489,0,8.55E-04,0.001655215,0.002397523,0.001960777
Malate,C4H6O5,hilic-06,0.039318871,0.948181796,0.014013142,6.05E-04,0.006747771,0.030452223,,,,,,,,,,,,,,,,,,,
L-Glutamine,C5H10N2O3,hilic-24,0.014970386,0.926940218,0.071268982,0.00179035,0,0,4.49E-07,,,,,,,,,,,,,,,,,,
Fructose-6-phosphate,C6H13O9P,hilic-09,0.269560998,0.70112695,0.003214138,0.016872197,0.014854629,0.017438671,0.012871605,0.23362181,,,,,,,,,,,,,,,,,
Ribose-5-phosphate,C5H11O8P,hilic-27,0.282069728,0.648110253,0.031621159,0.0311823,0.054612227,0.019844105,0.214629956,,,,,,,,,,,,,,,,,,
(iso)Citrate,C6H8O7,hilic-05,0.037602084,0.877342657,0.023510585,0.09647256,0.002107094,0,5.67E-04,0,,,,,,,,,,,,,,,,,
Acetyl-CoA,C23H38N7O17P3S,hilic-33,0.040693249,0.86302535,0.026592454,0.030381027,0.011709207,0,0.022537142,0.004332771,0,0,0.003998081,7.91E-04,0.00383995,0.001262999,0.003175081,0.004389407,0.001984841,0.002569372,0.002693834,0.001229121,0.002073467,0.003560005,0.002331487,6.33E-04,0.006890611
Ribose-5-phosphate,C5H11O8P,hilic-18,0.523570028,0.377895147,0.034784613,0.054912281,0.074491141,0.039816548,0.41810027,,,,,,,,,,,,,,,,,,
Succinate,C4H6O4,hilic-QC07,0.008943822,0.981856003,0.001305351,0.016046002,7.93E-04,0,,,,,,,,,,,,,,,,,,,
Malate,C4H6O5,hilic-15,0.085114549,0.846753733,0.038743105,0.059016868,0.038263819,0.017222475,,,,,,,,,,,,,,,,,,,
Sedoheptulose-7-phosphate,C7H15O10P,hilic-07,0.693355389,0.155426201,0.010636778,0.055966446,0.034473089,0.084119885,0.136775486,0.051072986,0.471529129,,,,,,,,,,,,,,,,
6-Phosphogluconate,C6H13O10P,hilic-25,0.648070767,0.328949573,0.009513296,0.005035615,0.007253285,0.009328604,0.02975195,0.610167676,,,,,,,,,,,,,,,,,
L-Glutamine,C5H10N2O3,hilic-QC02,0.023288481,0.891347279,0.100882238,0.007764082,0,0,6.40E-06,,,,,,,,,,,,,,,,,,
6-Phosphogluconate,C6H13O10P,hilic-QC06,0.580725506,0.395240883,0.009020329,9.32E-04,0.013403121,0.008195908,0.038771184,0.53443666,,,,,,,,,,,,,,,,,
Acetyl-CoA,C23H38N7O17P3S,hilic-QC10,0.038759254,0.823687724,0,0.119740216,0,0,0.017382789,0,0.004514879,0.001116488,0.0043155,0,0.001624599,0.002915447,0.00242021,0.002166129,0.003251982,7.17E-04,0.006768972,5.73E-04,0.002173915,0.001431774,0.001061408,0.001987209,0.002149885
Glucose-6-phosphate,C6H13O9P,hilic-10,0.389924673,0.582851368,0.003831367,0.012768588,0.018873591,0.00857857,0.019334652,0.353761864,,,,,,,,,,,,,,,,,
3-Phosphoglycerate,C3H7O7P,hilic-Blank01,0.647529763,0.148073235,0.064153169,0.484884666,0.30288893,,,,,,,,,,,,,,,,,,,,
L-Aspartic Acid,C4H7NO4,hilic-23,0.341871039,0.648108727,0.012879407,7.21E-04,0,0.338290507,,,,,,,,,,,,,,,,,,,
Xylulose-5-phosphate,C5H11O8P,hilic-16,0.837321926,0.096223409,0,0.066425489,0.060531468,0.01193392,0.764885713,,,,,,,,,,,,,,,,,,
Glyceraldehyde-3-phosphate,C3H7O6P,hilic-QC09,0.535469078,0.415726678,0.033704165,0.079004403,0.471564754,,,,,,,,,,,,,,,,,,,,
Fructose-6-phosphate,C6H13O9P,hilic-14,0.598217309,0.357960547,0.009643247,0.020247536,0.028372652,0.015159105,0.018290323,0.55032659,,,,,,,,,,,,,,,,,
Sedoheptulose-7-phosphate,C7H15O10P,hilic-22,0.684756094,0.181454252,0.006291167,0.057750827,0.025488649,0.066658413,0.134957623,0.038181365,0.489217704,,,,,,,,,,,,,,,,
L-Glutamic acid,C5H9NO4,hilic-QC09,0.258978008,0.585115091,0.137821718,0.075787473,4.43E-04,0,0.200833112,,,,,,,,,,,,,,,,,,
Fructose-6-phosphate,C6H13O9P,hilic-15,0.599002393,0.360988424,0.007192944,0.012261528,0.033472872,0.018334212,0.017957223,0.549792796,,,,,,,,,,,,,,,,,
Glucose-6-phosphate,C6H13O9P,hilic-29,0.32689542,0.648513107,0.003374096,0.013016888,0.016052216,0.005070408,0.020313343,0.293659942,,,,,,,,,,,,,,,,,
Glucose-6-phosphate,C6H13O9P,hilic-18,0.453996428,0.527341041,0.001020944,0.009423029,0.014027189,0.006914445,0.013267885,0.428005466,,,,,,,,,,,,,,,,,
3-Phosphoglycerate,C3H7O7P,hilic-18,0.811768753,0.181385739,0.007870128,0.004796269,0.805947864,,,,,,,,,,,,,,,,,,,,
L-Glutamic acid,C5H9NO4,hilic-23,0.274785767,0.611319335,0.134322383,0.010728319,0,0,0.243629963,,,,,,,,,,,,,,,,,,
6-Phosphogluconate,C6H13O10P,hilic-12,0.675673631,0.293935562,0.009924169,0.00521214,0.017780794,0.00983119,0.038870673,0.624445472,,,,,,,,,,,,,,,,,
Glucose CL,C6H13O6Cl,hilic-QC09,0.696675973,0.300316057,0,0,0,0.00902391,0,0.690660033,,,,,,,,,,,,,,,,,
Glucose CL,C6H13O6Cl,hilic-32,0.880784479,0.114217777,0,0,0,0.014993232,0,0.870788992,,,,,,,,,,,,,,,,,
Glyceraldehyde-3-phosphate,C3H7O6P,hilic-18,0.767632173,0.198699937,0.026092011,0.048819647,0.726388405,,,,,,,,,,,,,,,,,,,,
3-Phosphoglycerate,C3H7O7P,hilic-QC09,0.605558837,0.387138713,0.005133373,0.011640605,0.596087309,,,,,,,,,,,,,,,,,,,,
Succinate,C4H6O4,hilic-20,9.96E-04,0.996014318,0.003985682,0,0,0,,,,,,,,,,,,,,,,,,,
Phosphoenolpyruvate,C3H5O6P,hilic-31,0.638839105,0.09860012,0,0.787682324,0.113717556,,,,,,,,,,,,,,,,,,,,
L-Aspartic Acid,C4H7NO4,hilic-13,0.453106057,0.533175687,0,0.021459639,0.011953748,0.433410927,,,,,,,,,,,,,,,,,,,
Ribose-5-phosphate,C5H11O8P,hilic-01,0.087269029,0.851809419,0.037004302,0.002148352,0.069946517,0.010252464,0.028838947,,,,,,,,,,,,,,,,,,
Phosphoenolpyruvate,C3H5O6P,hilic-24,0.705599608,0.230089299,0,0.192933281,0.57697742,,,,,,,,,,,,,,,,,,,,
L-Aspartic Acid,C4H7NO4,hilic-26,0.220440215,0.770048546,0.012681652,0,0,0.217269802,,,,,,,,,,,,,,,,,,,
Ribulose-5-phosphate,C5H11O8P,hilic-QC03,0.697353527,0.227967479,0.004642473,0.070578516,0.064678872,0.013731789,0.618400872,,,,,,,,,,,,,,,,,,
Glucose CL,C6H13O6Cl,hilic-35,0.87679694,0.120460672,0,0,0,0.008227166,0,0.871312162,,,,,,,,,,,,,,,,,
Malate,C4H6O5,hilic-QC03,0.055442328,0.889816824,0.050974452,0.025495743,0.015048549,0.018664432,,,,,,,,,,,,,,,,,,,
Fructose-6-phosphate,C6H13O9P,hilic-08,0.274344476,0.690796502,0.006190147,0.017577025,0.019783751,0.016004964,0.016534118,0.233113493,,,,,,,,,,,,,,,,,
L-Glutamic acid,C5H9NO4,hilic-QC01,0.262415615,0.607177804,0.10587532,0.075888531,4.33E-04,0,0.210625329,,,,,,,,,,,,,,,,,,
Alanine,C3H7NO2,hilic-26,0.004065488,0.995930231,0,1.28E-05,0.004056925,,,,,,,,,,,,,,,,,,,,
L-Aspartic Acid,C4H7NO4,hilic-QC07,0.327729923,0.656254303,0.018276239,0.004374855,4.85E-04,0.320609933,,,,,,,,,,,,,,,,,,,
L-Glutamic acid,C5H9NO4,hilic-19,0.270134775,0.617912604,0.134279205,0.00754876,0,0,0.24025943,,,,,,,,,,,,,,,,,,
Phosphoenolpyruvate,C3H5O6P,hilic-33,0.746849854,0.228756081,0,0.073182194,0.698061725,,,,,,,,,,,,,,,,,,,,
Ribose-5-phosphate,C5H11O8P,hilic-31,0.330846017,0.537287991,0.009483683,0.088506598,0.13889173,0.078091977,0.147738021,,,,,,,,,,,,,,,,,,
Dihydroxyacetone phosphate,C3H7O6P,hilic-05,0.144079029,0.793197469,0.035348849,0.117472809,0.053980873,,,,,,,,,,,,,,,,,,,,
Ribulose-5-phosphate,C5H11O8P,hilic-QC02,0.692906481,0.231266819,0.005453853,0.071219132,0.064242818,0.015175054,0.612642323,,,,,,,,,,,,,,,,,,
L-Glutamic acid,C5H9NO4,hilic-16,0.288536699,0.412687102,0.135788919,0.298198076,0.020334476,0.015462144,0.117529284,,,,,,,,,,,,,,,,,,
Malate,C4H6O5,hilic-36,0.045195835,0.891248771,0.067872858,0.018676985,0.01324903,0.008952355,,,,,,,,,,,,,,,,,,,
Malate,C4H6O5,hilic-25,0.038086844,0.919302168,0.052012865,0.006856794,6.92E-04,0.021136405,,,,,,,,,,,,,,,,,,,
Succinate,C4H6O4,hilic-31,0.006940399,0.98877264,0,0.006146284,0.004855276,2.26E-04,,,,,,,,,,,,,,,,,,,
Glucose CL,C6H13O6Cl,hilic-28,0.862663295,0.134063691,0,0,0,0.009819044,0,0.856117266,,,,,,,,,,,,,,,,,
Sedoheptulose-7-phosphate,C7H15O10P,hilic-QC07,0.60539746,0.271479057,0.004263505,0.047837619,0.028842026,0.069233258,0.113035577,0.047956225,0.417352732,,,,,,,,,,,,,,,,
(iso)Citrate,C6H8O7,hilic-09,0.041879923,0.865165464,0.02540133,0.104162703,0.004406951,0,8.49E-04,1.42E-05,,,,,,,,,,,,,,,,,
Glucose CL,C6H13O6Cl,hilic-31,0.310642084,0.675016236,0,0,0,0.039529062,0.006991958,0.278462745,,,,,,,,,,,,,,,,,
Glucose CL,C6H13O6Cl,hilic-13,0.876693623,0.119825809,0,0,0,0.010441705,0,0.869732486,,,,,,,,,,,,,,,,,
Dihydroxyacetone phosphate,C3H7O6P,hilic-36,0.311081008,0.651843935,0.017652873,0.075919426,0.254583766,,,,,,,,,,,,,,,,,,,,
Xylulose-5-phosphate,C5H11O8P,hilic-17,0.839665416,0.091687796,0,0.070631297,0.060355364,0.010629319,0.766696223,,,,,,,,,,,,,,,,,,
Xylulose-5-phosphate,C5H11O8P,hilic-32,0.804798959,0.117912422,0,0.079225001,0.06798046,0.012807168,0.722074948,,,,,,,,,,,,,,,,,,
Malate,C4H6O5,hilic-34,0.043498339,0.899072003,0.062769231,0.014282946,0.012845046,0.011030774,,,,,,,,,,,,,,,,,,,
(iso)Citrate,C6H8O7,hilic-20,0.011872116,0.966514773,0,0.030969957,0.001316644,6.50E-04,5.48E-04,0,,,,,,,,,,,,,,,,,
Glucose CL,C6H13O6Cl,hilic-36,0.883420438,0.112974132,0,0,0,0.010816292,0,0.876209576,,,,,,,,,,,,,,,,,
6-Phosphogluconate,C6H13O10P,hilic-36,0.68040122,0.286907174,0.015891516,0.002414688,0.020197509,0.001093793,0.044253191,0.629242129,,,,,,,,,,,,,,,,,
Alanine,C3H7NO2,hilic-QC10,0.006221164,0.993769271,0,2.87E-05,0.006202033,,,,,,,,,,,,,,,,,,,,
Dihydroxyacetone phosphate,C3H7O6P,hilic-Blank03,0.376704362,0.422443246,0.085907324,0.430742527,0.060906904,,,,,,,,,,,,,,,,,,,,
Glucose CL,C6H13O6Cl,hilic-11,0.874564092,0.122212496,0,0,0,0.009670236,0,0.868117268,,,,,,,,,,,,,,,,,
Sedoheptulose-7-phosphate,C7H15O10P,hilic-QC05,0.584637627,0.296511058,0.005532486,0.046663604,0.025262522,0.067380544,0.109663889,0.042926762,0.406059134,,,,,,,,,,,,,,,,
(iso)Citrate,C6H8O7,hilic-11,0.059718566,0.816777167,0.028887411,0.139106886,0.011626307,0.001701866,0.001878348,2.20E-05,,,,,,,,,,,,,,,,,
Ribose-5-phosphate,C5H11O8P,hilic-20,0.099934731,0.826955181,0.037782725,0.008951698,0.0880552,0.011454046,0.02680115,,,,,,,,,,,,,,,,,,
3-Phosphoglycerate,C3H7O7P,hilic-03,0.079445713,0.920464608,0,2.69E-04,0.079266353,,,,,,,,,,,,,,,,,,,,
Pyruvate,C3H4O3,hilic-33,0.148677962,0.833900662,0.015082666,0.022098795,0.128917877,,,,,,,,,,,,,,,,,,,,
Fructose-6-phosphate,C6H13O9P,hilic-02,0.040659892,0.938382068,0.001347538,0.00991577,0.013437262,0.015095266,0.008845154,0.012976944,,,,,,,,,,,,,,,,,
Malate,C4H6O5,hilic-Blank03,0.198538507,0.786398987,0.015487903,0.006805454,1.75E-04,0.191132251,,,,,,,,,,,,,,,,,,,
Acetyl-CoA,C23H38N7O17P3S,hilic-27,0.027598161,0.921457561,0,0.039613037,0,0,0.001312713,0.004498604,0,0.001245374,0.002204266,7.64E-04,0.004216334,0.00402022,8.34E-04,0.001162512,9.94E-04,0.003572182,0.001235193,0,0.002773153,0.002430025,0.002571116,0.002749044,0.002346286
Pyruvate,C3H4O3,hilic-QC07,0.098502585,0.892712217,0.005671249,0.015013098,0.086603437,,,,,,,,,,,,,,,,,,,,
Fructose-6-phosphate,C6H13O9P,hilic-19,0.032269753,0.953666701,0,0.009215084,0.007125413,0.009733133,0.006678437,0.013581232,,,,,,,,,,,,,,,,,
Phosphoenolpyruvate,C3H5O6P,hilic-14,0.73470405,0.195016026,0,0.21083977,0.594144204,,,,,,,,,,,,,,,,,,,,
(iso)Citrate,C6H8O7,hilic-QC08,0.038170699,0.8795617,0.022705242,0.09081809,0.004345329,0.001246588,0.001277873,4.52E-05,,,,,,,,,,,,,,,,,
Ribose-5-phosphate,C5H11O8P,hilic-24,0.273125593,0.637820239,0.038943845,0.035015291,0.071493306,0.041462972,0.175264347,,,,,,,,,,,,,,,,,,
Glucose CL,C6H13O6Cl,hilic-10,0.869242576,0.12682221,0,0,0,0.011805641,0,0.861372149,,,,,,,,,,,,,,,,,
Alanine,C3H7NO2,hilic-07,0.006077543,0.993922457,0,0,0.006077543,,,,,,,,,,,,,,,,,,,,
Succinate,C4H6O4,hilic-26,0,1,0,0,0,0,,,,,,,,,,,,,,,,,,,
Ribose-5-phosphate,C5H11O8P,hilic-Blank02,0.297621833,0.535241952,0.018679593,0.074085318,0.201460346,0.135786057,0.034746733,,,,,,,,,,,,,,,,,,
(iso)Citrate,C6H8O7,hilic-Blank01,0.094896504,0.835377721,0,0.053066003,0.012664063,0.070503543,0.027091367,0.001297303,,,,,,,,,,,,,,,,,
3-Phosphoglycerate,C3H7O7P,hilic-10,0.787436056,0.204050042,0.008841786,0.007858135,0.779250037,,,,,,,,,,,,,,,,,,,,
Xylulose-5-phosphate,C5H11O8P,hilic-25,0.783054257,0.136996147,0,0.08141912,0.070694039,0.01410254,0.696788154,,,,,,,,,,,,,,,,,,
3-Phosphoglycerate,C3H7O7P,hilic-QC01,0.656244359,0.338890479,0.005046942,0.004501601,0.651560978,,,,,,,,,,,,,,,,,,,,
Xylulose-5-phosphate,C5H11O8P,hilic-10,0.812702652,0.108186376,1.11E-04,0.079412993,0.069312343,0.01824802,0.724729475,,,,,,,,,,,,,,,,,,
3-Phosphoglycerate,C3H7O7P,hilic-28,0.726554833,0.263670319,0.009652956,0.010018632,0.716658092,,,,,,,,,,,,,,,,,,,,
L-Aspartic Acid,C4H7NO4,hilic-16,0.560012691,0.42327794,8.79E-04,0.029063241,0.006074379,0.540705569,,,,,,,,,,,,,,,,,,,
Malate,C4H6O5,hilic-19,0.03520118,0.928184091,0.046120719,0.00404838,0,0.02164681,,,,,,,,,,,,,,,,,,,
Sedoheptulose-7-phosphate,C7H15O10P,hilic-14,0.718218701,0.14358633,0.005536942,0.050753723,0.030616865,0.07877619,0.132219455,0.057139581,0.501370915,,,,,,,,,,,,,,,,
Xylulose-5-phosphate,C5H11O8P,hilic-06,0.760307884,0.146612683,0.006261553,0.085274319,0.080605167,0.023317662,0.657928616,,,,,,,,,,,,,,,,,,
6-Phosphogluconate,C6H13O10P,hilic-20,0.12605562,0.84643254,0.022637926,0,0.008925028,1.57E-05,0.025074875,0.096913905,,,,,,,,,,,,,,,,,
L-Aspartic Acid,C4H7NO4,hilic-Blank01,0.994928572,0.004914789,2.32E-05,2.78E-04,0,0.994783537,,,,,,,,,,,,,,,,,,,
Succinate,C4H6O4,hilic-16,0.095991652,0.785408192,0.056461386,0.146886043,0.011244379,0,,,,,,,,,,,,,,,,,,,
Acetyl-CoA,C23H38N7O17P3S,hilic-31,0.530121344,0.026968503,0.02635752,0.040508346,0.048926949,0.074682611,0.014880366,0.063381132,0.043933719,0.025494056,0.031158792,0.015292368,0.041148716,0.034940931,0.066564247,0.018439388,0.022836751,0.044507898,0.043959542,0.049015041,0.065436734,0.048818289,0.062222043,0.04772475,0.04280131
L-Aspartic Acid,C4H7NO4,hilic-Blank02,0.995421933,0.00438298,2.71E-05,3.50E-04,0,0.995240398,,,,,,,,,,,,,,,,,,,
Acetyl-CoA,C23H38N7O17P3S,hilic-28,0.03499655,0.89717771,0,0.054745988,0,7.71E-04,0.00782666,1.57E-05,0.001539957,0.001427789,0.001644694,0.002334658,0.001828136,0.001248572,0.002228469,0.004096091,0,7.43E-04,0.004754734,7.43E-04,0.002226352,0.0034361,0.001695135,2.28E-04,0.009287633
Alanine,C3H7NO2,hilic-13,0.005686562,0.994313438,0,0,0.005686562,,,,,,,,,,,,,,,,,,,,
Dihydroxyacetone phosphate,C3H7O6P,hilic-QC03,0.172557046,0.790382812,0.014252303,0.082675819,0.112689066,,,,,,,,,,,,,,,,,,,,
Ribose-5-phosphate,C5H11O8P,hilic-15,0.330362365,0.571169873,0.039900456,0.039136999,0.085018998,0.045287996,0.219485679,,,,,,,,,,,,,,,,,,
Xylulose-5-phosphate,C5H11O8P,hilic-24,0.783815631,0.139161755,0.002687576,0.071127921,0.071936176,0.01710665,0.697979923,,,,,,,,,,,,,,,,,,
Glucose CL,C6H13O6Cl,hilic-05,0.868531424,0.128398822,0,0,0,0.009209262,0,0.862391915,,,,,,,,,,,,,,,,,
Ribose-5-phosphate,C5H11O8P,hilic-Blank01,0.271862282,0.561643106,0.057431719,0.048890892,0.149321194,0.157431119,0.02528197,,,,,,,,,,,,,,,,,,
L-Glutamine,C5H10N2O3,hilic-QC10,0.020252631,0.904991366,0.088775275,0.006226306,0,0,7.05E-06,,,,,,,,,,,,,,,,,,
Malate,C4H6O5,hilic-33,0.041238882,0.900346045,0.06842263,0.010669276,0.007053846,0.013508202,,,,,,,,,,,,,,,,,,,
3-Phosphoglycerate,C3H7O7P,hilic-24,0.744126739,0.247788258,0.007828851,0.008597308,0.735785583,,,,,,,,,,,,,,,,,,,,
Sedoheptulose-7-phosphate,C7H15O10P,hilic-08,0.635223106,0.23038278,0.003859491,0.053655427,0.028657098,0.078501115,0.127515622,0.044161739,0.433266729,,,,,,,,,,,,,,,,
Pyruvate,C3H4O3,hilic-QC05,0.109894743,0.876810118,0.011642992,0.016599431,0.094947459,,,,,,,,,,,,,,,,,,,,
Ribose-5-phosphate,C5H11O8P,hilic-19,0.070535193,0.879991716,0.022675444,8.46E-04,0.072856794,0.008411931,0.015218061,,,,,,,,,,,,,,,,,,
Glyceraldehyde-3-phosphate,C3H7O6P,hilic-34,0.713353022,0.240343182,0.027815247,0.083280896,0.648560675,,,,,,,,,,,,,,,,,,,,
L-Glutamic acid,C5H9NO4,hilic-25,0.259058874,0.663782421,0.085655086,0.014391061,0,0,0.236171432,,,,,,,,,,,,,,,,,,
Alanine,C3H7NO2,hilic-36,0.00112492,0.99887508,0,0,0.00112492,,,,,,,,,,,,,,,,,,,,
Alanine,C3H7NO2,hilic-QC01,8.72E-04,0.99912789,0,0,8.72E-04,,,,,,,,,,,,,,,,,,,,
Fructose-6-phosphate,C6H13O9P,hilic-20,0.037712675,0.93794707,0.004433769,0.012087512,0.013333246,0.014531806,0.006459293,0.011207304,,,,,,,,,,,,,,,,,
Glucose-6-phosphate,C6H13O9P,hilic-21,0.01099627,0.985135276,0,4.51E-04,0.003489056,0.004476682,0.001987095,0.004461117,,,,,,,,,,,,,,,,,
Dihydroxyacetone phosphate,C3H7O6P,hilic-14,0.199078212,0.755349448,0.019807706,0.097101607,0.127741239,,,,,,,,,,,,,,,,,,,,
Malate,C4H6O5,hilic-QC05,0.053576094,0.893188874,0.050288116,0.024326435,0.013422912,0.018773663,,,,,,,,,,,,,,,,,,,
Dihydroxyacetone phosphate,C3H7O6P,hilic-25,0.139981893,0.823957412,0.014434664,0.079312758,0.082295167,,,,,,,,,,,,,,,,,,,,
Succinate,C4H6O4,hilic-QC02,0.013835419,0.966427403,0.012416862,0.020542391,6.13E-04,0,,,,,,,,,,,,,,,,,,,
Ribulose-5-phosphate,C5H11O8P,hilic-QC01,0.694358366,0.233372179,0.004149465,0.069803693,0.061089365,0.013159602,0.618425695,,,,,,,,,,,,,,,,,,
3-Phosphoglycerate,C3H7O7P,hilic-01,0.049308572,0.950691428,0,0,0.049308572,,,,,,,,,,,,,,,,,,,,
Xylulose-5-phosphate,C5H11O8P,hilic-12,0.795134613,0.123394455,0,0.084146665,0.067221421,0.020471822,0.704765637,,,,,,,,,,,,,,,,,,
Alanine,C3H7NO2,hilic-11,0.004910878,0.995089122,0,0,0.004910878,,,,,,,,,,,,,,,,,,,,
Glyceraldehyde-3-phosphate,C3H7O6P,hilic-Blank01,0.265417285,0.566051796,0.108166297,0.289260162,0.036521745,,,,,,,,,,,,,,,,,,,,
Glucose CL,C6H13O6Cl,hilic-26,0.880137032,0.117283505,0,0,0,0.007738389,0,0.874978106,,,,,,,,,,,,,,,,,
L-Glutamine,C5H10N2O3,hilic-09,0.021807885,0.894173229,0.102622157,0.003201934,0,0,2.68E-06,,,,,,,,,,,,,,,,,,
Pyruvate,C3H4O3,hilic-12,0.107060164,0.876969424,0.012863277,0.022184682,0.087982617,,,,,,,,,,,,,,,,,,,,
L-Glutamine,C5H10N2O3,hilic-01,0.031387735,0.848158164,0.146744998,0.005096837,0,0,0,,,,,,,,,,,,,,,,,,
Glucose CL,C6H13O6Cl,hilic-12,0.875426224,0.121289843,0,0,0,0.009851798,0,0.868858359,,,,,,,,,,,,,,,,,
Alanine,C3H7NO2,hilic-22,0.007588566,0.992398817,0,3.79E-05,0.007563332,,,,,,,,,,,,,,,,,,,,
Glucose CL,C6H13O6Cl,hilic-16,0.865644285,0.131096383,0,0,0,0.009777996,0,0.859125621,,,,,,,,,,,,,,,,,
Malate,C4H6O5,hilic-10,0.068669869,0.877855876,0.038678929,0.035071315,0.027717606,0.020676275,,,,,,,,,,,,,,,,,,,
Acetyl-CoA,C23H38N7O17P3S,hilic-Blank01,0.525584599,0.110648183,0.018501166,0.020396675,0.048509774,0.030067216,0.021329521,0.053159445,0.022113825,0.03398563,0.024476532,0.012109477,0.032997213,0.060140585,0.061581333,0.028684725,0.044583218,0.017671606,0.0527945,0.024098918,0.055586558,0.04477743,0.020983658,0.090712099,0.070090712
Glyceraldehyde-3-phosphate,C3H7O6P,hilic-Blank02,0.275472726,0.556184192,0.103594908,0.297839429,0.042381471,,,,,,,,,,,,,,,,,,,,
Glyceraldehyde-3-phosphate,C3H7O6P,hilic-13,0.626877225,0.314962462,0.040799019,0.092882902,0.551355617,,,,,,,,,,,,,,,,,,,,
Xylulose-5-phosphate,C5H11O8P,hilic-19,0.005516794,0.993816406,0,0,0.001438478,4.57E-04,0.004288073,,,,,,,,,,,,,,,,,,
(iso)Citrate,C6H8O7,hilic-25,0.010924315,0.954927659,0.025086466,0.019823565,0,0,1.62E-04,7.43E-07,,,,,,,,,,,,,,,,,
Fructose-6-phosphate,C6H13O9P,hilic-QC04,0.400737661,0.562843752,0.00277566,0.031285512,0.011110987,0.01637056,0.013417098,0.362196432,,,,,,,,,,,,,,,,,
Malate,C4H6O5,hilic-04,0.035362973,0.947244392,0.019938587,0.00111333,0.007528121,0.02417557,,,,,,,,,,,,,,,,,,,
Ribose-5-phosphate,C5H11O8P,hilic-16,0.507877218,0.384172554,0.036967118,0.063182888,0.082574344,0.037185313,0.395917783,,,,,,,,,,,,,,,,,,
Xylulose-5-phosphate,C5H11O8P,hilic-26,0.748356144,0.155898018,0.010926596,0.079552497,0.083884154,0.028597007,0.641141727,,,,,,,,,,,,,,,,,,
L-Aspartic Acid,C4H7NO4,hilic-08,0.376323762,0.621743585,0,0.00166803,0.004394552,0.372193833,,,,,,,,,,,,,,,,,,,
Fructose-6-phosphate,C6H13O9P,hilic-QC08,0.420105751,0.549652162,0.002593775,0.019222673,0.015871835,0.014632183,0.014713089,0.383314284,,,,,,,,,,,,,,,,,
L-Aspartic Acid,C4H7NO4,hilic-QC05,0.314384684,0.662429497,0.025324048,0.006578284,0.003614562,0.302053609,,,,,,,,,,,,,,,,,,,
Ribose-5-phosphate,C5H11O8P,hilic-13,0.349006422,0.556085729,0.032838998,0.047590581,0.088255242,0.023901029,0.251328422,,,,,,,,,,,,,,,,,,
Glyceraldehyde-3-phosphate,C3H7O6P,hilic-11,0.594371399,0.350809848,0.043907741,0.076640778,0.528641634,,,,,,,,,,,,,,,,,,,,
Phosphoenolpyruvate,C3H5O6P,hilic-02,0.019566526,0.973583898,0,0.020548729,0.005867373,,,,,,,,,,,,,,,,,,,,
(iso)Citrate,C6H8O7,hilic-24,0.013479577,0.952724238,0.015214507,0.031457971,0,2.69E-04,3.34E-04,0,,,,,,,,,,,,,,,,,
Glyceraldehyde-3-phosphate,C3H7O6P,hilic-32,0.652613284,0.305470703,0.027319312,0.071109413,0.596100572,,,,,,,,,,,,,,,,,,,,
Glucose-6-phosphate,C6H13O9P,hilic-QC06,0.309063554,0.672590028,0,0.008570047,0.013772106,0.008517817,0.017446362,0.279103639,,,,,,,,,,,,,,,,,
3-Phosphoglycerate,C3H7O7P,hilic-QC07,0.679734134,0.311220533,0.008912577,0.009310843,0.670556046,,,,,,,,,,,,,,,,,,,,
Xylulose-5-phosphate,C5H11O8P,hilic-QC04,0.672829545,0.259706073,0,0.067791714,0.059696817,0.014553137,0.598252259,,,,,,,,,,,,,,,,,,
Glyceraldehyde-3-phosphate,C3H7O6P,hilic-20,0.064140208,0.892281568,0.029389046,0.07195658,0.006372806,,,,,,,,,,,,,,,,,,,,
Fructose-6-phosphate,C6H13O9P,hilic-QC09,0.415518665,0.55330303,0.002446294,0.021923073,0.012880995,0.016282386,0.015938315,0.377225908,,,,,,,,,,,,,,,,,
Ribose-5-phosphate,C5H11O8P,hilic-QC04,0.293123085,0.631415111,0.033008029,0.031708912,0.066370525,0.017409122,0.220088301,,,,,,,,,,,,,,,,,,
L-Glutamic acid,C5H9NO4,hilic-27,0.25528521,0.646153638,0.11488325,0.01109092,0,0,0.227872192,,,,,,,,,,,,,,,,,,
Sedoheptulose-7-phosphate,C7H15O10P,hilic-32,0.63023862,0.252729561,0.004485259,0.043354234,0.026159258,0.064638267,0.115088267,0.046811646,0.446733508,,,,,,,,,,,,,,,,
L-Aspartic Acid,C4H7NO4,hilic-06,0.493353896,0.506646104,0,0,0,0.493353896,,,,,,,,,,,,,,,,,,,
Succinate,C4H6O4,hilic-18,0.08169021,0.819893206,0.044373172,0.124813199,0.010920423,0,,,,,,,,,,,,,,,,,,,
Fructose-6-phosphate,C6H13O9P,hilic-QC05,0.418662967,0.549517506,0.005183155,0.022942299,0.011171766,0.012769871,0.014177152,0.384238251,,,,,,,,,,,,,,,,,
Acetyl-CoA,C23H38N7O17P3S,hilic-09,0.036442043,0.815876867,0.012682303,0.133533884,0,0,0,0,0.002768842,0.002611152,0.003060193,9.45E-04,0.00277764,0.002033489,0.002240582,0.002957164,0.001982429,0.001354725,0.001130789,0.003850047,0.002478048,9.42E-04,0.002211002,0.001585477,0.002978049
Glyceraldehyde-3-phosphate,C3H7O6P,hilic-24,0.540939142,0.398147898,0.041473587,0.099791708,0.460586808,,,,,,,,,,,,,,,,,,,,
Fructose-6-phosphate,C6H13O9P,hilic-18,0.745198184,0.222241805,0.004572412,0.020602173,0.013353367,0.017792906,0.014443404,0.706993933,,,,,,,,,,,,,,,,,
Phosphoenolpyruvate,C3H5O6P,hilic-29,0.69391663,0.278187006,0,0.083689092,0.638123901,,,,,,,,,,,,,,,,,,,,
Ribose-5-phosphate,C5H11O8P,hilic-32,0.350920128,0.55939919,0.034879593,0.036659864,0.080971583,0.036962283,0.251127488,,,,,,,,,,,,,,,,,,
(iso)Citrate,C6H8O7,hilic-26,0.023006356,0.937781585,0,0.054047627,0.004259731,0.002391597,0.00151946,0,,,,,,,,,,,,,,,,,
Malate,C4H6O5,hilic-13,0.090938999,0.836361387,0.038796198,0.069135019,0.036139825,0.019567571,,,,,,,,,,,,,,,,,,,
L-Glutamic acid,C5H9NO4,hilic-24,0.270842255,0.656059663,0.08367545,0.010262871,0,0,0.250002016,,,,,,,,,,,,,,,,,,
Xylulose-5-phosphate,C5H11O8P,hilic-11,0.790257681,0.123984295,4.59E-04,0.088786092,0.069959182,0.020676635,0.696134585,,,,,,,,,,,,,,,,,,
Acetyl-CoA,C23H38N7O17P3S,hilic-QC02,0.031447368,0.837621396,0.003828794,0.116708269,0,0,0.014690638,0,0.001300212,5.17E-04,0.00159403,0.003745992,2.16E-04,0.001534841,0.001014864,0.001570838,0.002135608,7.79E-04,0.00287341,0.003231187,9.48E-04,0.00124917,0.001530728,0.002013014,8.97E-04
Pyruvate,C3H4O3,hilic-19,0.011067827,0.987188648,0,0.005230574,0.007580777,,,,,,,,,,,,,,,,,,,,
Fructose-6-phosphate,C6H13O9P,hilic-Blank03,0.257307697,0.563761991,0.034415711,0.106172193,0.060841255,0.126695656,0.040899465,0.067213728,,,,,,,,,,,,,,,,,
L-Glutamine,C5H10N2O3,hilic-QC03,0.021882449,0.897727648,0.095157884,0.007105993,0,0,8.48E-06,,,,,,,,,,,,,,,,,,
Ribose-5-phosphate,C5H11O8P,hilic-02,0.092879733,0.847510688,0.029972886,0.00682984,0.070859602,0.015947628,0.028879356,,,,,,,,,,,,,,,,,,
L-Glutamine,C5H10N2O3,hilic-19,0.021197238,0.896920881,0.100175095,0.00290301,0,0,1.01E-06,,,,,,,,,,,,,,,,,,
Xylulose-5-phosphate,C5H11O8P,hilic-35,0.801091808,0.11621438,0.007008172,0.074856995,0.071293248,0.01827889,0.712348315,,,,,,,,,,,,,,,,,,
Succinate,C4H6O4,hilic-28,3.05E-04,0.998779345,0.001220655,0,0,0,,,,,,,,,,,,,,,,,,,
Acetyl-CoA,C23H38N7O17P3S,hilic-35,0.055317611,0.745486522,0.018915782,0.115842822,0,0.011897425,0.061394156,0,0.007822274,0.001920818,0.003278544,0.004913168,0.001726743,0.001428389,0,0.00193162,0.003046835,0.00393142,0.001694457,0,0.002334982,0.002628045,0.001522283,0.001625392,0.006658324
6-Phosphogluconate,C6H13O10P,hilic-QC07,0.573849409,0.397881587,0.016292917,0.002110947,0.012432817,0,0.042407195,0.528874536,,,,,,,,,,,,,,,,,
3-Phosphoglycerate,C3H7O7P,hilic-16,0.769501118,0.220614353,0.009628046,0.010397495,0.759360106,,,,,,,,,,,,,,,,,,,,
Alanine,C3H7NO2,hilic-15,0.007479494,0.992443803,0,2.30E-04,0.00732609,,,,,,,,,,,,,,,,,,,,
Fructose-6-phosphate,C6H13O9P,hilic-05,0.176191251,0.793166818,0.003029986,0.022900128,0.010802384,0.01611171,0.012470578,0.141518397,,,,,,,,,,,,,,,,,
Xylulose-5-phosphate,C5H11O8P,hilic-QC05,0.670113418,0.261527166,0,0.068712298,0.059972335,0.015715516,0.594072684,,,,,,,,,,,,,,,,,,
(iso)Citrate,C6H8O7,hilic-35,0.012240307,0.964837568,0,0.033473363,7.24E-04,5.04E-04,4.60E-04,1.27E-06,,,,,,,,,,,,,,,,,
Fructose-6-phosphate,C6H13O9P,hilic-21,0.032108212,0.950600399,0,0.010256167,0.012045882,0.010725902,0.005134218,0.011237433,,,,,,,,,,,,,,,,,
Acetyl-CoA,C23H38N7O17P3S,hilic-32,0.044747772,0.837722664,0.028812463,0.042322455,0.018577714,0.001557299,0.025559324,0.002129604,0.004253974,0,0.001430138,0.001523657,0.001213545,0,0.002550577,0.005203667,0.001766616,0.002672606,0.001550482,0,0.009998204,5.59E-04,8.80E-04,0.002750606,0.00696494
3-Phosphoglycerate,C3H7O7P,hilic-30,0.738301068,0.253958115,0.007594893,0.008032664,0.730414328,,,,,,,,,,,,,,,,,,,,
6-Phosphogluconate,C6H13O10P,hilic-05,0.584956751,0.368415811,0.022431973,0.013007264,0.020189952,0.003982254,0.047041338,0.524931407,,,,,,,,,,,,,,,,,
(iso)Citrate,C6H8O7,hilic-18,0.124872801,0.651695356,0.034622585,0.261387332,0.02665687,0.016651309,0.008655573,3.31E-04,,,,,,,,,,,,,,,,,
Dihydroxyacetone phosphate,C3H7O6P,hilic-QC01,0.179560689,0.784996671,0.014372186,0.077583547,0.123047596,,,,,,,,,,,,,,,,,,,,
6-Phosphogluconate,C6H13O10P,hilic-QC10,0.546374674,0.408230836,0.033216328,0.003237833,0.015188248,0,0.047769228,0.492357528,,,,,,,,,,,,,,,,,
6-Phosphogluconate,C6H13O10P,hilic-02,0.047221655,0.948770644,0,0,0.00490056,0.001361944,0.006620642,0.03834621,,,,,,,,,,,,,,,,,
Sedoheptulose-7-phosphate,C7H15O10P,hilic-34,0.699338631,0.168966749,0.003759242,0.048542221,0.03200894,0.07749593,0.121226224,0.053619786,0.494380908,,,,,,,,,,,,,,,,
3-Phosphoglycerate,C3H7O7P,hilic-32,0.76353674,0.22715345,0.009179053,0.009571324,0.754096173,,,,,,,,,,,,,,,,,,,,
Malate,C4H6O5,hilic-21,0.037697386,0.921720247,0.051263715,0.004269161,0,0.022746877,,,,,,,,,,,,,,,,,,,
Ribose-5-phosphate,C5H11O8P,hilic-07,0.237896695,0.681477842,0.02991253,0.036000788,0.076775227,0.021924381,0.153909233,,,,,,,,,,,,,,,,,,
Acetyl-CoA,C23H38N7O17P3S,hilic-QC08,0.037373218,0.823882431,0,0.125821161,0,0,0.017771397,0.001996453,3.27E-04,0,0,0,0.002163513,0.001632535,0.003001551,0.002707739,0.002114515,0.002060878,0.005987755,5.59E-04,0.001335321,0.003892032,0.00121825,0.001994219,0.001534432
Ribulose-5-phosphate,C5H11O8P,hilic-33,0.830976568,0.083048214,0.005354883,0.082873547,0.07310146,0.013632992,0.741988903,,,,,,,,,,,,,,,,,,
L-Glutamic acid,C5H9NO4,hilic-07,0.232501889,0.624703983,0.131564674,0.062570648,0,0,0.181160695,,,,,,,,,,,,,,,,,,
(iso)Citrate,C6H8O7,hilic-17,0.122986805,0.662562642,0.025870413,0.257678125,0.028234018,0.01661178,0.008713142,3.30E-04,,,,,,,,,,,,,,,,,
Glyceraldehyde-3-phosphate,C3H7O6P,hilic-30,0.607173912,0.348998323,0.032025908,0.067431477,0.551544291,,,,,,,,,,,,,,,,,,,,
Xylulose-5-phosphate,C5H11O8P,hilic-31,0.350866688,0.483898559,0.049344746,0.098259136,0.129538149,0.074941077,0.164018334,,,,,,,,,,,,,,,,,,
Dihydroxyacetone phosphate,C3H7O6P,hilic-08,0.16238888,0.790937931,0.019172432,0.101674701,0.088214935,,,,,,,,,,,,,,,,,,,,
3-Phosphoglycerate,C3H7O7P,hilic-34,0.764655386,0.224560566,0.01049733,0.011357487,0.753584618,,,,,,,,,,,,,,,,,,,,
Fructose-6-phosphate,C6H13O9P,hilic-35,0.752881717,0.209747757,0.005750735,0.021631191,0.020253566,0.016237871,0.015708274,0.710670606,,,,,,,,,,,,,,,,,
L-Glutamine,C5H10N2O3,hilic-Blank03,0.123953906,0.711667786,0.00737749,0.256809498,0.006074221,0.009804645,0.00826636,,,,,,,,,,,,,,,,,,
Phosphoenolpyruvate,C3H5O6P,hilic-15,0.786238008,0.182177907,0,0.094752252,0.72306984,,,,,,,,,,,,,,,,,,,,
Ribose-5-phosphate,C5H11O8P,hilic-26,0.291442336,0.616123189,0.033574747,0.032561184,0.095856934,0.038475965,0.18340798,,,,,,,,,,,,,,,,,,
Malate,C4H6O5,hilic-28,0.033668063,0.924222427,0.049789397,0.007940351,0.003189145,0.014858679,,,,,,,,,,,,,,,,,,,
Glucose-6-phosphate,C6H13O9P,hilic-25,0.379009841,0.599910868,0.002458621,0.01000489,0.013364848,0.009166442,0.01573565,0.34935868,,,,,,,,,,,,,,,,,
6-Phosphogluconate,C6H13O10P,hilic-01,0.045036249,0.952063137,0,0,0.003543446,0,0.006773342,0.037620075,,,,,,,,,,,,,,,,,
Phosphoenolpyruvate,C3H5O6P,hilic-11,0.736065651,0.234864107,0,0.087210727,0.677925166,,,,,,,,,,,,,,,,,,,,
Phosphoenolpyruvate,C3H5O6P,hilic-QC09,0.638819476,0.337667134,0,0.07054017,0.591792697,,,,,,,,,,,,,,,,,,,,
(iso)Citrate,C6H8O7,hilic-QC01,0.050298201,0.837644664,0.039993005,0.110953781,0.007570054,0.002067591,0.001717309,5.36E-05,,,,,,,,,,,,,,,,,
Malate,C4H6O5,hilic-QC04,0.055263104,0.889570219,0.052024256,0.025447644,0.013698651,0.01925923,,,,,,,,,,,,,,,,,,,
3-Phosphoglycerate,C3H7O7P,hilic-04,0.751650988,0.240123288,0.008085488,0.008506194,0.74328503,,,,,,,,,,,,,,,,,,,,
Sedoheptulose-7-phosphate,C7H15O10P,hilic-25,0.60165304,0.276455689,0.002927414,0.051565448,0.025864273,0.06990866,0.111835127,0.040993851,0.420449538,,,,,,,,,,,,,,,,
Succinate,C4H6O4,hilic-QC08,0.012338551,0.970218151,0.010794488,0.018402367,5.85E-04,0,,,,,,,,,,,,,,,,,,,
Glyceraldehyde-3-phosphate,C3H7O6P,hilic-25,0.602924496,0.358760138,0.026618935,0.061708227,0.552912699,,,,,,,,,,,,,,,,,,,,
Alanine,C3H7NO2,hilic-31,0.184715424,0.789114857,0.028151418,0.022206322,0.160527403,,,,,,,,,,,,,,,,,,,,
Ribulose-5-phosphate,C5H11O8P,hilic-Blank03,0.295945326,0.548068679,0.042391983,0.064427976,0.138499488,0.14007914,0.066532735,,,,,,,,,,,,,,,,,,
L-Aspartic Acid,C4H7NO4,hilic-17,0.566663255,0.404564939,0.006213959,0.040020288,0.01640477,0.532796044,,,,,,,,,,,,,,,,,,,
Glucose CL,C6H13O6Cl,hilic-QC06,0.707386715,0.289129898,0,0,0,0.010450162,0,0.70041994,,,,,,,,,,,,,,,,,
Glyceraldehyde-3-phosphate,C3H7O6P,hilic-09,0.565779847,0.384575102,0.036378849,0.076177455,0.502868594,,,,,,,,,,,,,,,,,,,,
Glucose-6-phosphate,C6H13O9P,hilic-04,0.299656093,0.664975795,0.006449515,0.018684601,0.022540513,0.010002567,0.017596019,0.25975099,,,,,,,,,,,,,,,,,
Ribose-5-phosphate,C5H11O8P,hilic-29,0.293039735,0.631293437,0.031806888,0.032523706,0.066751008,0.020033457,0.217591505,,,,,,,,,,,,,,,,,,
Xylulose-5-phosphate,C5H11O8P,hilic-33,0.812557669,0.10926463,0,0.079538506,0.068152974,0.015967044,0.727076847,,,,,,,,,,,,,,,,,,
Sedoheptulose-7-phosphate,C7H15O10P,hilic-QC08,0.617342786,0.253885926,0.009590703,0.049125805,0.03006585,0.067546627,0.112858963,0.049604569,0.427321557,,,,,,,,,,,,,,,,
Sedoheptulose-7-phosphate,C7H15O10P,hilic-31,0.550616802,0.151526273,0.05310187,0.152852269,0.067727931,0.090173121,0.11102683,0.238641167,0.134950539,,,,,,,,,,,,,,,,
Fructose-6-phosphate,C6H13O9P,hilic-03,0.027949175,0.950976942,0.002367553,0.013593987,0.011464637,0.009681514,0.006472643,0.005442725,,,,,,,,,,,,,,,,,
Succinate,C4H6O4,hilic-17,0.080759925,0.82446062,0.037681637,0.128215166,0.009642576,0,,,,,,,,,,,,,,,,,,,
L-Glutamic acid,C5H9NO4,hilic-32,0.280853184,0.645402879,0.081877992,0.013735906,0,0,0.258983223,,,,,,,,,,,,,,,,,,
L-Glutamic acid,C5H9NO4,hilic-02,0.224945484,0.667694098,0.127403118,0.009063206,0,0,0.195839578,,,,,,,,,,,,,,,,,,
Glucose-6-phosphate,C6H13O9P,hilic-13,0.435743794,0.529882332,0.008108592,0.016417817,0.019496949,0.011881216,0.017775735,0.396437359,,,,,,,,,,,,,,,,,
Alanine,C3H7NO2,hilic-09,0.006837601,0.993162399,0,0,0.006837601,,,,,,,,,,,,,,,,,,,,
Phosphoenolpyruvate,C3H5O6P,hilic-QC04,0.604277163,0.37924168,0.003399489,0.042644493,0.574714338,,,,,,,,,,,,,,,,,,,,
Acetyl-CoA,C23H38N7O17P3S,hilic-QC05,0.038186002,0.800682969,0.017906668,0.128307431,0.004805006,0,0.012039905,0,0.005141169,7.66E-04,2.72E-04,0.002882096,0.002695733,0.002304104,0.0022882,0.00213462,0.00205998,5.37E-04,0.003307103,0.001397014,0.002449701,0.002715371,6.55E-04,0.003654895,9.98E-04
Pyruvate,C3H4O3,hilic-08,0.071050623,0.918574949,0.008342137,0.014439008,0.058643906,,,,,,,,,,,,,,,,,,,,
L-Glutamine,C5H10N2O3,hilic-23,0.017436899,0.914467227,0.083889861,0.001639976,0,0,2.94E-06,,,,,,,,,,,,,,,,,,
L-Aspartic Acid,C4H7NO4,hilic-QC02,0.319693266,0.658610452,0.023447871,0.006661151,0.003119213,0.308161313,,,,,,,,,,,,,,,,,,,
Xylulose-5-phosphate,C5H11O8P,hilic-QC02,0.673549047,0.259968717,0,0.066513086,0.058660432,0.015551057,0.599306707,,,,,,,,,,,,,,,,,,
L-Glutamic acid,C5H9NO4,hilic-26,0.200900322,0.74814178,0.058200676,0.00732893,0,0,0.186328615,,,,,,,,,,,,,,,,,,
Malate,C4H6O5,hilic-Blank02,0.186624502,0.798382751,0.014561109,0.007546407,0.00119485,0.178314884,,,,,,,,,,,,,,,,,,,
L-Glutamine,C5H10N2O3,hilic-17,0.033698123,0.844195543,0.143363955,0.012346721,0,3.57E-05,5.81E-05,,,,,,,,,,,,,,,,,,
Fructose-6-phosphate,C6H13O9P,hilic-23,0.181872919,0.794190519,1.88E-04,0.01682142,0.012215877,0.013573914,0.011595943,0.151413869,,,,,,,,,,,,,,,,,
(iso)Citrate,C6H8O7,hilic-10,0.064867601,0.805758815,0.025408145,0.15004436,0.013846169,0.002581364,0.002322106,3.90E-05,,,,,,,,,,,,,,,,,
Sedoheptulose-7-phosphate,C7H15O10P,hilic-Blank01,0.521431684,0.112321343,0.075941811,0.166513844,0.135562357,0.126279921,0.076899089,0.200621356,0.105860279,,,,,,,,,,,,,,,,
Ribulose-5-phosphate,C5H11O8P,hilic-QC10,0.695882465,0.223884617,0.008160364,0.071550019,0.068258841,0.017355391,0.610790767,,,,,,,,,,,,,,,,,,
(iso)Citrate,C6H8O7,hilic-02,0.011845422,0.944194987,0.042020661,0.013189671,0,3.01E-04,2.94E-04,0,,,,,,,,,,,,,,,,,
Ribose-5-phosphate,C5H11O8P,hilic-QC06,0.292247414,0.631059047,0.035723534,0.022601402,0.070233568,0.032302221,0.208080229,,,,,,,,,,,,,,,,,,
Glucose CL,C6H13O6Cl,hilic-03,0.003960417,0.994300424,0,0,0,0.005112233,2.10E-04,3.77E-04,,,,,,,,,,,,,,,,,
Dihydroxyacetone phosphate,C3H7O6P,hilic-QC07,0.192725347,0.764572041,0.018317312,0.091473212,0.125637435,,,,,,,,,,,,,,,,,,,,
L-Glutamine,C5H10N2O3,hilic-32,0.017308417,0.916811453,0.07984604,0.003338828,0,0,3.68E-06,,,,,,,,,,,,,,,,,,
Xylulose-5-phosphate,C5H11O8P,hilic-09,0.793198052,0.121368731,0,0.087670101,0.073785562,0.016584662,0.700590945,,,,,,,,,,,,,,,,,,
L-Glutamic acid,C5H9NO4,hilic-QC06,0.260663595,0.595970784,0.122005387,0.076014429,3.82E-04,0,0.205627765,,,,,,,,,,,,,,,,,,
Succinate,C4H6O4,hilic-QC06,0.013613128,0.966449278,0.013226781,0.01974609,5.78E-04,0,,,,,,,,,,,,,,,,,,,
Succinate,C4H6O4,hilic-25,0,1,0,0,0,0,,,,,,,,,,,,,,,,,,,
Ribulose-5-phosphate,C5H11O8P,hilic-QC05,0.697525536,0.223966671,0.006766082,0.07211709,0.065941081,0.017241206,0.613967871,,,,,,,,,,,,,,,,,,
Acetyl-CoA,C23H38N7O17P3S,hilic-16,0.051312214,0.626262506,0.001002571,0.291642656,0.010759834,0,0.038068426,5.26E-04,0.013301329,0.00203158,8.04E-04,8.22E-04,0,0.00311008,0,0.002073122,9.41E-04,0.001358122,9.35E-04,0.001611445,0.001746251,0.001353893,0,0,0.001649993
Alanine,C3H7NO2,hilic-08,0.003654992,0.996345008,0,0,0.003654992,,,,,,,,,,,,,,,,,,,,
Phosphoenolpyruvate,C3H5O6P,hilic-20,0.07713494,0.891391421,0,0.094420917,0.014187662,,,,,,,,,,,,,,,,,,,,
3-Phosphoglycerate,C3H7O7P,hilic-21,0.052076367,0.947923633,0,0,0.052076367,,,,,,,,,,,,,,,,,,,,
Phosphoenolpyruvate,C3H5O6P,hilic-QC06,0.62410593,0.357569888,0,0.054972548,0.587457564,,,,,,,,,,,,,,,,,,,,
L-Aspartic Acid,C4H7NO4,hilic-36,0.218989184,0.728708821,0.056179267,0.014375313,0.011919553,0.188817046,,,,,,,,,,,,,,,,,,,
Acetyl-CoA,C23H38N7O17P3S,hilic-05,0.037798821,0.845920404,0.001508191,0.10624118,0.005185145,0,6.98E-04,0.001798572,0.002049636,0,0.002053682,0,0.002671851,0.002818976,0.001994694,0.002975262,0.003314319,0.001241482,0.003543323,0.001349731,0.002201026,0.003409006,0.002623985,0.004528845,0.001872258
L-Aspartic Acid,C4H7NO4,hilic-QC03,0.331669401,0.650410324,0.019327884,0.00613229,0.001432867,0.322696634,,,,,,,,,,,,,,,,,,,
Pyruvate,C3H4O3,hilic-Blank03,0.10713509,0.858355248,0.019195616,0.065137755,0.057311382,,,,,,,,,,,,,,,,,,,,
Glyceraldehyde-3-phosphate,C3H7O6P,hilic-Blank03,0.272044085,0.555139928,0.107448415,0.30355113,0.033860527,,,,,,,,,,,,,,,,,,,,
Sedoheptulose-7-phosphate,C7H15O10P,hilic-20,0.017477957,0.977837129,0,0,0.002807571,0.003058977,0.003298521,0.005790134,0.007207667,,,,,,,,,,,,,,,,
3-Phosphoglycerate,C3H7O7P,hilic-14,0.757146866,0.231145071,0.00991091,0.015302367,0.743641652,,,,,,,,,,,,,,,,,,,,
Pyruvate,C3H4O3,hilic-QC08,0.108282203,0.879842355,0.010182109,0.015262108,0.094713428,,,,,,,,,,,,,,,,,,,,
Phosphoenolpyruvate,C3H5O6P,hilic-36,0.738876518,0.180718056,0,0.24121628,0.578065664,,,,,,,,,,,,,,,,,,,,
L-Glutamic acid,C5H9NO4,hilic-22,0.388444692,0.523826016,0.102823425,0.009117588,0,0,0.364232972,,,,,,,,,,,,,,,,,,
Xylulose-5-phosphate,C5H11O8P,hilic-14,0.806065373,0.112420977,0.004350411,0.078949758,0.066901017,0.019515298,0.717862539,,,,,,,,,,,,,,,,,,
Ribulose-5-phosphate,C5H11O8P,hilic-15,0.826659073,0.085293223,0.005821203,0.084257457,0.073568747,0.017043847,0.734015523,,,,,,,,,,,,,,,,,,
Fructose-6-phosphate,C6H13O9P,hilic-26,0.31061933,0.6283636,0.011973127,0.032939764,0.02862981,0.03626243,0.016063436,0.245767832,,,,,,,,,,,,,,,,,
6-Phosphogluconate,C6H13O10P,hilic-07,0.668771432,0.302142667,0.015400042,0.004081277,0.01126795,2.68E-04,0.046849764,0.619990063,,,,,,,,,,,,,,,,,
Glucose CL,C6H13O6Cl,hilic-24,0.878317106,0.118091095,0,0,0,0.010775399,0,0.871133506,,,,,,,,,,,,,,,,,
Malate,C4H6O5,hilic-05,0.036794276,0.944304776,0.020001392,0.003013991,0.009571636,0.023108206,,,,,,,,,,,,,,,,,,,
Sedoheptulose-7-phosphate,C7H15O10P,hilic-13,0.653655498,0.214535678,0.007253455,0.045445064,0.031999963,0.077648153,0.117202387,0.056566638,0.449348662,,,,,,,,,,,,,,,,
6-Phosphogluconate,C6H13O10P,hilic-Blank02,0.281243109,0.370210856,0.352939934,0.016664528,0.061081888,0.022758631,0.031155504,0.145188659,,,,,,,,,,,,,,,,,
3-Phosphoglycerate,C3H7O7P,hilic-QC08,0.64443511,0.345536229,0.009178123,0.011729737,0.633555911,,,,,,,,,,,,,,,,,,,,
Dihydroxyacetone phosphate,C3H7O6P,hilic-11,0.173991643,0.776875603,0.020966375,0.105465513,0.096692509,,,,,,,,,,,,,,,,,,,,
Phosphoenolpyruvate,C3H5O6P,hilic-03,0.045203302,0.936553931,0,0.054728301,0.008717768,,,,,,,,,,,,,,,,,,,,
Sedoheptulose-7-phosphate,C7H15O10P,hilic-Blank03,0.553988371,0.111573781,0.093702707,0.123041808,0.112937228,0.11595111,0.074823599,0.214390218,0.15357955,,,,,,,,,,,,,,,,
Glucose-6-phosphate,C6H13O9P,hilic-Blank03,0.336850618,0.449727885,0.038703248,0.122797646,0.062836105,0.177907439,0.051498964,0.096528713,,,,,,,,,,,,,,,,,
Malate,C4H6O5,hilic-09,0.046278412,0.921557854,0.028650303,0.01183666,0.019030706,0.018924477,,,,,,,,,,,,,,,,,,,
6-Phosphogluconate,C6H13O10P,hilic-11,0.666536097,0.299105096,0.010820118,0.006380912,0.013321611,0.020774835,0.045014098,0.604583329,,,,,,,,,,,,,,,,,
6-Phosphogluconate,C6H13O10P,hilic-QC03,0.576183936,0.404076005,0.005625584,0,0.012671416,0.007814359,0.036669471,0.533143166,,,,,,,,,,,,,,,,,
Glucose-6-phosphate,C6H13O9P,hilic-03,0.019858389,0.966340115,0,0.008683354,0.009177557,0.008367737,0.003807415,0.003623821,,,,,,,,,,,,,,,,,
Glyceraldehyde-3-phosphate,C3H7O6P,hilic-14,0.643028298,0.304617095,0.035317124,0.086429573,0.573636207,,,,,,,,,,,,,,,,,,,,
Glyceraldehyde-3-phosphate,C3H7O6P,hilic-08,0.563634372,0.382490437,0.038077147,0.08547128,0.493961136,,,,,,,,,,,,,,,,,,,,
(iso)Citrate,C6H8O7,hilic-27,0.019394883,0.93716828,0.01470474,0.045214268,0.001213487,9.26E-04,7.49E-04,2.50E-05,,,,,,,,,,,,,,,,,
3-Phosphoglycerate,C3H7O7P,hilic-31,0.747893713,0.128942949,0.013693855,0.342102306,0.51526089,,,,,,,,,,,,,,,,,,,,
Succinate,C4H6O4,hilic-02,0.00204986,0.991800559,0.008199441,0,0,0,,,,,,,,,,,,,,,,,,,
Dihydroxyacetone phosphate,C3H7O6P,hilic-09,0.156570603,0.792823608,0.023599737,0.104617893,0.078958763,,,,,,,,,,,,,,,,,,,,
Ribulose-5-phosphate,C5H11O8P,hilic-31,0.359830017,0.466285036,0.061614956,0.1041308,0.115154112,0.080264287,0.172550809,,,,,,,,,,,,,,,,,,
(iso)Citrate,C6H8O7,hilic-QC03,0.049689299,0.838970831,0.037598249,0.114575454,0.005637534,0.001662182,0.001509194,4.66E-05,,,,,,,,,,,,,,,,,
Pyruvate,C3H4O3,hilic-30,0.108235079,0.875158421,0.012941635,0.023936228,0.087963716,,,,,,,,,,,,,,,,,,,,
Ribulose-5-phosphate,C5H11O8P,hilic-08,0.783269376,0.113862392,0.009326233,0.099383585,0.079316806,0.020251863,0.677859121,,,,,,,,,,,,,,,,,,
(iso)Citrate,C6H8O7,hilic-16,0.122769515,0.663032069,0.027658948,0.256238687,0.025021565,0.019084611,0.008707088,2.57E-04,,,,,,,,,,,,,,,,,
(iso)Citrate,C6H8O7,hilic-19,0.018893283,0.936772004,0.021325437,0.037638961,0.001462921,0.00169547,0.00104555,5.97E-05,,,,,,,,,,,,,,,,,
L-Aspartic Acid,C4H7NO4,hilic-QC06,0.317295817,0.669128271,0.014482112,0.005114703,6.28E-04,0.310647009,,,,,,,,,,,,,,,,,,,
Dihydroxyacetone phosphate,C3H7O6P,hilic-24,0.134765648,0.813701757,0.024051067,0.10649565,0.055751526,,,,,,,,,,,,,,,,,,,,
Glyceraldehyde-3-phosphate,C3H7O6P,hilic-19,0.035652205,0.942044225,0.013299725,0.040311258,0.004344791,,,,,,,,,,,,,,,,,,,,
L-Glutamine,C5H10N2O3,hilic-30,0.02297426,0.889438482,0.106254463,0.004306147,0,0,9.09E-07,,,,,,,,,,,,,,,,,,
Glucose-6-phosphate,C6H13O9P,hilic-20,0.030007848,0.959292062,0.001477668,0.001710041,0.008935424,0.009251867,0.004662028,0.014670911,,,,,,,,,,,,,,,,,
Dihydroxyacetone phosphate,C3H7O6P,hilic-Blank02,0.387301644,0.407992334,0.073247258,0.467623548,0.05113686,,,,,,,,,,,,,,,,,,,,
Ribulose-5-phosphate,C5H11O8P,hilic-04,0.770637782,0.123977545,0.008493158,0.098763496,0.085781926,0.025096388,0.657887486,,,,,,,,,,,,,,,,,,
Ribulose-5-phosphate,C5H11O8P,hilic-06,0.783050109,0.112563967,0.011587137,0.093277889,0.085290538,0.025166331,0.672114137,,,,,,,,,,,,,,,,,,
Pyruvate,C3H4O3,hilic-29,0.095357543,0.894140294,0.008296197,0.014914095,0.082649414,,,,,,,,,,,,,,,,,,,,
L-Glutamine,C5H10N2O3,hilic-QC04,0.026481976,0.874656125,0.118298426,0.007038596,0,0,6.85E-06,,,,,,,,,,,,,,,,,,
Acetyl-CoA,C23H38N7O17P3S,hilic-08,0.029238244,0.810469032,0.021333843,0.142629134,0,0,0.001428341,0,0.001565972,0.001294032,0.001860907,0,0.002217836,0.002780458,0.0015214,0,0.001676557,0.001795428,8.82E-04,0.001218688,0.001843075,0.002059925,9.17E-04,7.82E-04,0.001724971
Fructose-6-phosphate,C6H13O9P,hilic-31,0.450617109,0.293772348,0.030048224,0.194293112,0.094314796,0.137062494,0.049180319,0.201328708,,,,,,,,,,,,,,,,,
L-Glutamic acid,C5H9NO4,hilic-13,0.263334036,0.559743284,0.097639558,0.160161133,0.006785887,0,0.175670139,,,,,,,,,,,,,,,,,,
L-Glutamic acid,C5H9NO4,hilic-06,0.264692773,0.654575518,0.088502009,0.01655017,0,0,0.240372303,,,,,,,,,,,,,,,,,,
Phosphoenolpyruvate,C3H5O6P,hilic-QC02,0.60891061,0.377217377,0,0.041616039,0.581166584,,,,,,,,,,,,,,,,,,,,
Glucose-6-phosphate,C6H13O9P,hilic-QC07,0.313741157,0.665241993,0,0.01092634,0.017293125,0.006744711,0.017026946,0.282766885,,,,,,,,,,,,,,,,,
Fructose-6-phosphate,C6H13O9P,hilic-10,0.457297563,0.508008199,0.007646943,0.018755569,0.014229073,0.017844993,0.016531231,0.416983991,,,,,,,,,,,,,,,,,
Malate,C4H6O5,hilic-14,0.089784068,0.839581187,0.037287286,0.064480865,0.041715393,0.016935269,,,,,,,,,,,,,,,,,,,
Glyceraldehyde-3-phosphate,C3H7O6P,hilic-QC07,0.538699025,0.412348595,0.035784352,0.075288434,0.476578618,,,,,,,,,,,,,,,,,,,,
Glucose CL,C6H13O6Cl,hilic-33,0.880348036,0.115954064,0,0,0,0.011093699,0,0.872952237,,,,,,,,,,,,,,,,,
Ribose-5-phosphate,C5H11O8P,hilic-34,0.508876685,0.371049456,0.043599907,0.054309487,0.099596042,0.063849121,0.367595986,,,,,,,,,,,,,,,,,,
Ribulose-5-phosphate,C5H11O8P,hilic-29,0.829897888,0.084992096,0.00685258,0.080889017,0.070651713,0.01416928,0.742445314,,,,,,,,,,,,,,,,,,
Ribulose-5-phosphate,C5H11O8P,hilic-21,0.006364503,0.99211951,0,0,0.00316722,0.001245495,0.003467775,,,,,,,,,,,,,,,,,,
L-Glutamine,C5H10N2O3,hilic-18,0.031457844,0.856843122,0.129163703,0.013946787,0,0,4.64E-05,,,,,,,,,,,,,,,,,,
Glucose CL,C6H13O6Cl,hilic-19,0.005298598,0.992224371,0,0,0,0.007305079,2.52E-04,2.19E-04,,,,,,,,,,,,,,,,,
Succinate,C4H6O4,hilic-Blank03,3.16E-05,0.999968441,0,0,0,3.16E-05,,,,,,,,,,,,,,,,,,,
6-Phosphogluconate,C6H13O10P,hilic-28,0.638937231,0.323488091,0.018128307,0.009573485,0.011891982,0.004644054,0.051548544,0.580725538,,,,,,,,,,,,,,,,,
Dihydroxyacetone phosphate,C3H7O6P,hilic-23,0.105579202,0.860317592,0.015469721,0.071370175,0.052842512,,,,,,,,,,,,,,,,,,,,
Ribulose-5-phosphate,C5H11O8P,hilic-QC08,0.701724816,0.220311621,0.006144222,0.073729142,0.062791716,0.018470071,0.618553229,,,,,,,,,,,,,,,,,,
Ribulose-5-phosphate,C5H11O8P,hilic-QC07,0.708210836,0.215745436,0.005975684,0.070681873,0.065653764,0.012962754,0.628980489,,,,,,,,,,,,,,,,,,
Glucose-6-phosphate,C6H13O9P,hilic-23,0.318652159,0.661916837,0.001165471,0.01123339,0.014399936,0.004203601,0.014218097,0.292862669,,,,,,,,,,,,,,,,,
3-Phosphoglycerate,C3H7O7P,hilic-23,0.759651385,0.232763775,0.006845825,0.009062868,0.751327532,,,,,,,,,,,,,,,,,,,,
L-Glutamine,C5H10N2O3,hilic-31,0.019186747,0.956679254,0,0.038304094,0.001809672,0.002138373,0.001068608,,,,,,,,,,,,,,,,,,
Phosphoenolpyruvate,C3H5O6P,hilic-12,0.698297507,0.255252591,0,0.139349708,0.605397701,,,,,,,,,,,,,,,,,,,,
Succinate,C4H6O4,hilic-06,0,1,0,0,0,0,,,,,,,,,,,,,,,,,,,
Fructose-6-phosphate,C6H13O9P,hilic-11,0.446927129,0.519737413,0.006212537,0.019993186,0.014503534,0.014389526,0.016687661,0.408476143,,,,,,,,,,,,,,,,,
Glyceraldehyde-3-phosphate,C3H7O6P,hilic-23,0.558478836,0.40147519,0.025245309,0.069647303,0.503632198,,,,,,,,,,,,,,,,,,,,
L-Aspartic Acid,C4H7NO4,hilic-10,0.429886364,0.563046369,0,0.010122678,0.008023714,0.418807239,,,,,,,,,,,,,,,,,,,
Phosphoenolpyruvate,C3H5O6P,hilic-QC10,0.633296126,0.325790124,0,0.122741249,0.551468627,,,,,,,,,,,,,,,,,,,,
L-Glutamine,C5H10N2O3,hilic-14,0.02446373,0.886892578,0.103937057,0.009156745,0,0,1.36E-05,,,,,,,,,,,,,,,,,,
Alanine,C3H7NO2,hilic-QC07,0.003601101,0.996398899,0,0,0.003601101,,,,,,,,,,,,,,,,,,,,
Pyruvate,C3H4O3,hilic-35,0.275626027,0.697923108,0.02387503,0.031602533,0.246599329,,,,,,,,,,,,,,,,,,,,
Glucose CL,C6H13O6Cl,hilic-Blank02,0.091672964,0.883821077,0,0,0,0.070500707,0.006034336,0.039643879,,,,,,,,,,,,,,,,,
L-Glutamic acid,C5H9NO4,hilic-12,0.258075633,0.598312987,0.098338655,0.107637592,8.95E-04,0,0.194816012,,,,,,,,,,,,,,,,,,
Ribulose-5-phosphate,C5H11O8P,hilic-16,0.852499135,0.075513394,0.00472855,0.069752619,0.060665102,0.010435093,0.778905241,,,,,,,,,,,,,,,,,,
Alanine,C3H7NO2,hilic-QC08,0.005572996,0.994427004,0,0,0.005572996,,,,,,,,,,,,,,,,,,,,
Ribulose-5-phosphate,C5H11O8P,hilic-07,0.801512916,0.103551419,0.006857476,0.091823581,0.077185394,0.01740689,0.70317524,,,,,,,,,,,,,,,,,,
L-Glutamine,C5H10N2O3,hilic-08,0.023917364,0.886597412,0.107230464,0.006168088,0,0,4.04E-06,,,,,,,,,,,,,,,,,,
Acetyl-CoA,C23H38N7O17P3S,hilic-25,0.031910254,0.912037462,0.004175789,0.039251111,0,0.001314778,9.10E-04,0.002872531,0.002702885,0,0.001172448,0.002422306,0,0.002982873,0.005905216,7.74E-04,0.001231349,0.001045768,0.003513706,0.005936413,0.003189951,0.001837021,0.002879621,9.19E-04,0.002925469
(iso)Citrate,C6H8O7,hilic-33,0.017367767,0.941704396,0.014450762,0.042797322,4.58E-04,1.60E-04,4.29E-04,0,,,,,,,,,,,,,,,,,
Alanine,C3H7NO2,hilic-04,0.005299345,0.994700655,0,0,0.005299345,,,,,,,,,,,,,,,,,,,,
Glucose CL,C6H13O6Cl,hilic-22,0.810233412,0.185684107,0,0,0,0.012247442,0,0.802068451,,,,,,,,,,,,,,,,,
Alanine,C3H7NO2,hilic-10,0.003256841,0.996743159,0,0,0.003256841,,,,,,,,,,,,,,,,,,,,
Ribulose-5-phosphate,C5H11O8P,hilic-35,0.829406428,0.089437757,0.007290906,0.07244347,0.069981545,0.019321949,0.741524372,,,,,,,,,,,,,,,,,,
6-Phosphogluconate,C6H13O10P,hilic-QC02,0.572511245,0.407361074,0.002372823,0.005399528,0.010543133,0.010320914,0.035032633,0.528969895,,,,,,,,,,,,,,,,,
(iso)Citrate,C6H8O7,hilic-Blank02,0.099218935,0.826631823,0,0.062491522,0.011754091,0.062053568,0.035559962,0.001509035,,,,,,,,,,,,,,,,,
L-Glutamine,C5H10N2O3,hilic-13,0.024451411,0.888435145,0.100926765,0.010620053,0,0,1.80E-05,,,,,,,,,,,,,,,,,,
Alanine,C3H7NO2,hilic-Blank01,0.600685122,0.363634915,0.051094868,0.004850155,0.580420062,,,,,,,,,,,,,,,,,,,,
Succinate,C4H6O4,hilic-24,0,1,0,0,0,0,,,,,,,,,,,,,,,,,,,
L-Glutamic acid,C5H9NO4,hilic-14,0.267269716,0.520606389,0.12222506,0.186994033,0.005368567,0,0.164805951,,,,,,,,,,,,,,,,,,
Phosphoenolpyruvate,C3H5O6P,hilic-27,0.697082722,0.271237812,0,0.0950384,0.633723788,,,,,,,,,,,,,,,,,,,,
Acetyl-CoA,C23H38N7O17P3S,hilic-11,0.037520548,0.771031459,0.011053605,0.182605246,0,0,0.005600058,2.14E-05,6.45E-04,0.001322619,0.00104997,0.001927211,0.001602812,0.004090852,0.001314497,7.21E-04,0.003448225,8.39E-04,0.00111444,0.002229187,0.003382223,0,0.001564594,0.002513253,0.001922906
3-Phosphoglycerate,C3H7O7P,hilic-35,0.677304345,0.308747657,0.01211267,0.017618654,0.661521018,,,,,,,,,,,,,,,,,,,,
Phosphoenolpyruvate,C3H5O6P,hilic-30,0.675776451,0.294269146,0,0.08986321,0.615867644,,,,,,,,,,,,,,,,,,,,
Succinate,C4H6O4,hilic-QC03,0.015546386,0.961042646,0.016297401,0.022091718,5.68E-04,0,,,,,,,,,,,,,,,,,,,
Dihydroxyacetone phosphate,C3H7O6P,hilic-35,0.290583861,0.680868764,0.009876794,0.065888537,0.243365905,,,,,,,,,,,,,,,,,,,,
3-Phosphoglycerate,C3H7O7P,hilic-17,0.800581934,0.190539412,0.009145427,0.00834511,0.791970052,,,,,,,,,,,,,,,,,,,,
Ribose-5-phosphate,C5H11O8P,hilic-28,0.281895309,0.639211353,0.033883604,0.031177833,0.067084584,0.031229606,0.197413019,,,,,,,,,,,,,,,,,,
Dihydroxyacetone phosphate,C3H7O6P,hilic-01,0.091240147,0.862108892,0.019079411,0.101794063,0.017017634,,,,,,,,,,,,,,,,,,,,
L-Glutamine,C5H10N2O3,hilic-26,0.010989045,0.945990194,0.053087125,9.18E-04,0,0,4.25E-06,,,,,,,,,,,,,,,,,,
3-Phosphoglycerate,C3H7O7P,hilic-QC06,0.663676948,0.32875453,0.006189386,0.010326795,0.65472929,,,,,,,,,,,,,,,,,,,,
L-Glutamic acid,C5H9NO4,hilic-09,0.234395238,0.611091653,0.148680581,0.059281074,0,0,0.180946693,,,,,,,,,,,,,,,,,,
Xylulose-5-phosphate,C5H11O8P,hilic-02,0.011137119,0.986377149,0,0,0.005420958,0.001586749,0.006615145,,,,,,,,,,,,,,,,,,
Succinate,C4H6O4,hilic-22,0.001184665,0.995261341,0.004738659,0,0,0,,,,,,,,,,,,,,,,,,,
Glucose CL,C6H13O6Cl,hilic-23,0.832916314,0.163040613,0,0,0,0.012129217,0,0.82483017,,,,,,,,,,,,,,,,,
Ribulose-5-phosphate,C5H11O8P,hilic-19,0.007148175,0.99119827,0,0,0.002850288,0.002567197,0.003384245,,,,,,,,,,,,,,,,,,
Phosphoenolpyruvate,C3H5O6P,hilic-QC08,0.624473399,0.353516487,0,0.066030341,0.580453172,,,,,,,,,,,,,,,,,,,,
Phosphoenolpyruvate,C3H5O6P,hilic-01,0.020487449,0.972605928,0,0.02071987,0.006674202,,,,,,,,,,,,,,,,,,,,
Sedoheptulose-7-phosphate,C7H15O10P,hilic-QC04,0.584182902,0.30027214,0.003963377,0.043605508,0.027184775,0.064265665,0.110285587,0.044899637,0.405523312,,,,,,,,,,,,,,,,
Phosphoenolpyruvate,C3H5O6P,hilic-23,0.729391281,0.245929267,0,0.074038356,0.680032377,,,,,,,,,,,,,,,,,,,,
Acetyl-CoA,C23H38N7O17P3S,hilic-QC06,0.034263025,0.868704539,9.05E-05,0.08142388,4.60E-04,0,0.012166121,0.002431887,0.00190294,0.003633783,6.27E-04,0.001183294,9.65E-04,0,0.004627182,0.001354729,0.002413792,0.001029224,7.53E-04,0.003793244,0.001016444,0.003201758,6.48E-04,0.006188255,0.001384849
Pyruvate,C3H4O3,hilic-15,0.152786637,0.832040915,0.012491775,0.020533794,0.134933516,,,,,,,,,,,,,,,,,,,,
Xylulose-5-phosphate,C5H11O8P,hilic-QC07,0.68475672,0.247248378,0,0.066656078,0.062038829,0.015928617,0.608128098,,,,,,,,,,,,,,,,,,
Ribulose-5-phosphate,C5H11O8P,hilic-22,0.81462552,0.101880531,0.006682408,0.076598669,0.074703315,0.011537474,0.728597602,,,,,,,,,,,,,,,,,,
Acetyl-CoA,C23H38N7O17P3S,hilic-17,0.062727985,0.605194181,0.008791081,0.285933606,0.001502844,0,0.051011558,0.00341335,0.018189958,0,0.001481892,8.36E-04,0.001600329,0.001265733,6.02E-04,0.002059659,5.22E-04,0.001568257,7.47E-04,0.00170363,0.002942418,0.002223249,0,0.006565631,0.001846569
Ribulose-5-phosphate,C5H11O8P,hilic-13,0.815685975,0.092538096,0.007399136,0.08692266,0.074468805,0.01957751,0.719093793,,,,,,,,,,,,,,,,,,
Alanine,C3H7NO2,hilic-17,0.002915902,0.997084098,0,0,0.002915902,,,,,,,,,,,,,,,,,,,,
Dihydroxyacetone phosphate,C3H7O6P,hilic-31,0.327827235,0.478533408,0.118643115,0.343631841,0.059191636,,,,,,,,,,,,,,,,,,,,
Fructose-6-phosphate,C6H13O9P,hilic-17,0.734894994,0.229798293,0.002867269,0.028246963,0.012370595,0.01504561,0.017313083,0.694358188,,,,,,,,,,,,,,,,,
Malate,C4H6O5,hilic-QC01,0.057068593,0.885735279,0.054286597,0.02592299,0.014078742,0.019976392,,,,,,,,,,,,,,,,,,,
(iso)Citrate,C6H8O7,hilic-12,0.063298201,0.804947627,0.032814027,0.145813142,0.012439385,0.001923843,0.002036482,2.55E-05,,,,,,,,,,,,,,,,,
Dihydroxyacetone phosphate,C3H7O6P,hilic-26,0.222080605,0.6821156,0.041630298,0.204150788,0.072103314,,,,,,,,,,,,,,,,,,,,
6-Phosphogluconate,C6H13O10P,hilic-QC08,0.569173866,0.399441877,0.017004792,0.008217973,0.007296006,0.001573585,0.045374493,0.521091273,,,,,,,,,,,,,,,,,
Fructose-6-phosphate,C6H13O9P,hilic-22,0.170012427,0.812039969,0,0.010456571,0.012226476,0.009717697,0.009744515,0.145814772,,,,,,,,,,,,,,,,,
Ribose-5-phosphate,C5H11O8P,hilic-QC05,0.294836407,0.631886477,0.027728487,0.029719882,0.070220181,0.025871622,0.21457335,,,,,,,,,,,,,,,,,,
(iso)Citrate,C6H8O7,hilic-Blank03,0.117992639,0.800976771,0,0.056077169,0.012275574,0.094633502,0.035781139,2.56E-04,,,,,,,,,,,,,,,,,
Fructose-6-phosphate,C6H13O9P,hilic-QC01,0.389178239,0.584643971,0.00114424,0.017979931,0.013711552,0.011589439,0.015112285,0.355818582,,,,,,,,,,,,,,,,,
(iso)Citrate,C6H8O7,hilic-36,0.016168276,0.947656179,0.00912969,0.042530203,2.51E-04,9.81E-05,3.35E-04,0,,,,,,,,,,,,,,,,,
(iso)Citrate,C6H8O7,hilic-21,0.007724562,0.961574929,0.03157667,0.006410855,0,2.42E-04,1.93E-04,2.83E-06,,,,,,,,,,,,,,,,,
Glyceraldehyde-3-phosphate,C3H7O6P,hilic-36,0.701272424,0.248857132,0.030370116,0.0888711,0.631901652,,,,,,,,,,,,,,,,,,,,
3-Phosphoglycerate,C3H7O7P,hilic-Blank02,0.511010537,0.329588093,0,0.478204112,0.192207795,,,,,,,,,,,,,,,,,,,,
Alanine,C3H7NO2,hilic-16,0.005701223,0.994298777,0,0,0.005701223,,,,,,,,,,,,,,,,,,,,
L-Aspartic Acid,C4H7NO4,hilic-QC01,0.319772408,0.656307411,0.026334238,0.006378253,0.003921504,0.307058594,,,,,,,,,,,,,,,,,,,
Dihydroxyacetone phosphate,C3H7O6P,hilic-18,0.29519259,0.686134756,0.008646175,0.038725613,0.266493456,,,,,,,,,,,,,,,,,,,,
6-Phosphogluconate,C6H13O10P,hilic-17,0.747064144,0.223235101,0.007904698,0.006605944,0.015837282,0.011995808,0.0407538,0.693667367,,,,,,,,,,,,,,,,,
Alanine,C3H7NO2,hilic-20,0.007140163,0.992856524,0,9.94E-06,0.007133537,,,,,,,,,,,,,,,,,,,,
(iso)Citrate,C6H8O7,hilic-08,0.047690292,0.847150076,0.030551761,0.113608101,0.007537144,1.07E-05,0.001133724,8.48E-06,,,,,,,,,,,,,,,,,
(iso)Citrate,C6H8O7,hilic-34,0.013099186,0.961378564,6.76E-04,0.03689691,4.38E-04,2.41E-04,3.68E-04,1.18E-06,,,,,,,,,,,,,,,,,
Glucose-6-phosphate,C6H13O9P,hilic-11,0.397606162,0.576748607,0.002270201,0.013406697,0.018006485,0.008765103,0.017343928,0.363458978,,,,,,,,,,,,,,,,,
Acetyl-CoA,C23H38N7O17P3S,hilic-Blank03,0.499714237,0.052599009,0.07289084,0.039325959,0.033677739,0.020670773,0.035999316,0.01838358,0.025004286,0.037933694,0.088155251,0.014346461,0.046277702,0.041274435,0.053533503,0.055672956,0.017704756,0.038753163,0.049009832,0.073356284,0.0265633,0.03734909,0.032776761,0.047444816,0.041296495
(iso)Citrate,C6H8O7,hilic-04,0.032693327,0.896563229,0.016561215,0.082250482,0.004013793,0,6.11E-04,0,,,,,,,,,,,,,,,,,
Fructose-6-phosphate,C6H13O9P,hilic-32,0.619557842,0.353533271,0.003775223,0.01687927,0.011065133,0.014435539,0.012993653,0.587317912,,,,,,,,,,,,,,,,,
3-Phosphoglycerate,C3H7O7P,hilic-Blank03,0.598632895,0.223995841,0.038283144,0.455547501,0.282173513,,,,,,,,,,,,,,,,,,,,
L-Aspartic Acid,C4H7NO4,hilic-03,0.446355202,0.553644798,0,0,0,0.446355202,,,,,,,,,,,,,,,,,,,
Alanine,C3H7NO2,hilic-23,0.019793162,0.980062621,0,4.33E-04,0.019504728,,,,,,,,,,,,,,,,,,,,
3-Phosphoglycerate,C3H7O7P,hilic-20,0.108884451,0.889106341,0,0.006027625,0.104866034,,,,,,,,,,,,,,,,,,,,
Alanine,C3H7NO2,hilic-32,0.00195703,0.99804297,0,0,0.00195703,,,,,,,,,,,,,,,,,,,,
L-Glutamic acid,C5H9NO4,hilic-03,0.251486005,0.639824297,0.130023853,0.00778436,0,0,0.22236749,,,,,,,,,,,,,,,,,,
Malate,C4H6O5,hilic-31,0.037743452,0.9500977,0.008132783,0.007807324,0.008622393,0.025339799,,,,,,,,,,,,,,,,,,,
Pyruvate,C3H4O3,hilic-04,0.045173795,0.945835113,0.006968096,0.013037084,0.034159707,,,,,,,,,,,,,,,,,,,,
Xylulose-5-phosphate,C5H11O8P,hilic-27,0.804403351,0.123256442,0,0.071789611,0.06634668,0.013638841,0.724968426,,,,,,,,,,,,,,,,,,
(iso)Citrate,C6H8O7,hilic-22,0.020143574,0.935486764,0.013998095,0.047279061,0.001446743,0.001004542,7.62E-04,2.29E-05,,,,,,,,,,,,,,,,,
Alanine,C3H7NO2,hilic-12,0.00298929,0.99701071,0,0,0.00298929,,,,,,,,,,,,,,,,,,,,
Succinate,C4H6O4,hilic-03,0.003257079,0.986971684,0.013028316,0,0,0,,,,,,,,,,,,,,,,,,,
Glyceraldehyde-3-phosphate,C3H7O6P,hilic-QC06,0.540011845,0.412133131,0.033887336,0.075790401,0.478189133,,,,,,,,,,,,,,,,,,,,
Succinate,C4H6O4,hilic-29,0,1,0,0,0,0,,,,,,,,,,,,,,,,,,,
L-Glutamine,C5H10N2O3,hilic-15,0.023655645,0.891298977,0.099165073,0.0095222,0,0,1.38E-05,,,,,,,,,,,,,,,,,,
Fructose-6-phosphate,C6H13O9P,hilic-QC03,0.407238513,0.566389715,0,0.018737682,0.013104491,0.014346532,0.015273368,0.372148212,,,,,,,,,,,,,,,,,
L-Aspartic Acid,C4H7NO4,hilic-12,0.454604915,0.538904724,0,0.009794,0.006373442,0.444927833,,,,,,,,,,,,,,,,,,,
Fructose-6-phosphate,C6H13O9P,hilic-04,0.178859104,0.782330969,0.008363253,0.023681901,0.013420458,0.021801923,0.01245047,0.137951025,,,,,,,,,,,,,,,,,
Glyceraldehyde-3-phosphate,C3H7O6P,hilic-28,0.616592497,0.340953019,0.022792653,0.081778147,0.554476181,,,,,,,,,,,,,,,,,,,,
6-Phosphogluconate,C6H13O10P,hilic-13,0.672793784,0.291938251,0.012762,0.007767949,0.020707118,0,0.054604645,0.612220038,,,,,,,,,,,,,,,,,
3-Phosphoglycerate,C3H7O7P,hilic-11,0.75539866,0.235710034,0.009202337,0.008269243,0.746818385,,,,,,,,,,,,,,,,,,,,
Ribose-5-phosphate,C5H11O8P,hilic-QC01,0.266195842,0.661024956,0.031828952,0.033543505,0.063920099,0.008109489,0.201573,,,,,,,,,,,,,,,,,,
L-Aspartic Acid,C4H7NO4,hilic-21,0.325369306,0.662165341,0.016050058,8.56E-04,0,0.320928982,,,,,,,,,,,,,,,,,,,
L-Glutamine,C5H10N2O3,hilic-28,0.018492536,0.909736492,0.088067539,0.0021949,0,0,1.07E-06,,,,,,,,,,,,,,,,,,
Succinate,C4H6O4,hilic-14,0.038292608,0.913180408,0.021572779,0.064142785,0.001104028,0,,,,,,,,,,,,,,,,,,,
Malate,C4H6O5,hilic-30,0.03877032,0.910213838,0.06097475,0.008988984,0.003161151,0.016661278,,,,,,,,,,,,,,,,,,,
Alanine,C3H7NO2,hilic-25,0.001407074,0.998592926,0,0,0.001407074,,,,,,,,,,,,,,,,,,,,
Phosphoenolpyruvate,C3H5O6P,hilic-08,0.719925034,0.251845864,0,0.084687308,0.663466828,,,,,,,,,,,,,,,,,,,,
Ribulose-5-phosphate,C5H11O8P,hilic-01,0.011845922,0.985572588,0,0,0.004224075,0.004459301,0.005744036,,,,,,,,,,,,,,,,,,
(iso)Citrate,C6H8O7,hilic-QC07,0.044928285,0.860511158,0.02177033,0.11004271,0.00461989,0.001488595,0.001503988,6.33E-05,,,,,,,,,,,,,,,,,
Glucose-6-phosphate,C6H13O9P,hilic-32,0.354977668,0.620361505,0.001987868,0.011804698,0.019837191,0.006497846,0.018299562,0.32121133,,,,,,,,,,,,,,,,,
Glucose CL,C6H13O6Cl,hilic-Blank01,0.085505511,0.893621405,0,0,0,0.059442513,0.006353479,0.040582603,,,,,,,,,,,,,,,,,
Pyruvate,C3H4O3,hilic-Blank01,0.101464967,0.866012333,0.015862624,0.065842852,0.052282191,,,,,,,,,,,,,,,,,,,,
(iso)Citrate,C6H8O7,hilic-QC06,0.042283073,0.867111655,0.025067054,0.099353498,0.005422335,0.001612576,0.001390217,4.27E-05,,,,,,,,,,,,,,,,,
Glyceraldehyde-3-phosphate,C3H7O6P,hilic-22,0.598160725,0.364037829,0.027102837,0.059198665,0.54966067,,,,,,,,,,,,,,,,,,,,
Pyruvate,C3H4O3,hilic-11,0.110444516,0.873299662,0.013325901,0.022115664,0.091258773,,,,,,,,,,,,,,,,,,,,
Ribose-5-phosphate,C5H11O8P,hilic-04,0.241072575,0.674163744,0.039863156,0.022498264,0.078876149,0.039118691,0.145479996,,,,,,,,,,,,,,,,,,
L-Glutamine,C5H10N2O3,hilic-07,0.022476903,0.8927951,0.102030445,0.005172735,0,0,1.72E-06,,,,,,,,,,,,,,,,,,
Pyruvate,C3H4O3,hilic-QC04,0.099347313,0.889577996,0.008465727,0.016292617,0.085663659,,,,,,,,,,,,,,,,,,,,
Glucose-6-phosphate,C6H13O9P,hilic-Blank02,0.316369585,0.481838693,0.029157688,0.113270516,0.068424276,0.176928205,0.05275059,0.077630032,,,,,,,,,,,,,,,,,
L-Glutamic acid,C5H9NO4,hilic-QC07,0.239347179,0.630797884,0.117269185,0.059243335,0.001233969,0,0.191455627,,,,,,,,,,,,,,,,,,
Succinate,C4H6O4,hilic-01,0.001208813,0.995164747,0.004835253,0,0,0,,,,,,,,,,,,,,,,,,,
Malate,C4H6O5,hilic-20,0.02621932,0.948089523,0.033140606,0.001671405,0,0.017098466,,,,,,,,,,,,,,,,,,,
(iso)Citrate,C6H8O7,hilic-QC09,0.037768506,0.885300586,0.01549527,0.091550968,0.004213991,0.001886907,0.001489439,6.28E-05,,,,,,,,,,,,,,,,,
Fructose-6-phosphate,C6H13O9P,hilic-12,0.453485829,0.51856715,0.00803638,0.016199469,0.016390978,0,0.013529415,0.427276607,,,,,,,,,,,,,,,,,
L-Aspartic Acid,C4H7NO4,hilic-11,0.430446915,0.563063064,0,0.009319401,0.007321283,0.420296252,,,,,,,,,,,,,,,,,,,
L-Glutamic acid,C5H9NO4,hilic-QC10,0.253677161,0.613468275,0.111974903,0.071901592,3.34E-04,0,0.202321013,,,,,,,,,,,,,,,,,,
L-Glutamine,C5H10N2O3,hilic-04,0.025843997,0.875396797,0.119995389,0.004604824,0,0,2.99E-06,,,,,,,,,,,,,,,,,,
L-Aspartic Acid,C4H7NO4,hilic-31,0.188510733,0.807831696,0,0.007315143,0,0.184853161,,,,,,,,,,,,,,,,,,,
Ribulose-5-phosphate,C5H11O8P,hilic-28,0.815562039,0.093142136,0.007820908,0.086278575,0.075342624,0.01567452,0.721741238,,,,,,,,,,,,,,,,,,
L-Glutamic acid,C5H9NO4,hilic-36,0.216616369,0.701654978,0.079374419,0.030381864,0,0,0.188588739,,,,,,,,,,,,,,,,,,
L-Glutamine,C5H10N2O3,hilic-QC07,0.027765625,0.865848779,0.129499787,0.004642945,0,0,8.49E-06,,,,,,,,,,,,,,,,,,
Phosphoenolpyruvate,C3H5O6P,hilic-22,0.666909623,0.278992449,0,0.162293784,0.558713767,,,,,,,,,,,,,,,,,,,,
Glyceraldehyde-3-phosphate,C3H7O6P,hilic-QC05,0.53555771,0.420303032,0.028190862,0.076036052,0.475470055,,,,,,,,,,,,,,,,,,,,
L-Glutamine,C5H10N2O3,hilic-02,0.023354117,0.888816055,0.105597685,0.005586133,0,0,1.27E-07,,,,,,,,,,,,,,,,,,
Malate,C4H6O5,hilic-QC09,0.047968943,0.906733733,0.04104313,0.021842061,0.014375781,0.016005294,,,,,,,,,,,,,,,,,,,
Dihydroxyacetone phosphate,C3H7O6P,hilic-20,0.103742272,0.843715664,0.019769085,0.118088024,0.018427228,,,,,,,,,,,,,,,,,,,,
(iso)Citrate,C6H8O7,hilic-30,0.014170754,0.951133144,0.013864076,0.034581405,0,1.18E-04,2.94E-04,8.87E-06,,,,,,,,,,,,,,,,,
Ribulose-5-phosphate,C5H11O8P,hilic-03,0.010554185,0.986270813,0,0,0.006904154,0.002066702,0.004758331,,,,,,,,,,,,,,,,,,
L-Glutamic acid,C5H9NO4,hilic-QC05,0.254653473,0.623501631,0.097876194,0.07234526,3.42E-04,0,0.205934954,,,,,,,,,,,,,,,,,,
Alanine,C3H7NO2,hilic-06,0.00808643,0.99191357,0,0,0.00808643,,,,,,,,,,,,,,,,,,,,
Sedoheptulose-7-phosphate,C7H15O10P,hilic-QC10,0.610085473,0.259357704,0.010817776,0.048737708,0.028217837,0.066607023,0.120735644,0.05113886,0.414387449,,,,,,,,,,,,,,,,
Acetyl-CoA,C23H38N7O17P3S,hilic-13,0.047273134,0.720810723,0.017630932,0.209287065,0.00186274,0,0.012624676,2.09E-05,0.003203642,0,0.001709068,0.002567052,0.002238312,0.003843817,5.72E-04,0.00171472,0.002918479,0.00120842,0.002763719,0.001770266,0.00364574,0.001949594,0.003882843,0.002020186,0.001755183
Pyruvate,C3H4O3,hilic-13,0.167249425,0.81154667,0.019198876,0.025213962,0.144040491,,,,,,,,,,,,,,,,,,,,
Malate,C4H6O5,hilic-QC06,0.051675771,0.898211746,0.046140773,0.023856112,0.014315388,0.017475981,,,,,,,,,,,,,,,,,,,
L-Aspartic Acid,C4H7NO4,hilic-QC10,0.305532397,0.679621447,0.016095945,0.004881684,0.001333422,0.298067502,,,,,,,,,,,,,,,,,,,
Dihydroxyacetone phosphate,C3H7O6P,hilic-03,0.103116255,0.844256461,0.023739739,0.110402375,0.021601425,,,,,,,,,,,,,,,,,,,,
Fructose-6-phosphate,C6H13O9P,hilic-24,0.177373929,0.802338056,7.07E-04,0.008168647,0.013464064,0.015679875,0.013767041,0.145875413,,,,,,,,,,,,,,,,,
Glucose-6-phosphate,C6H13O9P,hilic-Blank01,0.297029881,0.528175031,0.026588562,0.097693181,0.051589052,0.161784293,0.046719256,0.087450625,,,,,,,,,,,,,,,,,
Succinyl coenzyme A,C25H40N7O19P3S,hilic-QC03,,0.693256716,0.185343852,0.032454956,0.027625816,0.015928167,0.01841559,0.026974902,,,,,,,,,,,,,,,,,
Succinyl coenzyme A,C25H40N7O19P3S,hilic-QC07,,0.717084161,0.152420201,0.065194039,0.012314489,0.015365756,0.024136781,0.013484572,,,,,,,,,,,,,,,,,
Succinyl coenzyme A,C25H40N7O19P3S,hilic-35,,0.673313485,0.147464647,0.051245244,0.025262026,0.034177508,0.043503622,0.025033469,,,,,,,,,,,,,,,,,
Succinyl coenzyme A,C25H40N7O19P3S,hilic-24,,0.694000386,0.157593583,0.003611347,0.00847483,0.032318492,0.056145255,0.047856107,,,,,,,,,,,,,,,,,
Succinyl coenzyme A,C25H40N7O19P3S,hilic-25,,0.721332634,0.157075675,0.041766708,0.0229773,0.012266462,0.030078928,0.014502294,,,,,,,,,,,,,,,,,
Succinyl coenzyme A,C25H40N7O19P3S,hilic-01,,0.617885213,0.25243773,0.058439811,0.015128984,0.011979599,0.028633337,0.015495327,,,,,,,,,,,,,,,,,
Succinyl coenzyme A,C25H40N7O19P3S,hilic-33,,0.673069076,0.149168054,0.030920678,0.043419923,0.031251591,0.044522352,0.027648327,,,,,,,,,,,,,,,,,
Succinyl coenzyme A,C25H40N7O19P3S,hilic-30,,0.640367662,0.174873151,0.033118501,0.010824813,0.067051349,0.037607973,0.036156549,,,,,,,,,,,,,,,,,
Succinyl coenzyme A,C25H40N7O19P3S,hilic-QC09,,0.714940771,0.198702214,0.000708115,0.025941141,0.035479749,0.012465371,0.011762638,,,,,,,,,,,,,,,,,
Succinyl coenzyme A,C25H40N7O19P3S,hilic-32,,0.755821082,0.158172266,0.017496732,0.026457585,0.018924569,0.01323497,0.009892795,,,,,,,,,,,,,,,,,
Succinyl coenzyme A,C25H40N7O19P3S,hilic-34,,0.581287387,0.197755458,0.035528843,0.048712216,0.066493815,0.042209289,0.028012992,,,,,,,,,,,,,,,,,
Succinyl coenzyme A,C25H40N7O19P3S,hilic-29,,0.690240545,0.164142327,0.052008239,0.020420022,0.018305849,0.033364033,0.021518984,,,,,,,,,,,,,,,,,
Succinyl coenzyme A,C25H40N7O19P3S,hilic-19,,0.668834271,0.14518514,0.010336988,0.027019535,0.047143935,0.037646609,0.063833522,,,,,,,,,,,,,,,,,
Succinyl coenzyme A,C25H40N7O19P3S,hilic-QC01,,0.678408567,0.150363746,0.058599002,0.015341211,0.051610878,0.021552662,0.024123934,,,,,,,,,,,,,,,,,
Succinyl coenzyme A,C25H40N7O19P3S,hilic-10,,0.660070567,0.113899777,0.045683658,0.069252419,0.037415842,0.045930325,0.027747414,,,,,,,,,,,,,,,,,
Succinyl coenzyme A,C25H40N7O19P3S,hilic-14,,0.608788721,0.114990887,0.099937894,0.035714916,0.06177047,0.078797111,0,,,,,,,,,,,,,,,,,
Succinyl coenzyme A,C25H40N7O19P3S,hilic-Blank01,,0.173717326,0.127211448,0.179029465,0.121890371,0.127732449,0.101381296,0.169037645,,,,,,,,,,,,,,,,,
Succinyl coenzyme A,C25H40N7O19P3S,hilic-09,,0.742471567,0.132206101,0.017211131,0.007074265,0.035697625,0.025484342,0.039854969,,,,,,,,,,,,,,,,,
Succinyl coenzyme A,C25H40N7O19P3S,hilic-21,,0.7741981,0.139595993,0.007125682,0.027101099,0.017598008,0.011680601,0.022700516,,,,,,,,,,,,,,,,,
Succinyl coenzyme A,C25H40N7O19P3S,hilic-28,,0.619673716,0.169892283,0.034838436,0.06650556,0.061164422,0.016737577,0.031188007,,,,,,,,,,,,,,,,,
Succinyl coenzyme A,C25H40N7O19P3S,hilic-15,,0.656445426,0.104001598,0.088950744,0.041712667,0.036358198,0.032315729,0.040215637,,,,,,,,,,,,,,,,,
Succinyl coenzyme A,C25H40N7O19P3S,hilic-13,,0.674106885,0.141601341,0.012652967,0.025212526,0.030329578,0.092014501,0.024082202,,,,,,,,,,,,,,,,,
Succinyl coenzyme A,C25H40N7O19P3S,hilic-07,,0.674030231,0.126990407,0.054504796,0.013648786,0.027489269,0.087360299,0.015976212,,,,,,,,,,,,,,,,,
Succinyl coenzyme A,C25H40N7O19P3S,hilic-27,,0.758832688,0.176168949,0,0.012285035,0.033226401,0.006011811,0.013475116,,,,,,,,,,,,,,,,,
Succinyl coenzyme A,C25H40N7O19P3S,hilic-QC10,,0.094709576,0.339137471,0.104009344,0.133356586,0.121276187,0.134986807,0.072524028,,,,,,,,,,,,,,,,,
Succinyl coenzyme A,C25H40N7O19P3S,hilic-QC08,,0.618613471,0.094722991,0.056690788,0.06221573,0.066178639,0.049949075,0.051629306,,,,,,,,,,,,,,,,,
Succinyl coenzyme A,C25H40N7O19P3S,hilic-12,,0.808195915,0,0.025520517,0.017934233,0.06461873,0.055755478,0.027975127,,,,,,,,,,,,,,,,,
Succinyl coenzyme A,C25H40N7O19P3S,hilic-05,,0.657325065,0.157840186,0.048797579,0.033259583,0.066783422,0.017396176,0.018597988,,,,,,,,,,,,,,,,,
Succinyl coenzyme A,C25H40N7O19P3S,hilic-QC02,,0.716184767,0.140208096,0.032251777,0.01861611,0.039649565,0.028786868,0.024302817,,,,,,,,,,,,,,,,,
Succinyl coenzyme A,C25H40N7O19P3S,hilic-Blank03,,0.16439386,0.180635795,0.092895823,0.125411406,0.196603041,0.089968927,0.150091148,,,,,,,,,,,,,,,,,
Succinyl coenzyme A,C25H40N7O19P3S,hilic-17,,0.650043661,0.195125133,0.054725436,0.0046255,0.031161816,0.032703537,0.031614917,,,,,,,,,,,,,,,,,
Succinyl coenzyme A,C25H40N7O19P3S,hilic-18,,0.613004915,0.191080129,0.077247591,0.00785203,0.049784487,0.03548137,0.025549479,,,,,,,,,,,,,,,,,
Succinyl coenzyme A,C25H40N7O19P3S,hilic-22,,0.636647701,0.127374671,0.041074305,0.082399111,0.041386184,0.024316334,0.046801693,,,,,,,,,,,,,,,,,
Succinyl coenzyme A,C25H40N7O19P3S,hilic-03,,0.641704423,0.171671469,0.042702056,0.03782134,0.038515498,0.018388215,0.049196999,,,,,,,,,,,,,,,,,
Succinyl coenzyme A,C25H40N7O19P3S,hilic-20,,0.503875223,0.227228991,0.120657116,0.032197366,0.029476375,0.029302854,0.057262075,,,,,,,,,,,,,,,,,
Succinyl coenzyme A,C25H40N7O19P3S,hilic-Blank02,,0.149811731,0.144460575,0.121544311,0.15916564,0.16291049,0.178772918,0.083334336,,,,,,,,,,,,,,,,,
Succinyl coenzyme A,C25H40N7O19P3S,hilic-36,,0.713686935,0.190196012,0.014296829,0.021336174,0.013436965,0.018813477,0.028233608,,,,,,,,,,,,,,,,,
Succinyl coenzyme A,C25H40N7O19P3S,hilic-04,,0.7140278,0.163027264,0.025238534,0.020858355,0.007196507,0.05686939,0.012782149,,,,,,,,,,,,,,,,,
Succinyl coenzyme A,C25H40N7O19P3S,hilic-11,,0.730153905,0.145297428,0.009153772,0.012009033,0.037707291,0.025218474,0.040460097,,,,,,,,,,,,,,,,,
Succinyl coenzyme A,C25H40N7O19P3S,hilic-31,,0.539285219,0.155062444,0.091579569,0.091766925,0.029350121,0.056193849,0.036761873,,,,,,,,,,,,,,,,,
Succinyl coenzyme A,C25H40N7O19P3S,hilic-QC04,,0.627150233,0.179588531,0.089709974,0.011201912,0.037035029,0.030801077,0.024513243,,,,,,,,,,,,,,,,,
Succinyl coenzyme A,C25H40N7O19P3S,hilic-23,,0.618747224,0.159727113,0.024962168,0.057647203,0.029306052,0.082268735,0.027341505,,,,,,,,,,,,,,,,,
Succinyl coenzyme A,C25H40N7O19P3S,hilic-QC05,,0.645331753,0.121976946,0.05860411,0.034313909,0.058658749,0.05124155,0.029872984,,,,,,,,,,,,,,,,,
Succinyl coenzyme A,C25H40N7O19P3S,hilic-02,,0.737124226,0.155714592,0.021485784,0.03206518,0.015386442,0.024790987,0.013432789,,,,,,,,,,,,,,,,,
Succinyl coenzyme A,C25H40N7O19P3S,hilic-16,,0.716557267,0.183288754,0.010424143,0.006693513,0.020466202,0.040432815,0.022137305,,,,,,,,,,,,,,,,,
Succinyl coenzyme A,C25H40N7O19P3S,hilic-QC06,,0.520539437,0.135041247,0.09929559,0.084136653,0.0485783,0.066778304,0.045630468,,,,,,,,,,,,,,,,,
Succinyl coenzyme A,C25H40N7O19P3S,hilic-06,,0.602162546,0.214671534,0.050570467,0.029362229,0.03680914,0.02849596,0.037928123,,,,,,,,,,,,,,,,,
Succinyl coenzyme A,C25H40N7O19P3S,hilic-26,,0.711104722,0.108395751,0.05042921,0.054686659,0.022327735,0.034717836,0.018338086,,,,,,,,,,,,,,,,,
fructose 1,C6H14O12P2,RPneg-06,0.304122429,0.628361671,0.019894907,0.013758278,0.034562671,0.066330867,0.014238007,0.222853599,,,,,,,,,,,,,,,,,
fructose 1,C6H14O12P2,RPneg-QC06,0.314645525,0.574624835,0.066969423,0.022538032,0.041949034,0.041749408,0.030032681,0.222136587,,,,,,,,,,,,,,,,,
fructose 1,C6H14O12P2,RPneg-34,0.388688918,0.530377828,0.048780313,0.00962146,0.038091977,0.030188142,0.0285599,0.31438038,,,,,,,,,,,,,,,,,
Fumaric acid (RP),C4H4O4,RPneg-QC04,0.061826069,0.921564531,0,0.023601409,0.019234781,0.035599279,,,,,,,,,,,,,,,,,,,
Fumaric acid (RP),C4H4O4,RPneg-10,0.133937757,0.82755889,0.00228749,0.023199818,0.100751308,0.046202494,,,,,,,,,,,,,,,,,,,
Fumaric acid (RP),C4H4O4,RPneg-QC10,0.106112641,0.865926956,0.003000571,0.014526548,0.0737868,0.042759124,,,,,,,,,,,,,,,,,,,
fructose 1,C6H14O12P2,RPneg-QC09,0.474902294,0.351975086,0.088120911,0.059820934,0.072822606,0.049375742,0.041628134,0.336256588,,,,,,,,,,,,,,,,,
fructose 1,C6H14O12P2,RPneg-01,0.097814656,0.861509654,0.023017266,0,0.010817432,0.041819622,0.012876272,0.049959755,,,,,,,,,,,,,,,,,
Fumaric acid (RP),C4H4O4,RPneg-12,0.096329568,0.877088141,0,0.037613827,0.03110151,0.054196522,,,,,,,,,,,,,,,,,,,
fructose 1,C6H14O12P2,RPneg-14,0.400206313,0.526752434,0.019619279,0.025714057,0.048574035,0.029765742,0.032041305,0.317533148,,,,,,,,,,,,,,,,,
fructose 1,C6H14O12P2,RPneg-17,0.402839846,0.552223443,0.016476332,0.004667093,0.027705071,0.03295999,0.019535038,0.346433032,,,,,,,,,,,,,,,,,
fructose 1,C6H14O12P2,RPneg-19,0.098209686,0.843447169,0.041103789,0,0.021497245,0.033468183,0.013111824,0.047371789,,,,,,,,,,,,,,,,,
Fumaric acid (RP),C4H4O4,RPneg-02,0.089727556,0.881569886,0,0.047053651,0.020702932,0.050673531,,,,,,,,,,,,,,,,,,,
fructose 1,C6H14O12P2,RPneg-36,0.292597214,0.546661977,0.091317828,0.064645546,0.045951609,0.031296001,0.048826702,0.171300337,,,,,,,,,,,,,,,,,
Fumaric acid (RP),C4H4O4,RPneg-13,0.101324778,0.86262838,0.004658682,0.045617281,0.038976764,0.048118894,,,,,,,,,,,,,,,,,,,
Fumaric acid (RP),C4H4O4,RPneg-03,0.118607362,0.849434769,0,0.036420251,0.054990975,0.059154005,,,,,,,,,,,,,,,,,,,
fructose 1,C6H14O12P2,RPneg-QC04,0.26521798,0.663600425,0.026295999,0.009277361,0.034655058,0.077267481,0,0.188903677,,,,,,,,,,,,,,,,,
Fumaric acid (RP),C4H4O4,RPneg-15,0.195399856,0.735142183,0.011280341,0.035496945,0.172996931,0.0450836,,,,,,,,,,,,,,,,,,,
fructose 1,C6H14O12P2,RPneg-07,0.338431327,0.559872069,0.040757715,0.023425797,0.05440764,0.067018648,0.015427641,0.239090489,,,,,,,,,,,,,,,,,
fructose 1,C6H14O12P2,RPneg-Blank01,0.300218083,0.461994865,0,0.181618084,0.186080226,0.05736798,0.027273331,0.085665513,,,,,,,,,,,,,,,,,
fructose 1,C6H14O12P2,RPneg-26,0.313534715,0.585093934,0.054702215,0.015763478,0.058923985,0.047438334,1.45E-05,0.238063559,,,,,,,,,,,,,,,,,
fructose 1,C6H14O12P2,RPneg-10,0.308891965,0.638581133,0.023157087,0.007460441,0.040045498,0.016629007,0.016139705,0.25798713,,,,,,,,,,,,,,,,,
fructose 1,C6H14O12P2,RPneg-QC01,0.270426317,0.657956814,0.026430581,0.011352022,0.023256783,0.078993072,0.024383729,0.177627,,,,,,,,,,,,,,,,,
Fumaric acid (RP),C4H4O4,RPneg-30,0.045334187,0.945946985,0,0.011271627,0.012332058,0.03044933,,,,,,,,,,,,,,,,,,,
Fumaric acid (RP),C4H4O4,RPneg-23,0.126643462,0.842577162,0.002475426,0.015306066,0.085079095,0.054562251,,,,,,,,,,,,,,,,,,,
fructose 1,C6H14O12P2,RPneg-21,0.063324596,0.907719417,0.020601124,0,0.009421464,0.015983608,0.010498697,0.03577569,,,,,,,,,,,,,,,,,
fructose 1,C6H14O12P2,RPneg-35,0.473436017,0.258695645,0.155911254,0.118738754,0.077794645,0.033959939,0.051394932,0.303504832,,,,,,,,,,,,,,,,,
Fumaric acid (RP),C4H4O4,RPneg-31,0.052470749,0.936263066,0,0.007223454,0.03061783,0.02589565,,,,,,,,,,,,,,,,,,,
fructose 1,C6H14O12P2,RPneg-QC03,0.295161924,0.614130071,0.035816946,0.01834963,0.027151567,0.096481498,0.017347084,0.190723205,,,,,,,,,,,,,,,,,
fructose 1,C6H14O12P2,RPneg-QC07,0.356204135,0.534009276,0.052910167,0.030052089,0.048907034,0.033326745,0.060585749,0.24020894,,,,,,,,,,,,,,,,,
fructose 1,C6H14O12P2,RPneg-Blank03,0.292838421,0.464162329,0.161852449,0.06201373,0.074587175,0.054206966,0.068502875,0.114674476,,,,,,,,,,,,,,,,,
Fumaric acid (RP),C4H4O4,RPneg-33,0.0427707,0.94941355,0,0.006632983,0.017997032,0.025956435,,,,,,,,,,,,,,,,,,,
Fumaric acid (RP),C4H4O4,RPneg-07,0.113590282,0.861851322,8.90E-04,0.013691016,0.068180935,0.055386521,,,,,,,,,,,,,,,,,,,
fructose 1,C6H14O12P2,RPneg-29,0.264706915,0.680062381,0.02251269,0.007441474,0.043550491,0.020045263,0.018312872,0.208074828,,,,,,,,,,,,,,,,,
Fumaric acid (RP),C4H4O4,RPneg-35,0.415254408,0.451953721,0.026327906,0.021529427,0.409124912,0.091064034,,,,,,,,,,,,,,,,,,,
Fumaric acid (RP),C4H4O4,RPneg-26,0.075274946,0.907310522,0,0.016581827,0.036494477,0.039613174,,,,,,,,,,,,,,,,,,,
Fumaric acid (RP),C4H4O4,RPneg-22,0.136607193,0.840418969,0,0.006870054,0.078155245,0.074555732,,,,,,,,,,,,,,,,,,,
fructose 1,C6H14O12P2,RPneg-27,0.294308614,0.634216345,0.040432459,0,0.048989917,0.037644627,0.004428945,0.234287706,,,,,,,,,,,,,,,,,
fructose 1,C6H14O12P2,RPneg-23,0.27955012,0.640201099,0.039362383,0.009067594,0.036758532,0.059225623,0.01968355,0.195701219,,,,,,,,,,,,,,,,,
Fumaric acid (RP),C4H4O4,RPneg-QC01,0.065187264,0.911531538,0,0.040629583,0.011865625,0.035973254,,,,,,,,,,,,,,,,,,,
fructose 1,C6H14O12P2,RPneg-12,0.30655404,0.635324464,0.022335594,0.007091498,0.03076963,0.048923204,0.018529713,0.237025897,,,,,,,,,,,,,,,,,
fructose 1,C6H14O12P2,RPneg-13,0.339169937,0.591401719,0.031112069,0.012070092,0.038433104,0.043164607,0.011100823,0.272717586,,,,,,,,,,,,,,,,,
Fumaric acid (RP),C4H4O4,RPneg-QC08,0.100049633,0.871798575,0.004541669,0.017071416,0.064839328,0.041749011,,,,,,,,,,,,,,,,,,,
Fumaric acid (RP),C4H4O4,RPneg-QC07,0.140141046,0.820159567,0.004168428,0.011189703,0.123912861,0.040569441,,,,,,,,,,,,,,,,,,,
Fumaric acid (RP),C4H4O4,RPneg-36,0.359718993,0.526836273,0.032676482,0.012388267,0.330972954,0.097126024,,,,,,,,,,,,,,,,,,,
Fumaric acid (RP),C4H4O4,RPneg-Blank02,0.425389318,0.416261972,0.014165557,0.131187564,0.328523042,0.109861866,,,,,,,,,,,,,,,,,,,
Fumaric acid (RP),C4H4O4,RPneg-09,0.168579015,0.779028763,0.003022786,0.031884876,0.136730776,0.049332798,,,,,,,,,,,,,,,,,,,
Fumaric acid (RP),C4H4O4,RPneg-14,0.141811184,0.808986042,0.009325406,0.04144036,0.085954155,0.054294037,,,,,,,,,,,,,,,,,,,
Fumaric acid (RP),C4H4O4,RPneg-19,0.093900518,0.884458282,0,0.018954318,0.04865616,0.047931239,,,,,,,,,,,,,,,,,,,
Fumaric acid (RP),C4H4O4,RPneg-27,0.132667728,0.832725369,0,0.013411023,0.111605569,0.04225804,,,,,,,,,,,,,,,,,,,
fructose 1,C6H14O12P2,RPneg-03,0.113062976,0.810788404,0.049909017,0.018554901,0.019430341,0.031200096,0.012435816,0.057681425,,,,,,,,,,,,,,,,,
fructose 1,C6H14O12P2,RPneg-20,0.195653113,0.700737962,0.052223591,0.045870252,0.034451937,0.027577151,0.018544468,0.120594638,,,,,,,,,,,,,,,,,
Fumaric acid (RP),C4H4O4,RPneg-28,0.060371652,0.927382175,0,0.012841063,0.023302566,0.036474196,,,,,,,,,,,,,,,,,,,
Fumaric acid (RP),C4H4O4,RPneg-QC09,0.097663677,0.876221913,0.001521701,0.015304269,0.069284,0.037668118,,,,,,,,,,,,,,,,,,,
Fumaric acid (RP),C4H4O4,RPneg-01,0.100651387,0.867264186,0,0.046682939,0.03497183,0.051081045,,,,,,,,,,,,,,,,,,,
fructose 1,C6H14O12P2,RPneg-11,0.297174393,0.632485508,0.037046317,0.006244096,0.048434997,0.027817855,0.010891928,0.237079299,,,,,,,,,,,,,,,,,
Fumaric acid (RP),C4H4O4,RPneg-11,0.141497623,0.820864621,2.28E-04,0.020381322,0.109104237,0.049421773,,,,,,,,,,,,,,,,,,,
fructose 1,C6H14O12P2,RPneg-09,0.285613401,0.647070939,0.034804126,0.007634896,0.045810954,0.020245667,0.021409551,0.223023867,,,,,,,,,,,,,,,,,
fructose 1,C6H14O12P2,RPneg-15,0.391307345,0.524762644,0.037703023,0.016292159,0.05619551,0.025096166,0.031117457,0.308833042,,,,,,,,,,,,,,,,,
fructose 1,C6H14O12P2,RPneg-05,0.356311529,0.539042763,0.035132354,0.027272659,0.059434326,0.073010321,0.018798215,0.247309361,,,,,,,,,,,,,,,,,
fructose 1,C6H14O12P2,RPneg-24,0.304160433,0.593288656,0.066785228,0.008888242,0.037471746,0.058827035,0.015757046,0.218982046,,,,,,,,,,,,,,,,,
fructose 1,C6H14O12P2,RPneg-QC08,0.381036731,0.496052139,0.053929363,0.037914231,0.038743412,0.096692907,0.00654699,0.270120958,,,,,,,,,,,,,,,,,
Fumaric acid (RP),C4H4O4,RPneg-04,0.191136369,0.753733715,0.00729726,0.019006022,0.160615843,0.05934716,,,,,,,,,,,,,,,,,,,
Fumaric acid (RP),C4H4O4,RPneg-21,0.120238319,0.848106917,0,0.013767007,0.099085044,0.039041032,,,,,,,,,,,,,,,,,,,
fructose 1,C6H14O12P2,RPneg-Blank02,0.239395048,0.395202059,0.182941928,0.257534886,0.055155482,0.034207683,0.013686363,0.061271599,,,,,,,,,,,,,,,,,
Fumaric acid (RP),C4H4O4,RPneg-QC02,0.06313544,0.918796872,0,0.027186468,0.017897818,0.036118842,,,,,,,,,,,,,,,,,,,
fructose 1,C6H14O12P2,RPneg-18,0.415182356,0.535487787,0.019346925,0.002265284,0.033049948,0.03697093,0.017091673,0.355787452,,,,,,,,,,,,,,,,,
Fumaric acid (RP),C4H4O4,RPneg-QC03,0.061541658,0.920758269,0,0.02600642,0.018787454,0.034447857,,,,,,,,,,,,,,,,,,,
fructose 1,C6H14O12P2,RPneg-30,0.260440163,0.695610043,0.010050626,0,0.040065676,0.043355035,0.006538541,0.204380081,,,,,,,,,,,,,,,,,
Fumaric acid (RP),C4H4O4,RPneg-25,0.071675351,0.909888413,0,0.021472705,0.030799537,0.037839346,,,,,,,,,,,,,,,,,,,
Fumaric acid (RP),C4H4O4,RPneg-Blank01,0.649995952,0.209070965,0,0.244486118,0.074760092,0.471682824,,,,,,,,,,,,,,,,,,,
Fumaric acid (RP),C4H4O4,RPneg-18,0.122426277,0.817259897,0.014126068,0.075848213,0.047180675,0.045585147,,,,,,,,,,,,,,,,,,,
Fumaric acid (RP),C4H4O4,RPneg-08,0.180819348,0.764715897,0.007703103,0.018867237,0.157015236,0.051698527,,,,,,,,,,,,,,,,,,,
fructose 1,C6H14O12P2,RPneg-25,0.262573715,0.685433902,0.019818502,0,0.042936064,0.03984907,0.004355453,0.207607009,,,,,,,,,,,,,,,,,
Fumaric acid (RP),C4H4O4,RPneg-32,0.034977154,0.95958213,0,0.006262838,0.009237189,0.024917843,,,,,,,,,,,,,,,,,,,
Fumaric acid (RP),C4H4O4,RPneg-16,0.13497328,0.79745934,0.016517573,0.0791435,0.062429801,0.044449786,,,,,,,,,,,,,,,,,,,
fructose 1,C6H14O12P2,RPneg-16,0.429248689,0.515433459,0.02449588,0,0.041296308,0.029989103,0.025560582,0.363224668,,,,,,,,,,,,,,,,,
fructose 1,C6H14O12P2,RPneg-22,0.302877218,0.615132606,0.043653769,0.022211511,0.034581033,0.035730656,0.00962175,0.239068674,,,,,,,,,,,,,,,,,
Fumaric acid (RP),C4H4O4,RPneg-24,0.131111719,0.83493807,0.004777151,0.022570125,0.076329137,0.061385516,,,,,,,,,,,,,,,,,,,
fructose 1,C6H14O12P2,RPneg-32,0.246986012,0.721187886,0.006056826,2.46E-04,0.031606794,0.026308677,0.012248762,0.202344559,,,,,,,,,,,,,,,,,
Fumaric acid (RP),C4H4O4,RPneg-QC05,0.11463932,0.853457212,0.001637334,0.013256442,0.096188988,0.035460024,,,,,,,,,,,,,,,,,,,
fructose 1,C6H14O12P2,RPneg-QC02,0.271329503,0.667993592,0.027679733,0.001566276,0.029100165,0.064609335,0.002878496,0.206172403,,,,,,,,,,,,,,,,,
Fumaric acid (RP),C4H4O4,RPneg-17,0.125882208,0.813970263,0.011986359,0.075767608,0.053095826,0.045179944,,,,,,,,,,,,,,,,,,,
Fumaric acid (RP),C4H4O4,RPneg-05,0.144671597,0.815497581,0.006907801,0.02608796,0.086423966,0.065082692,,,,,,,,,,,,,,,,,,,
fructose 1,C6H14O12P2,RPneg-28,0.326005691,0.584230938,0.048353593,0.001682048,0.051744474,0.057489097,0.019872446,0.236627403,,,,,,,,,,,,,,,,,
fructose 1,C6H14O12P2,RPneg-08,0.287571038,0.623505304,0.042793938,0.011686848,0.065777923,0.026879404,0.021732286,0.207624297,,,,,,,,,,,,,,,,,
fructose 1,C6H14O12P2,RPneg-02,0.098904102,0.862639434,0.016119318,0.003705564,0.016215514,0.035477829,0.015717742,0.050124599,,,,,,,,,,,,,,,,,
fructose 1,C6H14O12P2,RPneg-04,0.306780546,0.593292357,0.04437364,0.030684229,0.040804753,0.053541905,0.025459392,0.211843723,,,,,,,,,,,,,,,,,
Fumaric acid (RP),C4H4O4,RPneg-QC06,0.06464431,0.921191503,2.84E-04,0.014636342,0.026531662,0.03735636,,,,,,,,,,,,,,,,,,,
Fumaric acid (RP),C4H4O4,RPneg-34,0.044402344,0.945750354,0,0.00835358,0.022682052,0.023214015,,,,,,,,,,,,,,,,,,,
Fumaric acid (RP),C4H4O4,RPneg-29,0.077232338,0.905139062,0,0.005678304,0.059157791,0.030024843,,,,,,,,,,,,,,,,,,,
fructose 1,C6H14O12P2,RPneg-33,0.337818126,0.601142642,0.025527365,0,0.040809063,0.040812636,0.034546105,0.257162189,,,,,,,,,,,,,,,,,
fructose 1,C6H14O12P2,RPneg-QC05,0.304212304,0.63504877,0.007462569,0.009663395,0.040461407,0.081280746,0.004521417,0.221561696,,,,,,,,,,,,,,,,,
Fumaric acid (RP),C4H4O4,RPneg-06,0.130907163,0.839104699,1.48E-04,0.045407839,0.028691753,0.086647335,,,,,,,,,,,,,,,,,,,
fructose 1,C6H14O12P2,RPneg-QC10,0.433048429,0.357351689,0.129350618,0.059083685,0.086752759,0.049395721,0.015461744,0.302603783,,,,,,,,,,,,,,,,,
Fumaric acid (RP),C4H4O4,RPneg-Blank03,0.481895281,0.375833821,0.028032638,0.01332595,0.458333778,0.124473813,,,,,,,,,,,,,,,,,,,
Fumaric acid (RP),C4H4O4,RPneg-20,0.19941348,0.74057416,0.005193383,0.01611624,0.192236811,0.045879406,,,,,,,,,,,,,,,,,,,
fructose 1,C6H14O12P2,RPneg-31,0.318494373,0.622817572,0.022730985,0.00850807,0.037418248,0.024720666,0.04274505,0.24105941,,,,,,,,,,,,,,,,,
Lactic acid,C3H6O3,hilic-36,0.414826059,0.585173941,0,0,0.414826059,,,,,,,,,,,,,,,,,,,,
Lactic acid,C3H6O3,hilic-30,0.399660252,0.600339748,0,0,0.399660252,,,,,,,,,,,,,,,,,,,,
Lactic acid,C3H6O3,hilic-03,0.349773609,0.650226391,0,0,0.349773609,,,,,,,,,,,,,,,,,,,,
Lactic acid,C3H6O3,hilic-QC09,0.481336855,0.518663145,0,0,0.481336855,,,,,,,,,,,,,,,,,,,,
Lactic acid,C3H6O3,hilic-26,0.338084506,0.661915494,0,0,0.338084506,,,,,,,,,,,,,,,,,,,,
Lactic acid,C3H6O3,hilic-20,0.33002722,0.66997278,0,0,0.33002722,,,,,,,,,,,,,,,,,,,,
Lactic acid,C3H6O3,hilic-05,0.486272035,0.513727965,0,0,0.486272035,,,,,,,,,,,,,,,,,,,,
Lactic acid,C3H6O3,hilic-04,0.388998267,0.611001733,0,0,0.388998267,,,,,,,,,,,,,,,,,,,,
Lactic acid,C3H6O3,hilic-19,0.375823258,0.624176742,0,0,0.375823258,,,,,,,,,,,,,,,,,,,,
Lactic acid,C3H6O3,hilic-Blank02,0.615310233,0.384689767,0,0,0.615310233,,,,,,,,,,,,,,,,,,,,
Lactic acid,C3H6O3,hilic-01,0.364290492,0.634367409,0.002013148,0,0.363619443,,,,,,,,,,,,,,,,,,,,
Lactic acid,C3H6O3,hilic-21,0.327279144,0.669636922,0.0046259,0,0.325737178,,,,,,,,,,,,,,,,,,,,
Lactic acid,C3H6O3,hilic-25,0.359510476,0.640489524,0,0,0.359510476,,,,,,,,,,,,,,,,,,,,
Lactic acid,C3H6O3,hilic-31,0.081775554,0.917082224,0.001713333,0,0.081204444,,,,,,,,,,,,,,,,,,,,
Lactic acid,C3H6O3,hilic-15,0.417574131,0.582425869,0,0,0.417574131,,,,,,,,,,,,,,,,,,,,
Lactic acid,C3H6O3,hilic-23,0.423587086,0.576412914,0,0,0.423587086,,,,,,,,,,,,,,,,,,,,
Lactic acid,C3H6O3,hilic-02,0.275353541,0.724646459,0,0,0.275353541,,,,,,,,,,,,,,,,,,,,
Lactic acid,C3H6O3,hilic-QC05,0.372165716,0.627834284,0,0,0.372165716,,,,,,,,,,,,,,,,,,,,
Lactic acid,C3H6O3,hilic-07,0.436544847,0.563455153,0,0,0.436544847,,,,,,,,,,,,,,,,,,,,
Lactic acid,C3H6O3,hilic-13,0.37746577,0.62253423,0,0,0.37746577,,,,,,,,,,,,,,,,,,,,
Lactic acid,C3H6O3,hilic-33,0.407094179,0.592905821,0,0,0.407094179,,,,,,,,,,,,,,,,,,,,
Lactic acid,C3H6O3,hilic-QC10,0.420857176,0.579142824,0,0,0.420857176,,,,,,,,,,,,,,,,,,,,
Lactic acid,C3H6O3,hilic-28,0.480267804,0.519732196,0,0,0.480267804,,,,,,,,,,,,,,,,,,,,
Lactic acid,C3H6O3,hilic-14,0.470670862,0.529329138,0,0,0.470670862,,,,,,,,,,,,,,,,,,,,
Lactic acid,C3H6O3,hilic-08,0.345931769,0.654068231,0,0,0.345931769,,,,,,,,,,,,,,,,,,,,
Lactic acid,C3H6O3,hilic-QC06,0.414540787,0.585459213,0,0,0.414540787,,,,,,,,,,,,,,,,,,,,
Lactic acid,C3H6O3,hilic-QC04,0.369393717,0.630606283,0,0,0.369393717,,,,,,,,,,,,,,,,,,,,
Lactic acid,C3H6O3,hilic-10,0.424889752,0.575110248,0,0,0.424889752,,,,,,,,,,,,,,,,,,,,
Lactic acid,C3H6O3,hilic-QC02,0.372638301,0.627361699,0,0,0.372638301,,,,,,,,,,,,,,,,,,,,
Lactic acid,C3H6O3,hilic-17,0.427848805,0.572151195,0,0,0.427848805,,,,,,,,,,,,,,,,,,,,
Lactic acid,C3H6O3,hilic-QC07,0.417684545,0.582315455,0,0,0.417684545,,,,,,,,,,,,,,,,,,,,
Lactic acid,C3H6O3,hilic-16,0.549602646,0.449531959,0.001298092,0,0.549169949,,,,,,,,,,,,,,,,,,,,
Lactic acid,C3H6O3,hilic-22,0.55314634,0.44685366,0,0,0.55314634,,,,,,,,,,,,,,,,,,,,
Lactic acid,C3H6O3,hilic-27,0.455929381,0.544070619,0,0,0.455929381,,,,,,,,,,,,,,,,,,,,
Lactic acid,C3H6O3,hilic-QC08,0.464311417,0.535688583,0,0,0.464311417,,,,,,,,,,,,,,,,,,,,
Lactic acid,C3H6O3,hilic-32,0.404227415,0.595772585,0,0,0.404227415,,,,,,,,,,,,,,,,,,,,
Lactic acid,C3H6O3,hilic-09,0.419905835,0.580094165,0,0,0.419905835,,,,,,,,,,,,,,,,,,,,
Lactic acid,C3H6O3,hilic-24,0.360818662,0.639181338,0,0,0.360818662,,,,,,,,,,,,,,,,,,,,
Lactic acid,C3H6O3,hilic-34,0.527175893,0.472824107,0,0,0.527175893,,,,,,,,,,,,,,,,,,,,
Lactic acid,C3H6O3,hilic-18,0.454259641,0.544046656,0.002540555,0,0.453412789,,,,,,,,,,,,,,,,,,,,
Lactic acid,C3H6O3,hilic-35,0.517669578,0.482330422,0,0,0.517669578,,,,,,,,,,,,,,,,,,,,
Lactic acid,C3H6O3,hilic-Blank01,0.635556922,0.364443078,0,0,0.635556922,,,,,,,,,,,,,,,,,,,,
Lactic acid,C3H6O3,hilic-12,0.387931496,0.612068504,0,0,0.387931496,,,,,,,,,,,,,,,,,,,,
Lactic acid,C3H6O3,hilic-06,0.37899554,0.62100446,0,0,0.37899554,,,,,,,,,,,,,,,,,,,,
Lactic acid,C3H6O3,hilic-QC03,0.382795118,0.617204882,0,0,0.382795118,,,,,,,,,,,,,,,,,,,,
Lactic acid,C3H6O3,hilic-Blank03,0.618418786,0.381581214,0,0,0.618418786,,,,,,,,,,,,,,,,,,,,
Lactic acid,C3H6O3,hilic-QC01,0.374671602,0.625328398,0,0,0.374671602,,,,,,,,,,,,,,,,,,,,
Lactic acid,C3H6O3,hilic-11,0.401093223,0.598906777,0,0,0.401093223,,,,,,,,,,,,,,,,,,,,
Lactic acid,C3H6O3,hilic-29,0.465280323,0.534719677,0,0,0.465280323,,,,,,,,,,,,,,,,,,,,
