experiment_id,met_id,ms_id,measurement_replicate,labelled_atom_ids,unlabelled_atoms,mass_isotope,intensity,intensity_std_error,time
exp1,Cit,Cit,1,"[1,2,3,4,5,6]",,0,0.931839218,0.002,0
exp1,Cit,Cit,1,"[1,2,3,4,5,6]",,1,0.051246106,0.002,0
exp1,Cit,Cit,1,"[1,2,3,4,5,6]",,2,0.016082465,0.002,0
exp1,Cit,Cit,1,"[1,2,3,4,5,6]",,3,NA,0.002,0
exp1,Cit,Cit,1,"[1,2,3,4,5,6]",,4,0.000455,0.002,0
exp1,Cit,Cit,1,"[1,2,3,4,5,6]",,5,0.000377,0.002,0
exp1,Cit,Cit,1,"[1,2,3,4,5,6]",,6,NA,0.002,0
exp1,Cit,Cit,1,"[1,2,3,4,5,6]",,0,0.896563229,0.002,10
exp1,Cit,Cit,1,"[1,2,3,4,5,6]",,1,0.016561215,0.002,10
exp1,Cit,Cit,1,"[1,2,3,4,5,6]",,2,0.082250482,0.002,10
exp1,Cit,Cit,1,"[1,2,3,4,5,6]",,3,0.004013793,0.002,10
exp1,Cit,Cit,1,"[1,2,3,4,5,6]",,4,NA,0.002,10
exp1,Cit,Cit,1,"[1,2,3,4,5,6]",,5,0.000611,0.002,10
exp1,Cit,Cit,1,"[1,2,3,4,5,6]",,6,NA,0.002,10
exp1,Cit,Cit,1,"[1,2,3,4,5,6]",,0,0.861048044,0.002,20
exp1,Cit,Cit,1,"[1,2,3,4,5,6]",,1,0.023314957,0.002,20
exp1,Cit,Cit,1,"[1,2,3,4,5,6]",,2,0.109675786,0.002,20
exp1,Cit,Cit,1,"[1,2,3,4,5,6]",,3,0.004968593,0.002,20
exp1,Cit,Cit,1,"[1,2,3,4,5,6]",,4,NA,0.002,20
exp1,Cit,Cit,1,"[1,2,3,4,5,6]",,5,0.000989,0.002,20
exp1,Cit,Cit,1,"[1,2,3,4,5,6]",,6,3.90E-06,0.002,20
exp1,Cit,Cit,1,"[1,2,3,4,5,6]",,0,0.805758815,0.002,40
exp1,Cit,Cit,1,"[1,2,3,4,5,6]",,1,0.025408145,0.002,40
exp1,Cit,Cit,1,"[1,2,3,4,5,6]",,2,0.15004436,0.002,40
exp1,Cit,Cit,1,"[1,2,3,4,5,6]",,3,0.013846169,0.002,40
exp1,Cit,Cit,1,"[1,2,3,4,5,6]",,4,0.002581364,0.002,40
exp1,Cit,Cit,1,"[1,2,3,4,5,6]",,5,0.002322106,0.002,40
exp1,Cit,Cit,1,"[1,2,3,4,5,6]",,6,3.90E-05,0.002,40
exp1,Cit,Cit,1,"[1,2,3,4,5,6]",,0,0.80214784,0.002,80
exp1,Cit,Cit,1,"[1,2,3,4,5,6]",,1,0.021990001,0.002,80
exp1,Cit,Cit,1,"[1,2,3,4,5,6]",,2,0.151021541,0.002,80
exp1,Cit,Cit,1,"[1,2,3,4,5,6]",,3,0.016405877,0.002,80
exp1,Cit,Cit,1,"[1,2,3,4,5,6]",,4,0.005193086,0.002,80
exp1,Cit,Cit,1,"[1,2,3,4,5,6]",,5,0.003194368,0.002,80
exp1,Cit,Cit,1,"[1,2,3,4,5,6]",,6,4.73E-05,0.002,80
exp1,Cit,Cit,1,"[1,2,3,4,5,6]",,0,0.663032069,0.002,160
exp1,Cit,Cit,1,"[1,2,3,4,5,6]",,1,0.027658948,0.002,160
exp1,Cit,Cit,1,"[1,2,3,4,5,6]",,2,0.256238687,0.002,160
exp1,Cit,Cit,1,"[1,2,3,4,5,6]",,3,0.025021565,0.002,160
exp1,Cit,Cit,1,"[1,2,3,4,5,6]",,4,0.019084611,0.002,160
exp1,Cit,Cit,1,"[1,2,3,4,5,6]",,5,0.008707088,0.002,160
exp1,Cit,Cit,1,"[1,2,3,4,5,6]",,6,0.000257,0.002,160
exp1,3PG,3PG,1,"[1,2,3]",,0,0.950691428,0.002,0
exp1,3PG,3PG,1,"[1,2,3]",,1,NA,0.002,0
exp1,3PG,3PG,1,"[1,2,3]",,2,NA,0.002,0
exp1,3PG,3PG,1,"[1,2,3]",,3,0.049308572,0.002,0
exp1,3PG,3PG,1,"[1,2,3]",,0,0.240123288,0.002,10
exp1,3PG,3PG,1,"[1,2,3]",,1,0.008085488,0.002,10
exp1,3PG,3PG,1,"[1,2,3]",,2,0.008506194,0.002,10
exp1,3PG,3PG,1,"[1,2,3]",,3,0.74328503,0.002,10
exp1,3PG,3PG,1,"[1,2,3]",,0,0.261233173,0.002,20
exp1,3PG,3PG,1,"[1,2,3]",,1,0.010055591,0.002,20
exp1,3PG,3PG,1,"[1,2,3]",,2,0.01570541,0.002,20
exp1,3PG,3PG,1,"[1,2,3]",,3,0.713005827,0.002,20
exp1,3PG,3PG,1,"[1,2,3]",,0,0.204050042,0.002,40
exp1,3PG,3PG,1,"[1,2,3]",,1,0.008841786,0.002,40
exp1,3PG,3PG,1,"[1,2,3]",,2,0.007858135,0.002,40
exp1,3PG,3PG,1,"[1,2,3]",,3,0.779250037,0.002,40
exp1,3PG,3PG,1,"[1,2,3]",,0,0.233517918,0.002,80
exp1,3PG,3PG,1,"[1,2,3]",,1,0.010322973,0.002,80
exp1,3PG,3PG,1,"[1,2,3]",,2,0.01460121,0.002,80
exp1,3PG,3PG,1,"[1,2,3]",,3,0.741557899,0.002,80
exp1,3PG,3PG,1,"[1,2,3]",,0,0.220614353,0.002,160
exp1,3PG,3PG,1,"[1,2,3]",,1,0.009628046,0.002,160
exp1,3PG,3PG,1,"[1,2,3]",,2,0.010397495,0.002,160
exp1,3PG,3PG,1,"[1,2,3]",,3,0.759360106,0.002,160
exp1,6PGC,6PGC,1,"[1,2,3,4,5,6]",,0,0.952063137,0.002,0
exp1,6PGC,6PGC,1,"[1,2,3,4,5,6]",,1,NA,0.002,0
exp1,6PGC,6PGC,1,"[1,2,3,4,5,6]",,2,NA,0.002,0
exp1,6PGC,6PGC,1,"[1,2,3,4,5,6]",,3,0.003543446,0.002,0
exp1,6PGC,6PGC,1,"[1,2,3,4,5,6]",,4,NA,0.002,0
exp1,6PGC,6PGC,1,"[1,2,3,4,5,6]",,5,0.006773342,0.002,0
exp1,6PGC,6PGC,1,"[1,2,3,4,5,6]",,6,0.037620075,0.002,0
exp1,6PGC,6PGC,1,"[1,2,3,4,5,6]",,0,0.345562127,0.002,10
exp1,6PGC,6PGC,1,"[1,2,3,4,5,6]",,1,0.021498943,0.002,10
exp1,6PGC,6PGC,1,"[1,2,3,4,5,6]",,2,0.006910063,0.002,10
exp1,6PGC,6PGC,1,"[1,2,3,4,5,6]",,3,0.020014623,0.002,10
exp1,6PGC,6PGC,1,"[1,2,3,4,5,6]",,4,NA,0.002,10
exp1,6PGC,6PGC,1,"[1,2,3,4,5,6]",,5,0.047784239,0.002,10
exp1,6PGC,6PGC,1,"[1,2,3,4,5,6]",,6,0.558230004,0.002,10
exp1,6PGC,6PGC,1,"[1,2,3,4,5,6]",,0,0.302142667,0.002,20
exp1,6PGC,6PGC,1,"[1,2,3,4,5,6]",,1,0.015400042,0.002,20
exp1,6PGC,6PGC,1,"[1,2,3,4,5,6]",,2,0.004081277,0.002,20
exp1,6PGC,6PGC,1,"[1,2,3,4,5,6]",,3,0.01126795,0.002,20
exp1,6PGC,6PGC,1,"[1,2,3,4,5,6]",,4,0.000268,0.002,20
exp1,6PGC,6PGC,1,"[1,2,3,4,5,6]",,5,0.046849764,0.002,20
exp1,6PGC,6PGC,1,"[1,2,3,4,5,6]",,6,0.619990063,0.002,20
exp1,6PGC,6PGC,1,"[1,2,3,4,5,6]",,0,0.249579442,0.002,40
exp1,6PGC,6PGC,1,"[1,2,3,4,5,6]",,1,0.006832546,0.002,40
exp1,6PGC,6PGC,1,"[1,2,3,4,5,6]",,2,0.010240114,0.002,40
exp1,6PGC,6PGC,1,"[1,2,3,4,5,6]",,3,0.01936596,0.002,40
exp1,6PGC,6PGC,1,"[1,2,3,4,5,6]",,4,0.016590168,0.002,40
exp1,6PGC,6PGC,1,"[1,2,3,4,5,6]",,5,0.052816807,0.002,40
exp1,6PGC,6PGC,1,"[1,2,3,4,5,6]",,6,0.644574964,0.002,40
exp1,6PGC,6PGC,1,"[1,2,3,4,5,6]",,0,0.291938251,0.002,80
exp1,6PGC,6PGC,1,"[1,2,3,4,5,6]",,1,0.012762,0.002,80
exp1,6PGC,6PGC,1,"[1,2,3,4,5,6]",,2,0.007767949,0.002,80
exp1,6PGC,6PGC,1,"[1,2,3,4,5,6]",,3,0.020707118,0.002,80
exp1,6PGC,6PGC,1,"[1,2,3,4,5,6]",,4,NA,0.002,80
exp1,6PGC,6PGC,1,"[1,2,3,4,5,6]",,5,0.054604645,0.002,80
exp1,6PGC,6PGC,1,"[1,2,3,4,5,6]",,6,0.612220038,0.002,80
exp1,6PGC,6PGC,1,"[1,2,3,4,5,6]",,0,0.253881584,0.002,160
exp1,6PGC,6PGC,1,"[1,2,3,4,5,6]",,1,0.012059323,0.002,160
exp1,6PGC,6PGC,1,"[1,2,3,4,5,6]",,2,0.008599767,0.002,160
exp1,6PGC,6PGC,1,"[1,2,3,4,5,6]",,3,0.015996253,0.002,160
exp1,6PGC,6PGC,1,"[1,2,3,4,5,6]",,4,NA,0.002,160
exp1,6PGC,6PGC,1,"[1,2,3,4,5,6]",,5,0.045716411,0.002,160
exp1,6PGC,6PGC,1,"[1,2,3,4,5,6]",,6,0.663746662,0.002,160
exp1,AcCoA,AcCoA,1,"[1,2,3,4,5,6,7,8,9,10,11,12,13,14,15,16,17,18,19,20,21,22,23]",,0,0.959706711,0.002,0
exp1,AcCoA,AcCoA,1,"[1,2,3,4,5,6,7,8,9,10,11,12,13,14,15,16,17,18,19,20,21,22,23]",,1,NA,0.002,0
exp1,AcCoA,AcCoA,1,"[1,2,3,4,5,6,7,8,9,10,11,12,13,14,15,16,17,18,19,20,21,22,23]",,2,NA,0.002,0
exp1,AcCoA,AcCoA,1,"[1,2,3,4,5,6,7,8,9,10,11,12,13,14,15,16,17,18,19,20,21,22,23]",,3,NA,0.002,0
exp1,AcCoA,AcCoA,1,"[1,2,3,4,5,6,7,8,9,10,11,12,13,14,15,16,17,18,19,20,21,22,23]",,4,0.001330046,0.002,0
exp1,AcCoA,AcCoA,1,"[1,2,3,4,5,6,7,8,9,10,11,12,13,14,15,16,17,18,19,20,21,22,23]",,5,0.001091737,0.002,0
exp1,AcCoA,AcCoA,1,"[1,2,3,4,5,6,7,8,9,10,11,12,13,14,15,16,17,18,19,20,21,22,23]",,6,0.002253939,0.002,0
exp1,AcCoA,AcCoA,1,"[1,2,3,4,5,6,7,8,9,10,11,12,13,14,15,16,17,18,19,20,21,22,23]",,7,NA,0.002,0
exp1,AcCoA,AcCoA,1,"[1,2,3,4,5,6,7,8,9,10,11,12,13,14,15,16,17,18,19,20,21,22,23]",,8,0.001811353,0.002,0
exp1,AcCoA,AcCoA,1,"[1,2,3,4,5,6,7,8,9,10,11,12,13,14,15,16,17,18,19,20,21,22,23]",,9,0.001141396,0.002,0
exp1,AcCoA,AcCoA,1,"[1,2,3,4,5,6,7,8,9,10,11,12,13,14,15,16,17,18,19,20,21,22,23]",,10,0.003122741,0.002,0
exp1,AcCoA,AcCoA,1,"[1,2,3,4,5,6,7,8,9,10,11,12,13,14,15,16,17,18,19,20,21,22,23]",,11,0.001448825,0.002,0
exp1,AcCoA,AcCoA,1,"[1,2,3,4,5,6,7,8,9,10,11,12,13,14,15,16,17,18,19,20,21,22,23]",,12,0.002645648,0.002,0
exp1,AcCoA,AcCoA,1,"[1,2,3,4,5,6,7,8,9,10,11,12,13,14,15,16,17,18,19,20,21,22,23]",,13,0.003403673,0.002,0
exp1,AcCoA,AcCoA,1,"[1,2,3,4,5,6,7,8,9,10,11,12,13,14,15,16,17,18,19,20,21,22,23]",,14,0.002405589,0.002,0
exp1,AcCoA,AcCoA,1,"[1,2,3,4,5,6,7,8,9,10,11,12,13,14,15,16,17,18,19,20,21,22,23]",,15,0.000149,0.002,0
exp1,AcCoA,AcCoA,1,"[1,2,3,4,5,6,7,8,9,10,11,12,13,14,15,16,17,18,19,20,21,22,23]",,16,0.003435984,0.002,0
exp1,AcCoA,AcCoA,1,"[1,2,3,4,5,6,7,8,9,10,11,12,13,14,15,16,17,18,19,20,21,22,23]",,17,0.002922098,0.002,0
exp1,AcCoA,AcCoA,1,"[1,2,3,4,5,6,7,8,9,10,11,12,13,14,15,16,17,18,19,20,21,22,23]",,18,0.00271134,0.002,0
exp1,AcCoA,AcCoA,1,"[1,2,3,4,5,6,7,8,9,10,11,12,13,14,15,16,17,18,19,20,21,22,23]",,19,0.000995,0.002,0
exp1,AcCoA,AcCoA,1,"[1,2,3,4,5,6,7,8,9,10,11,12,13,14,15,16,17,18,19,20,21,22,23]",,20,0.000832,0.002,0
exp1,AcCoA,AcCoA,1,"[1,2,3,4,5,6,7,8,9,10,11,12,13,14,15,16,17,18,19,20,21,22,23]",,21,1.84E-05,0.002,0
exp1,AcCoA,AcCoA,1,"[1,2,3,4,5,6,7,8,9,10,11,12,13,14,15,16,17,18,19,20,21,22,23]",,22,0.006809879,0.002,0
exp1,AcCoA,AcCoA,1,"[1,2,3,4,5,6,7,8,9,10,11,12,13,14,15,16,17,18,19,20,21,22,23]",,23,0.00176481,0.002,0
exp1,AcCoA,AcCoA,1,"[1,2,3,4,5,6,7,8,9,10,11,12,13,14,15,16,17,18,19,20,21,22,23]",,0,0.835590385,0.002,10
exp1,AcCoA,AcCoA,1,"[1,2,3,4,5,6,7,8,9,10,11,12,13,14,15,16,17,18,19,20,21,22,23]",,1,0.0127968,0.002,10
exp1,AcCoA,AcCoA,1,"[1,2,3,4,5,6,7,8,9,10,11,12,13,14,15,16,17,18,19,20,21,22,23]",,2,0.111152955,0.002,10
exp1,AcCoA,AcCoA,1,"[1,2,3,4,5,6,7,8,9,10,11,12,13,14,15,16,17,18,19,20,21,22,23]",,3,NA,0.002,10
exp1,AcCoA,AcCoA,1,"[1,2,3,4,5,6,7,8,9,10,11,12,13,14,15,16,17,18,19,20,21,22,23]",,4,0.00014,0.002,10
exp1,AcCoA,AcCoA,1,"[1,2,3,4,5,6,7,8,9,10,11,12,13,14,15,16,17,18,19,20,21,22,23]",,5,0.000106,0.002,10
exp1,AcCoA,AcCoA,1,"[1,2,3,4,5,6,7,8,9,10,11,12,13,14,15,16,17,18,19,20,21,22,23]",,6,0.001775275,0.002,10
exp1,AcCoA,AcCoA,1,"[1,2,3,4,5,6,7,8,9,10,11,12,13,14,15,16,17,18,19,20,21,22,23]",,7,0.001928076,0.002,10
exp1,AcCoA,AcCoA,1,"[1,2,3,4,5,6,7,8,9,10,11,12,13,14,15,16,17,18,19,20,21,22,23]",,8,0.000754,0.002,10
exp1,AcCoA,AcCoA,1,"[1,2,3,4,5,6,7,8,9,10,11,12,13,14,15,16,17,18,19,20,21,22,23]",,9,0.003296535,0.002,10
exp1,AcCoA,AcCoA,1,"[1,2,3,4,5,6,7,8,9,10,11,12,13,14,15,16,17,18,19,20,21,22,23]",,10,0.002619404,0.002,10
exp1,AcCoA,AcCoA,1,"[1,2,3,4,5,6,7,8,9,10,11,12,13,14,15,16,17,18,19,20,21,22,23]",,11,0.004089002,0.002,10
exp1,AcCoA,AcCoA,1,"[1,2,3,4,5,6,7,8,9,10,11,12,13,14,15,16,17,18,19,20,21,22,23]",,12,0.004879419,0.002,10
exp1,AcCoA,AcCoA,1,"[1,2,3,4,5,6,7,8,9,10,11,12,13,14,15,16,17,18,19,20,21,22,23]",,13,3.00E-04,0.002,10
exp1,AcCoA,AcCoA,1,"[1,2,3,4,5,6,7,8,9,10,11,12,13,14,15,16,17,18,19,20,21,22,23]",,14,0.00311599,0.002,10
exp1,AcCoA,AcCoA,1,"[1,2,3,4,5,6,7,8,9,10,11,12,13,14,15,16,17,18,19,20,21,22,23]",,15,NA,0.002,10
exp1,AcCoA,AcCoA,1,"[1,2,3,4,5,6,7,8,9,10,11,12,13,14,15,16,17,18,19,20,21,22,23]",,16,0.001282396,0.002,10
exp1,AcCoA,AcCoA,1,"[1,2,3,4,5,6,7,8,9,10,11,12,13,14,15,16,17,18,19,20,21,22,23]",,17,0.003536123,0.002,10
exp1,AcCoA,AcCoA,1,"[1,2,3,4,5,6,7,8,9,10,11,12,13,14,15,16,17,18,19,20,21,22,23]",,18,0.003148195,0.002,10
exp1,AcCoA,AcCoA,1,"[1,2,3,4,5,6,7,8,9,10,11,12,13,14,15,16,17,18,19,20,21,22,23]",,19,0.001648905,0.002,10
exp1,AcCoA,AcCoA,1,"[1,2,3,4,5,6,7,8,9,10,11,12,13,14,15,16,17,18,19,20,21,22,23]",,20,0.001682478,0.002,10
exp1,AcCoA,AcCoA,1,"[1,2,3,4,5,6,7,8,9,10,11,12,13,14,15,16,17,18,19,20,21,22,23]",,21,0.001021601,0.002,10
exp1,AcCoA,AcCoA,1,"[1,2,3,4,5,6,7,8,9,10,11,12,13,14,15,16,17,18,19,20,21,22,23]",,22,0.001820091,0.002,10
exp1,AcCoA,AcCoA,1,"[1,2,3,4,5,6,7,8,9,10,11,12,13,14,15,16,17,18,19,20,21,22,23]",,23,0.003315563,0.002,10
exp1,AcCoA,AcCoA,1,"[1,2,3,4,5,6,7,8,9,10,11,12,13,14,15,16,17,18,19,20,21,22,23]",,0,0.809870662,0.002,20
exp1,AcCoA,AcCoA,1,"[1,2,3,4,5,6,7,8,9,10,11,12,13,14,15,16,17,18,19,20,21,22,23]",,1,0.004422612,0.002,20
exp1,AcCoA,AcCoA,1,"[1,2,3,4,5,6,7,8,9,10,11,12,13,14,15,16,17,18,19,20,21,22,23]",,2,0.149347936,0.002,20
exp1,AcCoA,AcCoA,1,"[1,2,3,4,5,6,7,8,9,10,11,12,13,14,15,16,17,18,19,20,21,22,23]",,3,NA,0.002,20
exp1,AcCoA,AcCoA,1,"[1,2,3,4,5,6,7,8,9,10,11,12,13,14,15,16,17,18,19,20,21,22,23]",,4,NA,0.002,20
exp1,AcCoA,AcCoA,1,"[1,2,3,4,5,6,7,8,9,10,11,12,13,14,15,16,17,18,19,20,21,22,23]",,5,0.001695624,0.002,20
exp1,AcCoA,AcCoA,1,"[1,2,3,4,5,6,7,8,9,10,11,12,13,14,15,16,17,18,19,20,21,22,23]",,6,0.002443081,0.002,20
exp1,AcCoA,AcCoA,1,"[1,2,3,4,5,6,7,8,9,10,11,12,13,14,15,16,17,18,19,20,21,22,23]",,7,0.001026739,0.002,20
exp1,AcCoA,AcCoA,1,"[1,2,3,4,5,6,7,8,9,10,11,12,13,14,15,16,17,18,19,20,21,22,23]",,8,0.001323009,0.002,20
exp1,AcCoA,AcCoA,1,"[1,2,3,4,5,6,7,8,9,10,11,12,13,14,15,16,17,18,19,20,21,22,23]",,9,0.000826,0.002,20
exp1,AcCoA,AcCoA,1,"[1,2,3,4,5,6,7,8,9,10,11,12,13,14,15,16,17,18,19,20,21,22,23]",,10,0.004721569,0.002,20
exp1,AcCoA,AcCoA,1,"[1,2,3,4,5,6,7,8,9,10,11,12,13,14,15,16,17,18,19,20,21,22,23]",,11,0.000602,0.002,20
exp1,AcCoA,AcCoA,1,"[1,2,3,4,5,6,7,8,9,10,11,12,13,14,15,16,17,18,19,20,21,22,23]",,12,0.001741757,0.002,20
exp1,AcCoA,AcCoA,1,"[1,2,3,4,5,6,7,8,9,10,11,12,13,14,15,16,17,18,19,20,21,22,23]",,13,NA,0.002,20
exp1,AcCoA,AcCoA,1,"[1,2,3,4,5,6,7,8,9,10,11,12,13,14,15,16,17,18,19,20,21,22,23]",,14,NA,0.002,20
exp1,AcCoA,AcCoA,1,"[1,2,3,4,5,6,7,8,9,10,11,12,13,14,15,16,17,18,19,20,21,22,23]",,15,0.00134762,0.002,20
exp1,AcCoA,AcCoA,1,"[1,2,3,4,5,6,7,8,9,10,11,12,13,14,15,16,17,18,19,20,21,22,23]",,16,0.002724401,0.002,20
exp1,AcCoA,AcCoA,1,"[1,2,3,4,5,6,7,8,9,10,11,12,13,14,15,16,17,18,19,20,21,22,23]",,17,0.006870396,0.002,20
exp1,AcCoA,AcCoA,1,"[1,2,3,4,5,6,7,8,9,10,11,12,13,14,15,16,17,18,19,20,21,22,23]",,18,0.004167489,0.002,20
exp1,AcCoA,AcCoA,1,"[1,2,3,4,5,6,7,8,9,10,11,12,13,14,15,16,17,18,19,20,21,22,23]",,19,NA,0.002,20
exp1,AcCoA,AcCoA,1,"[1,2,3,4,5,6,7,8,9,10,11,12,13,14,15,16,17,18,19,20,21,22,23]",,20,0.000855,0.002,20
exp1,AcCoA,AcCoA,1,"[1,2,3,4,5,6,7,8,9,10,11,12,13,14,15,16,17,18,19,20,21,22,23]",,21,0.001655215,0.002,20
exp1,AcCoA,AcCoA,1,"[1,2,3,4,5,6,7,8,9,10,11,12,13,14,15,16,17,18,19,20,21,22,23]",,22,0.002397523,0.002,20
exp1,AcCoA,AcCoA,1,"[1,2,3,4,5,6,7,8,9,10,11,12,13,14,15,16,17,18,19,20,21,22,23]",,23,0.001960777,0.002,20
exp1,AcCoA,AcCoA,1,"[1,2,3,4,5,6,7,8,9,10,11,12,13,14,15,16,17,18,19,20,21,22,23]",,0,0.772185985,0.002,40
exp1,AcCoA,AcCoA,1,"[1,2,3,4,5,6,7,8,9,10,11,12,13,14,15,16,17,18,19,20,21,22,23]",,1,0.01649616,0.002,40
exp1,AcCoA,AcCoA,1,"[1,2,3,4,5,6,7,8,9,10,11,12,13,14,15,16,17,18,19,20,21,22,23]",,2,0.172814816,0.002,40
exp1,AcCoA,AcCoA,1,"[1,2,3,4,5,6,7,8,9,10,11,12,13,14,15,16,17,18,19,20,21,22,23]",,3,0.007482087,0.002,40
exp1,AcCoA,AcCoA,1,"[1,2,3,4,5,6,7,8,9,10,11,12,13,14,15,16,17,18,19,20,21,22,23]",,4,NA,0.002,40
exp1,AcCoA,AcCoA,1,"[1,2,3,4,5,6,7,8,9,10,11,12,13,14,15,16,17,18,19,20,21,22,23]",,5,0.002001367,0.002,40
exp1,AcCoA,AcCoA,1,"[1,2,3,4,5,6,7,8,9,10,11,12,13,14,15,16,17,18,19,20,21,22,23]",,6,0.001220127,0.002,40
exp1,AcCoA,AcCoA,1,"[1,2,3,4,5,6,7,8,9,10,11,12,13,14,15,16,17,18,19,20,21,22,23]",,7,0.001118605,0.002,40
exp1,AcCoA,AcCoA,1,"[1,2,3,4,5,6,7,8,9,10,11,12,13,14,15,16,17,18,19,20,21,22,23]",,8,0.001626086,0.002,40
exp1,AcCoA,AcCoA,1,"[1,2,3,4,5,6,7,8,9,10,11,12,13,14,15,16,17,18,19,20,21,22,23]",,9,0.000648,0.002,40
exp1,AcCoA,AcCoA,1,"[1,2,3,4,5,6,7,8,9,10,11,12,13,14,15,16,17,18,19,20,21,22,23]",,10,0.002422081,0.002,40
exp1,AcCoA,AcCoA,1,"[1,2,3,4,5,6,7,8,9,10,11,12,13,14,15,16,17,18,19,20,21,22,23]",,11,0.002294683,0.002,40
exp1,AcCoA,AcCoA,1,"[1,2,3,4,5,6,7,8,9,10,11,12,13,14,15,16,17,18,19,20,21,22,23]",,12,0.002491082,0.002,40
exp1,AcCoA,AcCoA,1,"[1,2,3,4,5,6,7,8,9,10,11,12,13,14,15,16,17,18,19,20,21,22,23]",,13,0.000372,0.002,40
exp1,AcCoA,AcCoA,1,"[1,2,3,4,5,6,7,8,9,10,11,12,13,14,15,16,17,18,19,20,21,22,23]",,14,0.00254264,0.002,40
exp1,AcCoA,AcCoA,1,"[1,2,3,4,5,6,7,8,9,10,11,12,13,14,15,16,17,18,19,20,21,22,23]",,15,0.000862,0.002,40
exp1,AcCoA,AcCoA,1,"[1,2,3,4,5,6,7,8,9,10,11,12,13,14,15,16,17,18,19,20,21,22,23]",,16,0.000873,0.002,40
exp1,AcCoA,AcCoA,1,"[1,2,3,4,5,6,7,8,9,10,11,12,13,14,15,16,17,18,19,20,21,22,23]",,17,0.001106544,0.002,40
exp1,AcCoA,AcCoA,1,"[1,2,3,4,5,6,7,8,9,10,11,12,13,14,15,16,17,18,19,20,21,22,23]",,18,0.00086,0.002,40
exp1,AcCoA,AcCoA,1,"[1,2,3,4,5,6,7,8,9,10,11,12,13,14,15,16,17,18,19,20,21,22,23]",,19,0.003089968,0.002,40
exp1,AcCoA,AcCoA,1,"[1,2,3,4,5,6,7,8,9,10,11,12,13,14,15,16,17,18,19,20,21,22,23]",,20,0.001221692,0.002,40
exp1,AcCoA,AcCoA,1,"[1,2,3,4,5,6,7,8,9,10,11,12,13,14,15,16,17,18,19,20,21,22,23]",,21,0.003034246,0.002,40
exp1,AcCoA,AcCoA,1,"[1,2,3,4,5,6,7,8,9,10,11,12,13,14,15,16,17,18,19,20,21,22,23]",,22,0.001725645,0.002,40
exp1,AcCoA,AcCoA,1,"[1,2,3,4,5,6,7,8,9,10,11,12,13,14,15,16,17,18,19,20,21,22,23]",,23,0.001511461,0.002,40
exp1,AcCoA,AcCoA,1,"[1,2,3,4,5,6,7,8,9,10,11,12,13,14,15,16,17,18,19,20,21,22,23]",,0,0.720810723,0.002,80
exp1,AcCoA,AcCoA,1,"[1,2,3,4,5,6,7,8,9,10,11,12,13,14,15,16,17,18,19,20,21,22,23]",,1,0.017630932,0.002,80
exp1,AcCoA,AcCoA,1,"[1,2,3,4,5,6,7,8,9,10,11,12,13,14,15,16,17,18,19,20,21,22,23]",,2,0.209287065,0.002,80
exp1,AcCoA,AcCoA,1,"[1,2,3,4,5,6,7,8,9,10,11,12,13,14,15,16,17,18,19,20,21,22,23]",,3,0.00186274,0.002,80
exp1,AcCoA,AcCoA,1,"[1,2,3,4,5,6,7,8,9,10,11,12,13,14,15,16,17,18,19,20,21,22,23]",,4,NA,0.002,80
exp1,AcCoA,AcCoA,1,"[1,2,3,4,5,6,7,8,9,10,11,12,13,14,15,16,17,18,19,20,21,22,23]",,5,0.012624676,0.002,80
exp1,AcCoA,AcCoA,1,"[1,2,3,4,5,6,7,8,9,10,11,12,13,14,15,16,17,18,19,20,21,22,23]",,6,2.09E-05,0.002,80
exp1,AcCoA,AcCoA,1,"[1,2,3,4,5,6,7,8,9,10,11,12,13,14,15,16,17,18,19,20,21,22,23]",,7,0.003203642,0.002,80
exp1,AcCoA,AcCoA,1,"[1,2,3,4,5,6,7,8,9,10,11,12,13,14,15,16,17,18,19,20,21,22,23]",,8,NA,0.002,80
exp1,AcCoA,AcCoA,1,"[1,2,3,4,5,6,7,8,9,10,11,12,13,14,15,16,17,18,19,20,21,22,23]",,9,0.001709068,0.002,80
exp1,AcCoA,AcCoA,1,"[1,2,3,4,5,6,7,8,9,10,11,12,13,14,15,16,17,18,19,20,21,22,23]",,10,0.002567052,0.002,80
exp1,AcCoA,AcCoA,1,"[1,2,3,4,5,6,7,8,9,10,11,12,13,14,15,16,17,18,19,20,21,22,23]",,11,0.002238312,0.002,80
exp1,AcCoA,AcCoA,1,"[1,2,3,4,5,6,7,8,9,10,11,12,13,14,15,16,17,18,19,20,21,22,23]",,12,0.003843817,0.002,80
exp1,AcCoA,AcCoA,1,"[1,2,3,4,5,6,7,8,9,10,11,12,13,14,15,16,17,18,19,20,21,22,23]",,13,0.000572,0.002,80
exp1,AcCoA,AcCoA,1,"[1,2,3,4,5,6,7,8,9,10,11,12,13,14,15,16,17,18,19,20,21,22,23]",,14,0.00171472,0.002,80
exp1,AcCoA,AcCoA,1,"[1,2,3,4,5,6,7,8,9,10,11,12,13,14,15,16,17,18,19,20,21,22,23]",,15,0.002918479,0.002,80
exp1,AcCoA,AcCoA,1,"[1,2,3,4,5,6,7,8,9,10,11,12,13,14,15,16,17,18,19,20,21,22,23]",,16,0.00120842,0.002,80
exp1,AcCoA,AcCoA,1,"[1,2,3,4,5,6,7,8,9,10,11,12,13,14,15,16,17,18,19,20,21,22,23]",,17,0.002763719,0.002,80
exp1,AcCoA,AcCoA,1,"[1,2,3,4,5,6,7,8,9,10,11,12,13,14,15,16,17,18,19,20,21,22,23]",,18,0.001770266,0.002,80
exp1,AcCoA,AcCoA,1,"[1,2,3,4,5,6,7,8,9,10,11,12,13,14,15,16,17,18,19,20,21,22,23]",,19,0.00364574,0.002,80
exp1,AcCoA,AcCoA,1,"[1,2,3,4,5,6,7,8,9,10,11,12,13,14,15,16,17,18,19,20,21,22,23]",,20,0.001949594,0.002,80
exp1,AcCoA,AcCoA,1,"[1,2,3,4,5,6,7,8,9,10,11,12,13,14,15,16,17,18,19,20,21,22,23]",,21,0.003882843,0.002,80
exp1,AcCoA,AcCoA,1,"[1,2,3,4,5,6,7,8,9,10,11,12,13,14,15,16,17,18,19,20,21,22,23]",,22,0.002020186,0.002,80
exp1,AcCoA,AcCoA,1,"[1,2,3,4,5,6,7,8,9,10,11,12,13,14,15,16,17,18,19,20,21,22,23]",,23,0.001755183,0.002,80
exp1,AcCoA,AcCoA,1,"[1,2,3,4,5,6,7,8,9,10,11,12,13,14,15,16,17,18,19,20,21,22,23]",,0,0.626262506,0.002,160
exp1,AcCoA,AcCoA,1,"[1,2,3,4,5,6,7,8,9,10,11,12,13,14,15,16,17,18,19,20,21,22,23]",,1,0.001002571,0.002,160
exp1,AcCoA,AcCoA,1,"[1,2,3,4,5,6,7,8,9,10,11,12,13,14,15,16,17,18,19,20,21,22,23]",,2,0.291642656,0.002,160
exp1,AcCoA,AcCoA,1,"[1,2,3,4,5,6,7,8,9,10,11,12,13,14,15,16,17,18,19,20,21,22,23]",,3,0.010759834,0.002,160
exp1,AcCoA,AcCoA,1,"[1,2,3,4,5,6,7,8,9,10,11,12,13,14,15,16,17,18,19,20,21,22,23]",,4,NA,0.002,160
exp1,AcCoA,AcCoA,1,"[1,2,3,4,5,6,7,8,9,10,11,12,13,14,15,16,17,18,19,20,21,22,23]",,5,0.038068426,0.002,160
exp1,AcCoA,AcCoA,1,"[1,2,3,4,5,6,7,8,9,10,11,12,13,14,15,16,17,18,19,20,21,22,23]",,6,0.000526,0.002,160
exp1,AcCoA,AcCoA,1,"[1,2,3,4,5,6,7,8,9,10,11,12,13,14,15,16,17,18,19,20,21,22,23]",,7,0.013301329,0.002,160
exp1,AcCoA,AcCoA,1,"[1,2,3,4,5,6,7,8,9,10,11,12,13,14,15,16,17,18,19,20,21,22,23]",,8,0.00203158,0.002,160
exp1,AcCoA,AcCoA,1,"[1,2,3,4,5,6,7,8,9,10,11,12,13,14,15,16,17,18,19,20,21,22,23]",,9,0.000804,0.002,160
exp1,AcCoA,AcCoA,1,"[1,2,3,4,5,6,7,8,9,10,11,12,13,14,15,16,17,18,19,20,21,22,23]",,10,0.000822,0.002,160
exp1,AcCoA,AcCoA,1,"[1,2,3,4,5,6,7,8,9,10,11,12,13,14,15,16,17,18,19,20,21,22,23]",,11,NA,0.002,160
exp1,AcCoA,AcCoA,1,"[1,2,3,4,5,6,7,8,9,10,11,12,13,14,15,16,17,18,19,20,21,22,23]",,12,0.00311008,0.002,160
exp1,AcCoA,AcCoA,1,"[1,2,3,4,5,6,7,8,9,10,11,12,13,14,15,16,17,18,19,20,21,22,23]",,13,NA,0.002,160
exp1,AcCoA,AcCoA,1,"[1,2,3,4,5,6,7,8,9,10,11,12,13,14,15,16,17,18,19,20,21,22,23]",,14,0.002073122,0.002,160
exp1,AcCoA,AcCoA,1,"[1,2,3,4,5,6,7,8,9,10,11,12,13,14,15,16,17,18,19,20,21,22,23]",,15,0.000941,0.002,160
exp1,AcCoA,AcCoA,1,"[1,2,3,4,5,6,7,8,9,10,11,12,13,14,15,16,17,18,19,20,21,22,23]",,16,0.001358122,0.002,160
exp1,AcCoA,AcCoA,1,"[1,2,3,4,5,6,7,8,9,10,11,12,13,14,15,16,17,18,19,20,21,22,23]",,17,0.000935,0.002,160
exp1,AcCoA,AcCoA,1,"[1,2,3,4,5,6,7,8,9,10,11,12,13,14,15,16,17,18,19,20,21,22,23]",,18,0.001611445,0.002,160
exp1,AcCoA,AcCoA,1,"[1,2,3,4,5,6,7,8,9,10,11,12,13,14,15,16,17,18,19,20,21,22,23]",,19,0.001746251,0.002,160
exp1,AcCoA,AcCoA,1,"[1,2,3,4,5,6,7,8,9,10,11,12,13,14,15,16,17,18,19,20,21,22,23]",,20,0.001353893,0.002,160
exp1,AcCoA,AcCoA,1,"[1,2,3,4,5,6,7,8,9,10,11,12,13,14,15,16,17,18,19,20,21,22,23]",,21,NA,0.002,160
exp1,AcCoA,AcCoA,1,"[1,2,3,4,5,6,7,8,9,10,11,12,13,14,15,16,17,18,19,20,21,22,23]",,22,NA,0.002,160
exp1,AcCoA,AcCoA,1,"[1,2,3,4,5,6,7,8,9,10,11,12,13,14,15,16,17,18,19,20,21,22,23]",,23,0.001649993,0.002,160
exp1,Ala,Ala,1,"[1,2,3]",,0,0.997045104,0.002,0
exp1,Ala,Ala,1,"[1,2,3]",,1,NA,0.002,0
exp1,Ala,Ala,1,"[1,2,3]",,2,NA,0.002,0
exp1,Ala,Ala,1,"[1,2,3]",,3,0.002954896,0.002,0
exp1,Ala,Ala,1,"[1,2,3]",,0,0.994700655,0.002,10
exp1,Ala,Ala,1,"[1,2,3]",,1,NA,0.002,10
exp1,Ala,Ala,1,"[1,2,3]",,2,NA,0.002,10
exp1,Ala,Ala,1,"[1,2,3]",,3,0.005299345,0.002,10
exp1,Ala,Ala,1,"[1,2,3]",,0,0.993922457,0.002,20
exp1,Ala,Ala,1,"[1,2,3]",,1,NA,0.002,20
exp1,Ala,Ala,1,"[1,2,3]",,2,NA,0.002,20
exp1,Ala,Ala,1,"[1,2,3]",,3,0.006077543,0.002,20
exp1,Ala,Ala,1,"[1,2,3]",,0,0.996743159,0.002,40
exp1,Ala,Ala,1,"[1,2,3]",,1,NA,0.002,40
exp1,Ala,Ala,1,"[1,2,3]",,2,NA,0.002,40
exp1,Ala,Ala,1,"[1,2,3]",,3,0.003256841,0.002,40
exp1,Ala,Ala,1,"[1,2,3]",,0,0.994313438,0.002,80
exp1,Ala,Ala,1,"[1,2,3]",,1,NA,0.002,80
exp1,Ala,Ala,1,"[1,2,3]",,2,NA,0.002,80
exp1,Ala,Ala,1,"[1,2,3]",,3,0.005686562,0.002,80
exp1,Ala,Ala,1,"[1,2,3]",,0,0.994298777,0.002,160
exp1,Ala,Ala,1,"[1,2,3]",,1,NA,0.002,160
exp1,Ala,Ala,1,"[1,2,3]",,2,NA,0.002,160
exp1,Ala,Ala,1,"[1,2,3]",,3,0.005701223,0.002,160
exp1,DHAP,DHAP,1,"[1,2,3]",,0,0.862108892,0.002,0
exp1,DHAP,DHAP,1,"[1,2,3]",,1,0.019079411,0.002,0
exp1,DHAP,DHAP,1,"[1,2,3]",,2,0.101794063,0.002,0
exp1,DHAP,DHAP,1,"[1,2,3]",,3,0.017017634,0.002,0
exp1,DHAP,DHAP,1,"[1,2,3]",,0,0.795600597,0.002,10
exp1,DHAP,DHAP,1,"[1,2,3]",,1,0.027813991,0.002,10
exp1,DHAP,DHAP,1,"[1,2,3]",,2,0.121097349,0.002,10
exp1,DHAP,DHAP,1,"[1,2,3]",,3,0.055488063,0.002,10
exp1,DHAP,DHAP,1,"[1,2,3]",,0,0.798875154,0.002,20
exp1,DHAP,DHAP,1,"[1,2,3]",,1,0.015316966,0.002,20
exp1,DHAP,DHAP,1,"[1,2,3]",,2,0.107376974,0.002,20
exp1,DHAP,DHAP,1,"[1,2,3]",,3,0.078430906,0.002,20
exp1,DHAP,DHAP,1,"[1,2,3]",,0,0.771190577,0.002,40
exp1,DHAP,DHAP,1,"[1,2,3]",,1,0.023242152,0.002,40
exp1,DHAP,DHAP,1,"[1,2,3]",,2,0.111125105,0.002,40
exp1,DHAP,DHAP,1,"[1,2,3]",,3,0.094442167,0.002,40
exp1,DHAP,DHAP,1,"[1,2,3]",,0,0.733759785,0.002,80
exp1,DHAP,DHAP,1,"[1,2,3]",,1,0.026302411,0.002,80
exp1,DHAP,DHAP,1,"[1,2,3]",,2,0.109717383,0.002,80
exp1,DHAP,DHAP,1,"[1,2,3]",,3,0.130220421,0.002,80
exp1,DHAP,DHAP,1,"[1,2,3]",,0,0.689839361,0.002,160
exp1,DHAP,DHAP,1,"[1,2,3]",,1,0.007487457,0.002,160
exp1,DHAP,DHAP,1,"[1,2,3]",,2,0.03795404,0.002,160
exp1,DHAP,DHAP,1,"[1,2,3]",,3,0.264719143,0.002,160
exp1,F6P,F6P,1,"[1,2,3,4,5,6]",,0,0.942791226,0.002,0
exp1,F6P,F6P,1,"[1,2,3,4,5,6]",,1,0.000282,0.002,0
exp1,F6P,F6P,1,"[1,2,3,4,5,6]",,2,0.0187252,0.002,0
exp1,F6P,F6P,1,"[1,2,3,4,5,6]",,3,0.009841234,0.002,0
exp1,F6P,F6P,1,"[1,2,3,4,5,6]",,4,0.011369276,0.002,0
exp1,F6P,F6P,1,"[1,2,3,4,5,6]",,5,0.007605425,0.002,0
exp1,F6P,F6P,1,"[1,2,3,4,5,6]",,6,0.009385785,0.002,0
exp1,F6P,F6P,1,"[1,2,3,4,5,6]",,0,0.782330969,0.002,10
exp1,F6P,F6P,1,"[1,2,3,4,5,6]",,1,0.008363253,0.002,10
exp1,F6P,F6P,1,"[1,2,3,4,5,6]",,2,0.023681901,0.002,10
exp1,F6P,F6P,1,"[1,2,3,4,5,6]",,3,0.013420458,0.002,10
exp1,F6P,F6P,1,"[1,2,3,4,5,6]",,4,0.021801923,0.002,10
exp1,F6P,F6P,1,"[1,2,3,4,5,6]",,5,0.01245047,0.002,10
exp1,F6P,F6P,1,"[1,2,3,4,5,6]",,6,0.137951025,0.002,10
exp1,F6P,F6P,1,"[1,2,3,4,5,6]",,0,0.6959563,0.002,20
exp1,F6P,F6P,1,"[1,2,3,4,5,6]",,1,0.001201268,0.002,20
exp1,F6P,F6P,1,"[1,2,3,4,5,6]",,2,0.014496352,0.002,20
exp1,F6P,F6P,1,"[1,2,3,4,5,6]",,3,0.014258439,0.002,20
exp1,F6P,F6P,1,"[1,2,3,4,5,6]",,4,0.017886888,0.002,20
exp1,F6P,F6P,1,"[1,2,3,4,5,6]",,5,0.012862521,0.002,20
exp1,F6P,F6P,1,"[1,2,3,4,5,6]",,6,0.243338232,0.002,20
exp1,F6P,F6P,1,"[1,2,3,4,5,6]",,0,0.508008199,0.002,40
exp1,F6P,F6P,1,"[1,2,3,4,5,6]",,1,0.007646943,0.002,40
exp1,F6P,F6P,1,"[1,2,3,4,5,6]",,2,0.018755569,0.002,40
exp1,F6P,F6P,1,"[1,2,3,4,5,6]",,3,0.014229073,0.002,40
exp1,F6P,F6P,1,"[1,2,3,4,5,6]",,4,0.017844993,0.002,40
exp1,F6P,F6P,1,"[1,2,3,4,5,6]",,5,0.016531231,0.002,40
exp1,F6P,F6P,1,"[1,2,3,4,5,6]",,6,0.416983991,0.002,40
exp1,F6P,F6P,1,"[1,2,3,4,5,6]",,0,0.357935949,0.002,80
exp1,F6P,F6P,1,"[1,2,3,4,5,6]",,1,0.007613303,0.002,80
exp1,F6P,F6P,1,"[1,2,3,4,5,6]",,2,0.023335127,0.002,80
exp1,F6P,F6P,1,"[1,2,3,4,5,6]",,3,0.034949769,0.002,80
exp1,F6P,F6P,1,"[1,2,3,4,5,6]",,4,0.016193192,0.002,80
exp1,F6P,F6P,1,"[1,2,3,4,5,6]",,5,0.020965501,0.002,80
exp1,F6P,F6P,1,"[1,2,3,4,5,6]",,6,0.539007158,0.002,80
exp1,F6P,F6P,1,"[1,2,3,4,5,6]",,0,0.213875871,0.002,160
exp1,F6P,F6P,1,"[1,2,3,4,5,6]",,1,0.004758251,0.002,160
exp1,F6P,F6P,1,"[1,2,3,4,5,6]",,2,0.026681862,0.002,160
exp1,F6P,F6P,1,"[1,2,3,4,5,6]",,3,0.013436541,0.002,160
exp1,F6P,F6P,1,"[1,2,3,4,5,6]",,4,0.012493089,0.002,160
exp1,F6P,F6P,1,"[1,2,3,4,5,6]",,5,0.010634409,0.002,160
exp1,F6P,F6P,1,"[1,2,3,4,5,6]",,6,0.718119977,0.002,160
exp1,Fum,Fum,1,"[1,2,3,4]",,0,0.867264186,0.002,0
exp1,Fum,Fum,1,"[1,2,3,4]",,1,NA,0.002,0
exp1,Fum,Fum,1,"[1,2,3,4]",,2,0.046682939,0.002,0
exp1,Fum,Fum,1,"[1,2,3,4]",,3,0.03497183,0.002,0
exp1,Fum,Fum,1,"[1,2,3,4]",,4,0.051081045,0.002,0
exp1,Fum,Fum,1,"[1,2,3,4]",,0,0.753733715,0.002,10
exp1,Fum,Fum,1,"[1,2,3,4]",,1,0.00729726,0.002,10
exp1,Fum,Fum,1,"[1,2,3,4]",,2,0.019006022,0.002,10
exp1,Fum,Fum,1,"[1,2,3,4]",,3,0.160615843,0.002,10
exp1,Fum,Fum,1,"[1,2,3,4]",,4,0.05934716,0.002,10
exp1,Fum,Fum,1,"[1,2,3,4]",,0,0.861851322,0.002,20
exp1,Fum,Fum,1,"[1,2,3,4]",,1,0.00089,0.002,20
exp1,Fum,Fum,1,"[1,2,3,4]",,2,0.013691016,0.002,20
exp1,Fum,Fum,1,"[1,2,3,4]",,3,0.068180935,0.002,20
exp1,Fum,Fum,1,"[1,2,3,4]",,4,0.055386521,0.002,20
exp1,Fum,Fum,1,"[1,2,3,4]",,0,0.82755889,0.002,40
exp1,Fum,Fum,1,"[1,2,3,4]",,1,0.00228749,0.002,40
exp1,Fum,Fum,1,"[1,2,3,4]",,2,0.023199818,0.002,40
exp1,Fum,Fum,1,"[1,2,3,4]",,3,0.100751308,0.002,40
exp1,Fum,Fum,1,"[1,2,3,4]",,4,0.046202494,0.002,40
exp1,Fum,Fum,1,"[1,2,3,4]",,0,0.86262838,0.002,80
exp1,Fum,Fum,1,"[1,2,3,4]",,1,0.004658682,0.002,80
exp1,Fum,Fum,1,"[1,2,3,4]",,2,0.045617281,0.002,80
exp1,Fum,Fum,1,"[1,2,3,4]",,3,0.038976764,0.002,80
exp1,Fum,Fum,1,"[1,2,3,4]",,4,0.048118894,0.002,80
exp1,Fum,Fum,1,"[1,2,3,4]",,0,0.79745934,0.002,160
exp1,Fum,Fum,1,"[1,2,3,4]",,1,0.016517573,0.002,160
exp1,Fum,Fum,1,"[1,2,3,4]",,2,0.0791435,0.002,160
exp1,Fum,Fum,1,"[1,2,3,4]",,3,0.062429801,0.002,160
exp1,Fum,Fum,1,"[1,2,3,4]",,4,0.044449786,0.002,160
exp1,Glc,Glc,1,"[1,2,3,4,5,6]",,0,0.993226824,0.002,0
exp1,Glc,Glc,1,"[1,2,3,4,5,6]",,1,NA,0.002,0
exp1,Glc,Glc,1,"[1,2,3,4,5,6]",,2,NA,0.002,0
exp1,Glc,Glc,1,"[1,2,3,4,5,6]",,3,NA,0.002,0
exp1,Glc,Glc,1,"[1,2,3,4,5,6]",,4,0.006393591,0.002,0
exp1,Glc,Glc,1,"[1,2,3,4,5,6]",,5,0.000244,0.002,0
exp1,Glc,Glc,1,"[1,2,3,4,5,6]",,6,0.000136,0.002,0
exp1,Glc,Glc,1,"[1,2,3,4,5,6]",,0,0.127621855,0.002,10
exp1,Glc,Glc,1,"[1,2,3,4,5,6]",,1,NA,0.002,10
exp1,Glc,Glc,1,"[1,2,3,4,5,6]",,2,NA,0.002,10
exp1,Glc,Glc,1,"[1,2,3,4,5,6]",,3,NA,0.002,10
exp1,Glc,Glc,1,"[1,2,3,4,5,6]",,4,0.009803974,0.002,10
exp1,Glc,Glc,1,"[1,2,3,4,5,6]",,5,NA,0.002,10
exp1,Glc,Glc,1,"[1,2,3,4,5,6]",,6,0.86257417,0.002,10
exp1,Glc,Glc,1,"[1,2,3,4,5,6]",,0,0.12502992,0.002,20
exp1,Glc,Glc,1,"[1,2,3,4,5,6]",,1,NA,0.002,20
exp1,Glc,Glc,1,"[1,2,3,4,5,6]",,2,NA,0.002,20
exp1,Glc,Glc,1,"[1,2,3,4,5,6]",,3,NA,0.002,20
exp1,Glc,Glc,1,"[1,2,3,4,5,6]",,4,0.007805034,0.002,20
exp1,Glc,Glc,1,"[1,2,3,4,5,6]",,5,NA,0.002,20
exp1,Glc,Glc,1,"[1,2,3,4,5,6]",,6,0.867165046,0.002,20
exp1,Glc,Glc,1,"[1,2,3,4,5,6]",,0,0.12682221,0.002,40
exp1,Glc,Glc,1,"[1,2,3,4,5,6]",,1,NA,0.002,40
exp1,Glc,Glc,1,"[1,2,3,4,5,6]",,2,NA,0.002,40
exp1,Glc,Glc,1,"[1,2,3,4,5,6]",,3,NA,0.002,40
exp1,Glc,Glc,1,"[1,2,3,4,5,6]",,4,0.011805641,0.002,40
exp1,Glc,Glc,1,"[1,2,3,4,5,6]",,5,NA,0.002,40
exp1,Glc,Glc,1,"[1,2,3,4,5,6]",,6,0.861372149,0.002,40
exp1,Glc,Glc,1,"[1,2,3,4,5,6]",,0,0.119825809,0.002,80
exp1,Glc,Glc,1,"[1,2,3,4,5,6]",,1,NA,0.002,80
exp1,Glc,Glc,1,"[1,2,3,4,5,6]",,2,NA,0.002,80
exp1,Glc,Glc,1,"[1,2,3,4,5,6]",,3,NA,0.002,80
exp1,Glc,Glc,1,"[1,2,3,4,5,6]",,4,0.010441705,0.002,80
exp1,Glc,Glc,1,"[1,2,3,4,5,6]",,5,NA,0.002,80
exp1,Glc,Glc,1,"[1,2,3,4,5,6]",,6,0.869732486,0.002,80
exp1,Glc,Glc,1,"[1,2,3,4,5,6]",,0,0.131096383,0.002,160
exp1,Glc,Glc,1,"[1,2,3,4,5,6]",,1,NA,0.002,160
exp1,Glc,Glc,1,"[1,2,3,4,5,6]",,2,NA,0.002,160
exp1,Glc,Glc,1,"[1,2,3,4,5,6]",,3,NA,0.002,160
exp1,Glc,Glc,1,"[1,2,3,4,5,6]",,4,0.009777996,0.002,160
exp1,Glc,Glc,1,"[1,2,3,4,5,6]",,5,NA,0.002,160
exp1,Glc,Glc,1,"[1,2,3,4,5,6]",,6,0.859125621,0.002,160
exp1,G6P,G6P,1,"[1,2,3,4,5,6]",,0,0.973267257,0.002,0
exp1,G6P,G6P,1,"[1,2,3,4,5,6]",,1,NA,0.002,0
exp1,G6P,G6P,1,"[1,2,3,4,5,6]",,2,0.00447001,0.002,0
exp1,G6P,G6P,1,"[1,2,3,4,5,6]",,3,0.005646699,0.002,0
exp1,G6P,G6P,1,"[1,2,3,4,5,6]",,4,0.005568556,0.002,0
exp1,G6P,G6P,1,"[1,2,3,4,5,6]",,5,0.002064871,0.002,0
exp1,G6P,G6P,1,"[1,2,3,4,5,6]",,6,0.008982607,0.002,0
exp1,G6P,G6P,1,"[1,2,3,4,5,6]",,0,0.664975795,0.002,10
exp1,G6P,G6P,1,"[1,2,3,4,5,6]",,1,0.006449515,0.002,10
exp1,G6P,G6P,1,"[1,2,3,4,5,6]",,2,0.018684601,0.002,10
exp1,G6P,G6P,1,"[1,2,3,4,5,6]",,3,0.022540513,0.002,10
exp1,G6P,G6P,1,"[1,2,3,4,5,6]",,4,0.010002567,0.002,10
exp1,G6P,G6P,1,"[1,2,3,4,5,6]",,5,0.017596019,0.002,10
exp1,G6P,G6P,1,"[1,2,3,4,5,6]",,6,0.25975099,0.002,10
exp1,G6P,G6P,1,"[1,2,3,4,5,6]",,0,0.589774435,0.002,20
exp1,G6P,G6P,1,"[1,2,3,4,5,6]",,1,0.003643205,0.002,20
exp1,G6P,G6P,1,"[1,2,3,4,5,6]",,2,0.016111175,0.002,20
exp1,G6P,G6P,1,"[1,2,3,4,5,6]",,3,0.0171733,0.002,20
exp1,G6P,G6P,1,"[1,2,3,4,5,6]",,4,0.009735806,0.002,20
exp1,G6P,G6P,1,"[1,2,3,4,5,6]",,5,0.018072231,0.002,20
exp1,G6P,G6P,1,"[1,2,3,4,5,6]",,6,0.345489848,0.002,20
exp1,G6P,G6P,1,"[1,2,3,4,5,6]",,0,0.582851368,0.002,40
exp1,G6P,G6P,1,"[1,2,3,4,5,6]",,1,0.003831367,0.002,40
exp1,G6P,G6P,1,"[1,2,3,4,5,6]",,2,0.012768588,0.002,40
exp1,G6P,G6P,1,"[1,2,3,4,5,6]",,3,0.018873591,0.002,40
exp1,G6P,G6P,1,"[1,2,3,4,5,6]",,4,0.00857857,0.002,40
exp1,G6P,G6P,1,"[1,2,3,4,5,6]",,5,0.019334652,0.002,40
exp1,G6P,G6P,1,"[1,2,3,4,5,6]",,6,0.353761864,0.002,40
exp1,G6P,G6P,1,"[1,2,3,4,5,6]",,0,0.529882332,0.002,80
exp1,G6P,G6P,1,"[1,2,3,4,5,6]",,1,0.008108592,0.002,80
exp1,G6P,G6P,1,"[1,2,3,4,5,6]",,2,0.016417817,0.002,80
exp1,G6P,G6P,1,"[1,2,3,4,5,6]",,3,0.019496949,0.002,80
exp1,G6P,G6P,1,"[1,2,3,4,5,6]",,4,0.011881216,0.002,80
exp1,G6P,G6P,1,"[1,2,3,4,5,6]",,5,0.017775735,0.002,80
exp1,G6P,G6P,1,"[1,2,3,4,5,6]",,6,0.396437359,0.002,80
exp1,G6P,G6P,1,"[1,2,3,4,5,6]",,0,0.56250082,0.002,160
exp1,G6P,G6P,1,"[1,2,3,4,5,6]",,1,NA,0.002,160
exp1,G6P,G6P,1,"[1,2,3,4,5,6]",,2,0.008068749,0.002,160
exp1,G6P,G6P,1,"[1,2,3,4,5,6]",,3,0.015149426,0.002,160
exp1,G6P,G6P,1,"[1,2,3,4,5,6]",,4,0.004775729,0.002,160
exp1,G6P,G6P,1,"[1,2,3,4,5,6]",,5,0.011962342,0.002,160
exp1,G6P,G6P,1,"[1,2,3,4,5,6]",,6,0.397542933,0.002,160
exp1,GAP,GAP,1,"[1,2,3]",,0,0.919792725,0.002,0
exp1,GAP,GAP,1,"[1,2,3]",,1,0.017296593,0.002,0
exp1,GAP,GAP,1,"[1,2,3]",,2,0.051479271,0.002,0
exp1,GAP,GAP,1,"[1,2,3]",,3,0.011431411,0.002,0
exp1,GAP,GAP,1,"[1,2,3]",,0,0.409709723,0.002,10
exp1,GAP,GAP,1,"[1,2,3]",,1,0.043140905,0.002,10
exp1,GAP,GAP,1,"[1,2,3]",,2,0.105294365,0.002,10
exp1,GAP,GAP,1,"[1,2,3]",,3,0.441855006,0.002,10
exp1,GAP,GAP,1,"[1,2,3]",,0,0.361641367,0.002,20
exp1,GAP,GAP,1,"[1,2,3]",,1,0.03315198,0.002,20
exp1,GAP,GAP,1,"[1,2,3]",,2,0.077665439,0.002,20
exp1,GAP,GAP,1,"[1,2,3]",,3,0.527541214,0.002,20
exp1,GAP,GAP,1,"[1,2,3]",,0,0.332729937,0.002,40
exp1,GAP,GAP,1,"[1,2,3]",,1,0.036196263,0.002,40
exp1,GAP,GAP,1,"[1,2,3]",,2,0.073716924,0.002,40
exp1,GAP,GAP,1,"[1,2,3]",,3,0.557356875,0.002,40
exp1,GAP,GAP,1,"[1,2,3]",,0,0.314962462,0.002,80
exp1,GAP,GAP,1,"[1,2,3]",,1,0.040799019,0.002,80
exp1,GAP,GAP,1,"[1,2,3]",,2,0.092882902,0.002,80
exp1,GAP,GAP,1,"[1,2,3]",,3,0.551355617,0.002,80
exp1,GAP,GAP,1,"[1,2,3]",,0,0.236724196,0.002,160
exp1,GAP,GAP,1,"[1,2,3]",,1,0.027137755,0.002,160
exp1,GAP,GAP,1,"[1,2,3]",,2,0.056514383,0.002,160
exp1,GAP,GAP,1,"[1,2,3]",,3,0.679623665,0.002,160
exp1,Asp,Asp,1,"[1,2,3,4]",,0,0.499634275,0.002,0
exp1,Asp,Asp,1,"[1,2,3,4]",,1,NA,0.002,0
exp1,Asp,Asp,1,"[1,2,3,4]",,2,NA,0.002,0
exp1,Asp,Asp,1,"[1,2,3,4]",,3,NA,0.002,0
exp1,Asp,Asp,1,"[1,2,3,4]",,4,0.500365725,0.002,0
exp1,Asp,Asp,1,"[1,2,3,4]",,0,0.543318768,0.002,10
exp1,Asp,Asp,1,"[1,2,3,4]",,1,NA,0.002,10
exp1,Asp,Asp,1,"[1,2,3,4]",,2,NA,0.002,10
exp1,Asp,Asp,1,"[1,2,3,4]",,3,NA,0.002,10
exp1,Asp,Asp,1,"[1,2,3,4]",,4,0.456681232,0.002,10
exp1,Asp,Asp,1,"[1,2,3,4]",,0,0.609509838,0.002,20
exp1,Asp,Asp,1,"[1,2,3,4]",,1,NA,0.002,20
exp1,Asp,Asp,1,"[1,2,3,4]",,2,0.00147463,0.002,20
exp1,Asp,Asp,1,"[1,2,3,4]",,3,0.001112115,0.002,20
exp1,Asp,Asp,1,"[1,2,3,4]",,4,0.387903416,0.002,20
exp1,Asp,Asp,1,"[1,2,3,4]",,0,0.563046369,0.002,40
exp1,Asp,Asp,1,"[1,2,3,4]",,1,NA,0.002,40
exp1,Asp,Asp,1,"[1,2,3,4]",,2,0.010122678,0.002,40
exp1,Asp,Asp,1,"[1,2,3,4]",,3,0.008023714,0.002,40
exp1,Asp,Asp,1,"[1,2,3,4]",,4,0.418807239,0.002,40
exp1,Asp,Asp,1,"[1,2,3,4]",,0,0.533175687,0.002,80
exp1,Asp,Asp,1,"[1,2,3,4]",,1,NA,0.002,80
exp1,Asp,Asp,1,"[1,2,3,4]",,2,0.021459639,0.002,80
exp1,Asp,Asp,1,"[1,2,3,4]",,3,0.011953748,0.002,80
exp1,Asp,Asp,1,"[1,2,3,4]",,4,0.433410927,0.002,80
exp1,Asp,Asp,1,"[1,2,3,4]",,0,0.42327794,0.002,160
exp1,Asp,Asp,1,"[1,2,3,4]",,1,0.000879,0.002,160
exp1,Asp,Asp,1,"[1,2,3,4]",,2,0.029063241,0.002,160
exp1,Asp,Asp,1,"[1,2,3,4]",,3,0.006074379,0.002,160
exp1,Asp,Asp,1,"[1,2,3,4]",,4,0.540705569,0.002,160
exp1,Glu,Glu,1,"[1,2,3,4,5]",,0,0.638303203,0.002,0
exp1,Glu,Glu,1,"[1,2,3,4,5]",,1,0.149370072,0.002,0
exp1,Glu,Glu,1,"[1,2,3,4,5]",,2,0.013301228,0.002,0
exp1,Glu,Glu,1,"[1,2,3,4,5]",,3,NA,0.002,0
exp1,Glu,Glu,1,"[1,2,3,4,5]",,4,NA,0.002,0
exp1,Glu,Glu,1,"[1,2,3,4,5]",,5,0.199025497,0.002,0
exp1,Glu,Glu,1,"[1,2,3,4,5]",,0,0.682234892,0.002,10
exp1,Glu,Glu,1,"[1,2,3,4,5]",,1,0.09464657,0.002,10
exp1,Glu,Glu,1,"[1,2,3,4,5]",,2,0.022310452,0.002,10
exp1,Glu,Glu,1,"[1,2,3,4,5]",,3,NA,0.002,10
exp1,Glu,Glu,1,"[1,2,3,4,5]",,4,NA,0.002,10
exp1,Glu,Glu,1,"[1,2,3,4,5]",,5,0.200808086,0.002,10
exp1,Glu,Glu,1,"[1,2,3,4,5]",,0,0.624703983,0.002,20
exp1,Glu,Glu,1,"[1,2,3,4,5]",,1,0.131564674,0.002,20
exp1,Glu,Glu,1,"[1,2,3,4,5]",,2,0.062570648,0.002,20
exp1,Glu,Glu,1,"[1,2,3,4,5]",,3,NA,0.002,20
exp1,Glu,Glu,1,"[1,2,3,4,5]",,4,NA,0.002,20
exp1,Glu,Glu,1,"[1,2,3,4,5]",,5,0.181160695,0.002,20
exp1,Glu,Glu,1,"[1,2,3,4,5]",,0,0.596514913,0.002,40
exp1,Glu,Glu,1,"[1,2,3,4,5]",,1,0.102325955,0.002,40
exp1,Glu,Glu,1,"[1,2,3,4,5]",,2,0.112295671,0.002,40
exp1,Glu,Glu,1,"[1,2,3,4,5]",,3,0.000826,0.002,40
exp1,Glu,Glu,1,"[1,2,3,4,5]",,4,NA,0.002,40
exp1,Glu,Glu,1,"[1,2,3,4,5]",,5,0.188037116,0.002,40
exp1,Glu,Glu,1,"[1,2,3,4,5]",,0,0.559743284,0.002,80
exp1,Glu,Glu,1,"[1,2,3,4,5]",,1,0.097639558,0.002,80
exp1,Glu,Glu,1,"[1,2,3,4,5]",,2,0.160161133,0.002,80
exp1,Glu,Glu,1,"[1,2,3,4,5]",,3,0.006785887,0.002,80
exp1,Glu,Glu,1,"[1,2,3,4,5]",,4,NA,0.002,80
exp1,Glu,Glu,1,"[1,2,3,4,5]",,5,0.175670139,0.002,80
exp1,Glu,Glu,1,"[1,2,3,4,5]",,0,0.412687102,0.002,160
exp1,Glu,Glu,1,"[1,2,3,4,5]",,1,0.135788919,0.002,160
exp1,Glu,Glu,1,"[1,2,3,4,5]",,2,0.298198076,0.002,160
exp1,Glu,Glu,1,"[1,2,3,4,5]",,3,0.020334476,0.002,160
exp1,Glu,Glu,1,"[1,2,3,4,5]",,4,0.015462144,0.002,160
exp1,Glu,Glu,1,"[1,2,3,4,5]",,5,0.117529284,0.002,160
exp1,Gln,Gln,1,"[1,2,3,4,5]",,0,0.848158164,0.002,0
exp1,Gln,Gln,1,"[1,2,3,4,5]",,1,0.146744998,0.002,0
exp1,Gln,Gln,1,"[1,2,3,4,5]",,2,0.005096837,0.002,0
exp1,Gln,Gln,1,"[1,2,3,4,5]",,3,NA,0.002,0
exp1,Gln,Gln,1,"[1,2,3,4,5]",,4,NA,0.002,0
exp1,Gln,Gln,1,"[1,2,3,4,5]",,5,NA,0.002,0
exp1,Gln,Gln,1,"[1,2,3,4,5]",,0,0.875396797,0.002,10
exp1,Gln,Gln,1,"[1,2,3,4,5]",,1,0.119995389,0.002,10
exp1,Gln,Gln,1,"[1,2,3,4,5]",,2,0.004604824,0.002,10
exp1,Gln,Gln,1,"[1,2,3,4,5]",,3,NA,0.002,10
exp1,Gln,Gln,1,"[1,2,3,4,5]",,4,NA,0.002,10
exp1,Gln,Gln,1,"[1,2,3,4,5]",,5,2.99E-06,0.002,10
exp1,Gln,Gln,1,"[1,2,3,4,5]",,0,0.8927951,0.002,20
exp1,Gln,Gln,1,"[1,2,3,4,5]",,1,0.102030445,0.002,20
exp1,Gln,Gln,1,"[1,2,3,4,5]",,2,0.005172735,0.002,20
exp1,Gln,Gln,1,"[1,2,3,4,5]",,3,NA,0.002,20
exp1,Gln,Gln,1,"[1,2,3,4,5]",,4,NA,0.002,20
exp1,Gln,Gln,1,"[1,2,3,4,5]",,5,1.72E-06,0.002,20
exp1,Gln,Gln,1,"[1,2,3,4,5]",,0,0.862650663,0.002,40
exp1,Gln,Gln,1,"[1,2,3,4,5]",,1,0.128817066,0.002,40
exp1,Gln,Gln,1,"[1,2,3,4,5]",,2,0.008524281,0.002,40
exp1,Gln,Gln,1,"[1,2,3,4,5]",,3,NA,0.002,40
exp1,Gln,Gln,1,"[1,2,3,4,5]",,4,NA,0.002,40
exp1,Gln,Gln,1,"[1,2,3,4,5]",,5,7.99E-06,0.002,40
exp1,Gln,Gln,1,"[1,2,3,4,5]",,0,0.888435145,0.002,80
exp1,Gln,Gln,1,"[1,2,3,4,5]",,1,0.100926765,0.002,80
exp1,Gln,Gln,1,"[1,2,3,4,5]",,2,0.010620053,0.002,80
exp1,Gln,Gln,1,"[1,2,3,4,5]",,3,NA,0.002,80
exp1,Gln,Gln,1,"[1,2,3,4,5]",,4,NA,0.002,80
exp1,Gln,Gln,1,"[1,2,3,4,5]",,5,1.80E-05,0.002,80
exp1,Gln,Gln,1,"[1,2,3,4,5]",,0,0.851156846,0.002,160
exp1,Gln,Gln,1,"[1,2,3,4,5]",,1,0.134683835,0.002,160
exp1,Gln,Gln,1,"[1,2,3,4,5]",,2,0.014128208,0.002,160
exp1,Gln,Gln,1,"[1,2,3,4,5]",,3,NA,0.002,160
exp1,Gln,Gln,1,"[1,2,3,4,5]",,4,NA,0.002,160
exp1,Gln,Gln,1,"[1,2,3,4,5]",,5,3.11E-05,0.002,160
exp1,Lac,Lac,1,"[1,2,3]",,0,0.996836566,0.002,0
exp1,Lac,Lac,1,"[1,2,3]",,1,0.003163434,0.002,0
exp1,Lac,Lac,1,"[1,2,3]",,2,NA,0.002,0
exp1,Lac,Lac,1,"[1,2,3]",,3,NA,0.002,0
exp1,Lac,Lac,1,"[1,2,3]",,0,0.765210546,0.002,10
exp1,Lac,Lac,1,"[1,2,3]",,1,NA,0.002,10
exp1,Lac,Lac,1,"[1,2,3]",,2,NA,0.002,10
exp1,Lac,Lac,1,"[1,2,3]",,3,0.234789454,0.002,10
exp1,Lac,Lac,1,"[1,2,3]",,0,0.692071484,0.002,20
exp1,Lac,Lac,1,"[1,2,3]",,1,NA,0.002,20
exp1,Lac,Lac,1,"[1,2,3]",,2,NA,0.002,20
exp1,Lac,Lac,1,"[1,2,3]",,3,0.307928516,0.002,20
exp1,Lac,Lac,1,"[1,2,3]",,0,0.709738143,0.002,40
exp1,Lac,Lac,1,"[1,2,3]",,1,NA,0.002,40
exp1,Lac,Lac,1,"[1,2,3]",,2,NA,0.002,40
exp1,Lac,Lac,1,"[1,2,3]",,3,0.290261857,0.002,40
exp1,Lac,Lac,1,"[1,2,3]",,0,0.783385536,0.002,80
exp1,Lac,Lac,1,"[1,2,3]",,1,NA,0.002,80
exp1,Lac,Lac,1,"[1,2,3]",,2,NA,0.002,80
exp1,Lac,Lac,1,"[1,2,3]",,3,0.216614464,0.002,80
exp1,Lac,Lac,1,"[1,2,3]",,0,0.527785464,0.002,160
exp1,Lac,Lac,1,"[1,2,3]",,1,0.001524061,0.002,160
exp1,Lac,Lac,1,"[1,2,3]",,2,NA,0.002,160
exp1,Lac,Lac,1,"[1,2,3]",,3,0.470690474,0.002,160
exp1,Mal,Mal,1,"[1,2,3,4]",,0,0.93526129,0.002,0
exp1,Mal,Mal,1,"[1,2,3,4]",,1,0.034299231,0.002,0
exp1,Mal,Mal,1,"[1,2,3,4]",,2,0.00476053,0.002,0
exp1,Mal,Mal,1,"[1,2,3,4]",,3,NA,0.002,0
exp1,Mal,Mal,1,"[1,2,3,4]",,4,0.025678948,0.002,0
exp1,Mal,Mal,1,"[1,2,3,4]",,0,0.947244392,0.002,10
exp1,Mal,Mal,1,"[1,2,3,4]",,1,0.019938587,0.002,10
exp1,Mal,Mal,1,"[1,2,3,4]",,2,0.00111333,0.002,10
exp1,Mal,Mal,1,"[1,2,3,4]",,3,0.007528121,0.002,10
exp1,Mal,Mal,1,"[1,2,3,4]",,4,0.02417557,0.002,10
exp1,Mal,Mal,1,"[1,2,3,4]",,0,0.919623542,0.002,20
exp1,Mal,Mal,1,"[1,2,3,4]",,1,0.0299494,0.002,20
exp1,Mal,Mal,1,"[1,2,3,4]",,2,0.012683325,0.002,20
exp1,Mal,Mal,1,"[1,2,3,4]",,3,0.018149184,0.002,20
exp1,Mal,Mal,1,"[1,2,3,4]",,4,0.019594548,0.002,20
exp1,Mal,Mal,1,"[1,2,3,4]",,0,0.877855876,0.002,40
exp1,Mal,Mal,1,"[1,2,3,4]",,1,0.038678929,0.002,40
exp1,Mal,Mal,1,"[1,2,3,4]",,2,0.035071315,0.002,40
exp1,Mal,Mal,1,"[1,2,3,4]",,3,0.027717606,0.002,40
exp1,Mal,Mal,1,"[1,2,3,4]",,4,0.020676275,0.002,40
exp1,Mal,Mal,1,"[1,2,3,4]",,0,0.836361387,0.002,80
exp1,Mal,Mal,1,"[1,2,3,4]",,1,0.038796198,0.002,80
exp1,Mal,Mal,1,"[1,2,3,4]",,2,0.069135019,0.002,80
exp1,Mal,Mal,1,"[1,2,3,4]",,3,0.036139825,0.002,80
exp1,Mal,Mal,1,"[1,2,3,4]",,4,0.019567571,0.002,80
exp1,Mal,Mal,1,"[1,2,3,4]",,0,0.730116282,0.002,160
exp1,Mal,Mal,1,"[1,2,3,4]",,1,0.05473882,0.002,160
exp1,Mal,Mal,1,"[1,2,3,4]",,2,0.121777888,0.002,160
exp1,Mal,Mal,1,"[1,2,3,4]",,3,0.072876228,0.002,160
exp1,Mal,Mal,1,"[1,2,3,4]",,4,0.020490782,0.002,160
exp1,PEP,PEP,1,"[1,2,3]",,0,0.972605928,0.002,0
exp1,PEP,PEP,1,"[1,2,3]",,1,NA,0.002,0
exp1,PEP,PEP,1,"[1,2,3]",,2,0.02071987,0.002,0
exp1,PEP,PEP,1,"[1,2,3]",,3,0.006674202,0.002,0
exp1,PEP,PEP,1,"[1,2,3]",,0,0.231815852,0.002,10
exp1,PEP,PEP,1,"[1,2,3]",,1,NA,0.002,10
exp1,PEP,PEP,1,"[1,2,3]",,2,0.228223927,0.002,10
exp1,PEP,PEP,1,"[1,2,3]",,3,0.53996022,0.002,10
exp1,PEP,PEP,1,"[1,2,3]",,0,0.197788712,0.002,20
exp1,PEP,PEP,1,"[1,2,3]",,1,NA,0.002,20
exp1,PEP,PEP,1,"[1,2,3]",,2,0.047669759,0.002,20
exp1,PEP,PEP,1,"[1,2,3]",,3,0.754541529,0.002,20
exp1,PEP,PEP,1,"[1,2,3]",,0,0.216824775,0.002,40
exp1,PEP,PEP,1,"[1,2,3]",,1,NA,0.002,40
exp1,PEP,PEP,1,"[1,2,3]",,2,0.075834762,0.002,40
exp1,PEP,PEP,1,"[1,2,3]",,3,0.707340462,0.002,40
exp1,PEP,PEP,1,"[1,2,3]",,0,0.190694664,0.002,80
exp1,PEP,PEP,1,"[1,2,3]",,1,NA,0.002,80
exp1,PEP,PEP,1,"[1,2,3]",,2,0.107459885,0.002,80
exp1,PEP,PEP,1,"[1,2,3]",,3,0.701845451,0.002,80
exp1,PEP,PEP,1,"[1,2,3]",,0,0.190017467,0.002,160
exp1,PEP,PEP,1,"[1,2,3]",,1,NA,0.002,160
exp1,PEP,PEP,1,"[1,2,3]",,2,0.193003931,0.002,160
exp1,PEP,PEP,1,"[1,2,3]",,3,0.616978602,0.002,160
exp1,Pyr,Pyr,1,"[1,2,3]",,0,0.982717075,0.002,0
exp1,Pyr,Pyr,1,"[1,2,3]",,1,NA,0.002,0
exp1,Pyr,Pyr,1,"[1,2,3]",,2,0.006351607,0.002,0
exp1,Pyr,Pyr,1,"[1,2,3]",,3,0.010931319,0.002,0
exp1,Pyr,Pyr,1,"[1,2,3]",,0,0.945835113,0.002,10
exp1,Pyr,Pyr,1,"[1,2,3]",,1,0.006968096,0.002,10
exp1,Pyr,Pyr,1,"[1,2,3]",,2,0.013037084,0.002,10
exp1,Pyr,Pyr,1,"[1,2,3]",,3,0.034159707,0.002,10
exp1,Pyr,Pyr,1,"[1,2,3]",,0,0.923049497,0.002,20
exp1,Pyr,Pyr,1,"[1,2,3]",,1,0.006262638,0.002,20
exp1,Pyr,Pyr,1,"[1,2,3]",,2,0.011159138,0.002,20
exp1,Pyr,Pyr,1,"[1,2,3]",,3,0.059528727,0.002,20
exp1,Pyr,Pyr,1,"[1,2,3]",,0,0.887453717,0.002,40
exp1,Pyr,Pyr,1,"[1,2,3]",,1,0.011229732,0.002,40
exp1,Pyr,Pyr,1,"[1,2,3]",,2,0.018789063,0.002,40
exp1,Pyr,Pyr,1,"[1,2,3]",,3,0.082527488,0.002,40
exp1,Pyr,Pyr,1,"[1,2,3]",,0,0.81154667,0.002,80
exp1,Pyr,Pyr,1,"[1,2,3]",,1,0.019198876,0.002,80
exp1,Pyr,Pyr,1,"[1,2,3]",,2,0.025213962,0.002,80
exp1,Pyr,Pyr,1,"[1,2,3]",,3,0.144040491,0.002,80
exp1,Pyr,Pyr,1,"[1,2,3]",,0,0.718619101,0.002,160
exp1,Pyr,Pyr,1,"[1,2,3]",,1,0.0213516,0.002,160
exp1,Pyr,Pyr,1,"[1,2,3]",,2,0.029731428,0.002,160
exp1,Pyr,Pyr,1,"[1,2,3]",,3,0.230297871,0.002,160
exp1,R5P,R5P,1,"[1,2,3,4,5]",,0,0.851809419,0.002,0
exp1,R5P,R5P,1,"[1,2,3,4,5]",,1,0.037004302,0.002,0
exp1,R5P,R5P,1,"[1,2,3,4,5]",,2,0.002148352,0.002,0
exp1,R5P,R5P,1,"[1,2,3,4,5]",,3,0.069946517,0.002,0
exp1,R5P,R5P,1,"[1,2,3,4,5]",,4,0.010252464,0.002,0
exp1,R5P,R5P,1,"[1,2,3,4,5]",,5,0.028838947,0.002,0
exp1,R5P,R5P,1,"[1,2,3,4,5]",,0,0.674163744,0.002,10
exp1,R5P,R5P,1,"[1,2,3,4,5]",,1,0.039863156,0.002,10
exp1,R5P,R5P,1,"[1,2,3,4,5]",,2,0.022498264,0.002,10
exp1,R5P,R5P,1,"[1,2,3,4,5]",,3,0.078876149,0.002,10
exp1,R5P,R5P,1,"[1,2,3,4,5]",,4,0.039118691,0.002,10
exp1,R5P,R5P,1,"[1,2,3,4,5]",,5,0.145479996,0.002,10
exp1,R5P,R5P,1,"[1,2,3,4,5]",,0,0.681477842,0.002,20
exp1,R5P,R5P,1,"[1,2,3,4,5]",,1,0.02991253,0.002,20
exp1,R5P,R5P,1,"[1,2,3,4,5]",,2,0.036000788,0.002,20
exp1,R5P,R5P,1,"[1,2,3,4,5]",,3,0.076775227,0.002,20
exp1,R5P,R5P,1,"[1,2,3,4,5]",,4,0.021924381,0.002,20
exp1,R5P,R5P,1,"[1,2,3,4,5]",,5,0.153909233,0.002,20
exp1,R5P,R5P,1,"[1,2,3,4,5]",,0,0.611056585,0.002,40
exp1,R5P,R5P,1,"[1,2,3,4,5]",,1,0.029463369,0.002,40
exp1,R5P,R5P,1,"[1,2,3,4,5]",,2,0.03739276,0.002,40
exp1,R5P,R5P,1,"[1,2,3,4,5]",,3,0.062558187,0.002,40
exp1,R5P,R5P,1,"[1,2,3,4,5]",,4,0.022394612,0.002,40
exp1,R5P,R5P,1,"[1,2,3,4,5]",,5,0.237134487,0.002,40
exp1,R5P,R5P,1,"[1,2,3,4,5]",,0,0.556085729,0.002,80
exp1,R5P,R5P,1,"[1,2,3,4,5]",,1,0.032838998,0.002,80
exp1,R5P,R5P,1,"[1,2,3,4,5]",,2,0.047590581,0.002,80
exp1,R5P,R5P,1,"[1,2,3,4,5]",,3,0.088255242,0.002,80
exp1,R5P,R5P,1,"[1,2,3,4,5]",,4,0.023901029,0.002,80
exp1,R5P,R5P,1,"[1,2,3,4,5]",,5,0.251328422,0.002,80
exp1,R5P,R5P,1,"[1,2,3,4,5]",,0,0.384172554,0.002,160
exp1,R5P,R5P,1,"[1,2,3,4,5]",,1,0.036967118,0.002,160
exp1,R5P,R5P,1,"[1,2,3,4,5]",,2,0.063182888,0.002,160
exp1,R5P,R5P,1,"[1,2,3,4,5]",,3,0.082574344,0.002,160
exp1,R5P,R5P,1,"[1,2,3,4,5]",,4,0.037185313,0.002,160
exp1,R5P,R5P,1,"[1,2,3,4,5]",,5,0.395917783,0.002,160
exp1,Ribulose-5-phosphate,Ribulose-5-phosphate,1,"[1,2,3,4,5]",,0,0.985572588,0.002,0
exp1,Ribulose-5-phosphate,Ribulose-5-phosphate,1,"[1,2,3,4,5]",,1,NA,0.002,0
exp1,Ribulose-5-phosphate,Ribulose-5-phosphate,1,"[1,2,3,4,5]",,2,NA,0.002,0
exp1,Ribulose-5-phosphate,Ribulose-5-phosphate,1,"[1,2,3,4,5]",,3,0.004224075,0.002,0
exp1,Ribulose-5-phosphate,Ribulose-5-phosphate,1,"[1,2,3,4,5]",,4,0.004459301,0.002,0
exp1,Ribulose-5-phosphate,Ribulose-5-phosphate,1,"[1,2,3,4,5]",,5,0.005744036,0.002,0
exp1,Ribulose-5-phosphate,Ribulose-5-phosphate,1,"[1,2,3,4,5]",,0,0.123977545,0.002,10
exp1,Ribulose-5-phosphate,Ribulose-5-phosphate,1,"[1,2,3,4,5]",,1,0.008493158,0.002,10
exp1,Ribulose-5-phosphate,Ribulose-5-phosphate,1,"[1,2,3,4,5]",,2,0.098763496,0.002,10
exp1,Ribulose-5-phosphate,Ribulose-5-phosphate,1,"[1,2,3,4,5]",,3,0.085781926,0.002,10
exp1,Ribulose-5-phosphate,Ribulose-5-phosphate,1,"[1,2,3,4,5]",,4,0.025096388,0.002,10
exp1,Ribulose-5-phosphate,Ribulose-5-phosphate,1,"[1,2,3,4,5]",,5,0.657887486,0.002,10
exp1,Ribulose-5-phosphate,Ribulose-5-phosphate,1,"[1,2,3,4,5]",,0,0.103551419,0.002,20
exp1,Ribulose-5-phosphate,Ribulose-5-phosphate,1,"[1,2,3,4,5]",,1,0.006857476,0.002,20
exp1,Ribulose-5-phosphate,Ribulose-5-phosphate,1,"[1,2,3,4,5]",,2,0.091823581,0.002,20
exp1,Ribulose-5-phosphate,Ribulose-5-phosphate,1,"[1,2,3,4,5]",,3,0.077185394,0.002,20
exp1,Ribulose-5-phosphate,Ribulose-5-phosphate,1,"[1,2,3,4,5]",,4,0.01740689,0.002,20
exp1,Ribulose-5-phosphate,Ribulose-5-phosphate,1,"[1,2,3,4,5]",,5,0.70317524,0.002,20
exp1,Ribulose-5-phosphate,Ribulose-5-phosphate,1,"[1,2,3,4,5]",,0,0.085358477,0.002,40
exp1,Ribulose-5-phosphate,Ribulose-5-phosphate,1,"[1,2,3,4,5]",,1,0.006939123,0.002,40
exp1,Ribulose-5-phosphate,Ribulose-5-phosphate,1,"[1,2,3,4,5]",,2,0.083839389,0.002,40
exp1,Ribulose-5-phosphate,Ribulose-5-phosphate,1,"[1,2,3,4,5]",,3,0.073105538,0.002,40
exp1,Ribulose-5-phosphate,Ribulose-5-phosphate,1,"[1,2,3,4,5]",,4,0.017096367,0.002,40
exp1,Ribulose-5-phosphate,Ribulose-5-phosphate,1,"[1,2,3,4,5]",,5,0.733661108,0.002,40
exp1,Ribulose-5-phosphate,Ribulose-5-phosphate,1,"[1,2,3,4,5]",,0,0.092538096,0.002,80
exp1,Ribulose-5-phosphate,Ribulose-5-phosphate,1,"[1,2,3,4,5]",,1,0.007399136,0.002,80
exp1,Ribulose-5-phosphate,Ribulose-5-phosphate,1,"[1,2,3,4,5]",,2,0.08692266,0.002,80
exp1,Ribulose-5-phosphate,Ribulose-5-phosphate,1,"[1,2,3,4,5]",,3,0.074468805,0.002,80
exp1,Ribulose-5-phosphate,Ribulose-5-phosphate,1,"[1,2,3,4,5]",,4,0.01957751,0.002,80
exp1,Ribulose-5-phosphate,Ribulose-5-phosphate,1,"[1,2,3,4,5]",,5,0.719093793,0.002,80
exp1,Ribulose-5-phosphate,Ribulose-5-phosphate,1,"[1,2,3,4,5]",,0,0.075513394,0.002,160
exp1,Ribulose-5-phosphate,Ribulose-5-phosphate,1,"[1,2,3,4,5]",,1,0.00472855,0.002,160
exp1,Ribulose-5-phosphate,Ribulose-5-phosphate,1,"[1,2,3,4,5]",,2,0.069752619,0.002,160
exp1,Ribulose-5-phosphate,Ribulose-5-phosphate,1,"[1,2,3,4,5]",,3,0.060665102,0.002,160
exp1,Ribulose-5-phosphate,Ribulose-5-phosphate,1,"[1,2,3,4,5]",,4,0.010435093,0.002,160
exp1,Ribulose-5-phosphate,Ribulose-5-phosphate,1,"[1,2,3,4,5]",,5,0.778905241,0.002,160
exp1,S7P,S7P,1,"[1,2,3,4,5,6,7]",,0,0.984852032,0.002,0
exp1,S7P,S7P,1,"[1,2,3,4,5,6,7]",,1,NA,0.002,0
exp1,S7P,S7P,1,"[1,2,3,4,5,6,7]",,2,NA,0.002,0
exp1,S7P,S7P,1,"[1,2,3,4,5,6,7]",,3,0.001858426,0.002,0
exp1,S7P,S7P,1,"[1,2,3,4,5,6,7]",,4,0.00069,0.002,0
exp1,S7P,S7P,1,"[1,2,3,4,5,6,7]",,5,0.003092269,0.002,0
exp1,S7P,S7P,1,"[1,2,3,4,5,6,7]",,6,0.003636569,0.002,0
exp1,S7P,S7P,1,"[1,2,3,4,5,6,7]",,7,0.005870849,0.002,0
exp1,S7P,S7P,1,"[1,2,3,4,5,6,7]",,0,0.266215333,0.002,10
exp1,S7P,S7P,1,"[1,2,3,4,5,6,7]",,1,0.007113508,0.002,10
exp1,S7P,S7P,1,"[1,2,3,4,5,6,7]",,2,0.051529182,0.002,10
exp1,S7P,S7P,1,"[1,2,3,4,5,6,7]",,3,0.028811698,0.002,10
exp1,S7P,S7P,1,"[1,2,3,4,5,6,7]",,4,0.074784421,0.002,10
exp1,S7P,S7P,1,"[1,2,3,4,5,6,7]",,5,0.126299988,0.002,10
exp1,S7P,S7P,1,"[1,2,3,4,5,6,7]",,6,0.046858661,0.002,10
exp1,S7P,S7P,1,"[1,2,3,4,5,6,7]",,7,0.398387209,0.002,10
exp1,S7P,S7P,1,"[1,2,3,4,5,6,7]",,0,0.155426201,0.002,20
exp1,S7P,S7P,1,"[1,2,3,4,5,6,7]",,1,0.010636778,0.002,20
exp1,S7P,S7P,1,"[1,2,3,4,5,6,7]",,2,0.055966446,0.002,20
exp1,S7P,S7P,1,"[1,2,3,4,5,6,7]",,3,0.034473089,0.002,20
exp1,S7P,S7P,1,"[1,2,3,4,5,6,7]",,4,0.084119885,0.002,20
exp1,S7P,S7P,1,"[1,2,3,4,5,6,7]",,5,0.136775486,0.002,20
exp1,S7P,S7P,1,"[1,2,3,4,5,6,7]",,6,0.051072986,0.002,20
exp1,S7P,S7P,1,"[1,2,3,4,5,6,7]",,7,0.471529129,0.002,20
exp1,S7P,S7P,1,"[1,2,3,4,5,6,7]",,0,0.199309236,0.002,40
exp1,S7P,S7P,1,"[1,2,3,4,5,6,7]",,1,0.004256706,0.002,40
exp1,S7P,S7P,1,"[1,2,3,4,5,6,7]",,2,0.04203792,0.002,40
exp1,S7P,S7P,1,"[1,2,3,4,5,6,7]",,3,0.029676869,0.002,40
exp1,S7P,S7P,1,"[1,2,3,4,5,6,7]",,4,0.073511099,0.002,40
exp1,S7P,S7P,1,"[1,2,3,4,5,6,7]",,5,0.123130858,0.002,40
exp1,S7P,S7P,1,"[1,2,3,4,5,6,7]",,6,0.056780358,0.002,40
exp1,S7P,S7P,1,"[1,2,3,4,5,6,7]",,7,0.471296954,0.002,40
exp1,S7P,S7P,1,"[1,2,3,4,5,6,7]",,0,0.214535678,0.002,80
exp1,S7P,S7P,1,"[1,2,3,4,5,6,7]",,1,0.007253455,0.002,80
exp1,S7P,S7P,1,"[1,2,3,4,5,6,7]",,2,0.045445064,0.002,80
exp1,S7P,S7P,1,"[1,2,3,4,5,6,7]",,3,0.031999963,0.002,80
exp1,S7P,S7P,1,"[1,2,3,4,5,6,7]",,4,0.077648153,0.002,80
exp1,S7P,S7P,1,"[1,2,3,4,5,6,7]",,5,0.117202387,0.002,80
exp1,S7P,S7P,1,"[1,2,3,4,5,6,7]",,6,0.056566638,0.002,80
exp1,S7P,S7P,1,"[1,2,3,4,5,6,7]",,7,0.449348662,0.002,80
exp1,S7P,S7P,1,"[1,2,3,4,5,6,7]",,0,0.124204216,0.002,160
exp1,S7P,S7P,1,"[1,2,3,4,5,6,7]",,1,0.003924788,0.002,160
exp1,S7P,S7P,1,"[1,2,3,4,5,6,7]",,2,0.048206103,0.002,160
exp1,S7P,S7P,1,"[1,2,3,4,5,6,7]",,3,0.032468718,0.002,160
exp1,S7P,S7P,1,"[1,2,3,4,5,6,7]",,4,0.076462554,0.002,160
exp1,S7P,S7P,1,"[1,2,3,4,5,6,7]",,5,0.122239036,0.002,160
exp1,S7P,S7P,1,"[1,2,3,4,5,6,7]",,6,0.055920335,0.002,160
exp1,S7P,S7P,1,"[1,2,3,4,5,6,7]",,7,0.536574249,0.002,160
exp1,Suc,Suc,1,"[1,2,3,4]",,0,0.995164747,0.002,0
exp1,Suc,Suc,1,"[1,2,3,4]",,1,0.004835253,0.002,0
exp1,Suc,Suc,1,"[1,2,3,4]",,2,NA,0.002,0
exp1,Suc,Suc,1,"[1,2,3,4]",,3,NA,0.002,0
exp1,Suc,Suc,1,"[1,2,3,4]",,4,NA,0.002,0
exp1,Suc,Suc,1,"[1,2,3,4]",,0,1,0.002,10
exp1,Suc,Suc,1,"[1,2,3,4]",,1,NA,0.002,10
exp1,Suc,Suc,1,"[1,2,3,4]",,2,NA,0.002,10
exp1,Suc,Suc,1,"[1,2,3,4]",,3,NA,0.002,10
exp1,Suc,Suc,1,"[1,2,3,4]",,4,NA,0.002,10
exp1,Suc,Suc,1,"[1,2,3,4]",,0,0.984008034,0.002,20
exp1,Suc,Suc,1,"[1,2,3,4]",,1,0.007731392,0.002,20
exp1,Suc,Suc,1,"[1,2,3,4]",,2,0.008260575,0.002,20
exp1,Suc,Suc,1,"[1,2,3,4]",,3,NA,0.002,20
exp1,Suc,Suc,1,"[1,2,3,4]",,4,NA,0.002,20
exp1,Suc,Suc,1,"[1,2,3,4]",,0,0.959932974,0.002,40
exp1,Suc,Suc,1,"[1,2,3,4]",,1,0.00996119,0.002,40
exp1,Suc,Suc,1,"[1,2,3,4]",,2,0.030024836,0.002,40
exp1,Suc,Suc,1,"[1,2,3,4]",,3,8.10E-05,0.002,40
exp1,Suc,Suc,1,"[1,2,3,4]",,4,NA,0.002,40
exp1,Suc,Suc,1,"[1,2,3,4]",,0,0.92926331,0.002,80
exp1,Suc,Suc,1,"[1,2,3,4]",,1,0.016538163,0.002,80
exp1,Suc,Suc,1,"[1,2,3,4]",,2,0.052801919,0.002,80
exp1,Suc,Suc,1,"[1,2,3,4]",,3,0.001396608,0.002,80
exp1,Suc,Suc,1,"[1,2,3,4]",,4,NA,0.002,80
exp1,Suc,Suc,1,"[1,2,3,4]",,0,0.785408192,0.002,160
exp1,Suc,Suc,1,"[1,2,3,4]",,1,0.056461386,0.002,160
exp1,Suc,Suc,1,"[1,2,3,4]",,2,0.146886043,0.002,160
exp1,Suc,Suc,1,"[1,2,3,4]",,3,0.011244379,0.002,160
exp1,Suc,Suc,1,"[1,2,3,4]",,4,NA,0.002,160
exp1,SucCoA,SucCoA,1,"[1,2,3,4,5,6]",,0,0.617885213,0.002,0
exp1,SucCoA,SucCoA,1,"[1,2,3,4,5,6]",,1,0.25243773,0.002,0
exp1,SucCoA,SucCoA,1,"[1,2,3,4,5,6]",,2,0.058439811,0.002,0
exp1,SucCoA,SucCoA,1,"[1,2,3,4,5,6]",,3,0.015128984,0.002,0
exp1,SucCoA,SucCoA,1,"[1,2,3,4,5,6]",,4,0.011979599,0.002,0
exp1,SucCoA,SucCoA,1,"[1,2,3,4,5,6]",,5,0.028633337,0.002,0
exp1,SucCoA,SucCoA,1,"[1,2,3,4,5,6]",,6,0.015495327,0.002,0
exp1,SucCoA,SucCoA,1,"[1,2,3,4,5,6]",,0,0.7140278,0.002,10
exp1,SucCoA,SucCoA,1,"[1,2,3,4,5,6]",,1,0.163027264,0.002,10
exp1,SucCoA,SucCoA,1,"[1,2,3,4,5,6]",,2,0.025238534,0.002,10
exp1,SucCoA,SucCoA,1,"[1,2,3,4,5,6]",,3,0.020858355,0.002,10
exp1,SucCoA,SucCoA,1,"[1,2,3,4,5,6]",,4,0.007196507,0.002,10
exp1,SucCoA,SucCoA,1,"[1,2,3,4,5,6]",,5,0.05686939,0.002,10
exp1,SucCoA,SucCoA,1,"[1,2,3,4,5,6]",,6,0.012782149,0.002,10
exp1,SucCoA,SucCoA,1,"[1,2,3,4,5,6]",,0,0.674030231,0.002,20
exp1,SucCoA,SucCoA,1,"[1,2,3,4,5,6]",,1,0.126990407,0.002,20
exp1,SucCoA,SucCoA,1,"[1,2,3,4,5,6]",,2,0.054504796,0.002,20
exp1,SucCoA,SucCoA,1,"[1,2,3,4,5,6]",,3,0.013648786,0.002,20
exp1,SucCoA,SucCoA,1,"[1,2,3,4,5,6]",,4,0.027489269,0.002,20
exp1,SucCoA,SucCoA,1,"[1,2,3,4,5,6]",,5,0.087360299,0.002,20
exp1,SucCoA,SucCoA,1,"[1,2,3,4,5,6]",,6,0.015976212,0.002,20
exp1,SucCoA,SucCoA,1,"[1,2,3,4,5,6]",,0,0.660070567,0.002,40
exp1,SucCoA,SucCoA,1,"[1,2,3,4,5,6]",,1,0.113899777,0.002,40
exp1,SucCoA,SucCoA,1,"[1,2,3,4,5,6]",,2,0.045683658,0.002,40
exp1,SucCoA,SucCoA,1,"[1,2,3,4,5,6]",,3,0.069252419,0.002,40
exp1,SucCoA,SucCoA,1,"[1,2,3,4,5,6]",,4,0.037415842,0.002,40
exp1,SucCoA,SucCoA,1,"[1,2,3,4,5,6]",,5,0.045930325,0.002,40
exp1,SucCoA,SucCoA,1,"[1,2,3,4,5,6]",,6,0.027747414,0.002,40
exp1,SucCoA,SucCoA,1,"[1,2,3,4,5,6]",,0,0.674106885,0.002,80
exp1,SucCoA,SucCoA,1,"[1,2,3,4,5,6]",,1,0.141601341,0.002,80
exp1,SucCoA,SucCoA,1,"[1,2,3,4,5,6]",,2,0.012652967,0.002,80
exp1,SucCoA,SucCoA,1,"[1,2,3,4,5,6]",,3,0.025212526,0.002,80
exp1,SucCoA,SucCoA,1,"[1,2,3,4,5,6]",,4,0.030329578,0.002,80
exp1,SucCoA,SucCoA,1,"[1,2,3,4,5,6]",,5,0.092014501,0.002,80
exp1,SucCoA,SucCoA,1,"[1,2,3,4,5,6]",,6,0.024082202,0.002,80
exp1,SucCoA,SucCoA,1,"[1,2,3,4,5,6]",,0,0.716557267,0.002,160
exp1,SucCoA,SucCoA,1,"[1,2,3,4,5,6]",,1,0.183288754,0.002,160
exp1,SucCoA,SucCoA,1,"[1,2,3,4,5,6]",,2,0.010424143,0.002,160
exp1,SucCoA,SucCoA,1,"[1,2,3,4,5,6]",,3,0.006693513,0.002,160
exp1,SucCoA,SucCoA,1,"[1,2,3,4,5,6]",,4,0.020466202,0.002,160
exp1,SucCoA,SucCoA,1,"[1,2,3,4,5,6]",,5,0.040432815,0.002,160
exp1,SucCoA,SucCoA,1,"[1,2,3,4,5,6]",,6,0.022137305,0.002,160
exp1,Xylulose-5-phosphate,Xylulose-5-phosphate,1,"[1,2,3,4,5]",,0,0.990440258,0.002,0
exp1,Xylulose-5-phosphate,Xylulose-5-phosphate,1,"[1,2,3,4,5]",,1,NA,0.002,0
exp1,Xylulose-5-phosphate,Xylulose-5-phosphate,1,"[1,2,3,4,5]",,2,NA,0.002,0
exp1,Xylulose-5-phosphate,Xylulose-5-phosphate,1,"[1,2,3,4,5]",,3,0.003237728,0.002,0
exp1,Xylulose-5-phosphate,Xylulose-5-phosphate,1,"[1,2,3,4,5]",,4,3.52E-05,0.002,0
exp1,Xylulose-5-phosphate,Xylulose-5-phosphate,1,"[1,2,3,4,5]",,5,0.006286834,0.002,0
exp1,Xylulose-5-phosphate,Xylulose-5-phosphate,1,"[1,2,3,4,5]",,0,0.146234766,0.002,10
exp1,Xylulose-5-phosphate,Xylulose-5-phosphate,1,"[1,2,3,4,5]",,1,0.004066949,0.002,10
exp1,Xylulose-5-phosphate,Xylulose-5-phosphate,1,"[1,2,3,4,5]",,2,0.090075327,0.002,10
exp1,Xylulose-5-phosphate,Xylulose-5-phosphate,1,"[1,2,3,4,5]",,3,0.081527459,0.002,10
exp1,Xylulose-5-phosphate,Xylulose-5-phosphate,1,"[1,2,3,4,5]",,4,0.021541157,0.002,10
exp1,Xylulose-5-phosphate,Xylulose-5-phosphate,1,"[1,2,3,4,5]",,5,0.656554342,0.002,10
exp1,Xylulose-5-phosphate,Xylulose-5-phosphate,1,"[1,2,3,4,5]",,0,0.134457243,0.002,20
exp1,Xylulose-5-phosphate,Xylulose-5-phosphate,1,"[1,2,3,4,5]",,1,0.003678785,0.002,20
exp1,Xylulose-5-phosphate,Xylulose-5-phosphate,1,"[1,2,3,4,5]",,2,0.084150243,0.002,20
exp1,Xylulose-5-phosphate,Xylulose-5-phosphate,1,"[1,2,3,4,5]",,3,0.078807623,0.002,20
exp1,Xylulose-5-phosphate,Xylulose-5-phosphate,1,"[1,2,3,4,5]",,4,0.019867576,0.002,20
exp1,Xylulose-5-phosphate,Xylulose-5-phosphate,1,"[1,2,3,4,5]",,5,0.679038531,0.002,20
exp1,Xylulose-5-phosphate,Xylulose-5-phosphate,1,"[1,2,3,4,5]",,0,0.108186376,0.002,40
exp1,Xylulose-5-phosphate,Xylulose-5-phosphate,1,"[1,2,3,4,5]",,1,0.000111,0.002,40
exp1,Xylulose-5-phosphate,Xylulose-5-phosphate,1,"[1,2,3,4,5]",,2,0.079412993,0.002,40
exp1,Xylulose-5-phosphate,Xylulose-5-phosphate,1,"[1,2,3,4,5]",,3,0.069312343,0.002,40
exp1,Xylulose-5-phosphate,Xylulose-5-phosphate,1,"[1,2,3,4,5]",,4,0.01824802,0.002,40
exp1,Xylulose-5-phosphate,Xylulose-5-phosphate,1,"[1,2,3,4,5]",,5,0.724729475,0.002,40
exp1,Xylulose-5-phosphate,Xylulose-5-phosphate,1,"[1,2,3,4,5]",,0,0.116711541,0.002,80
exp1,Xylulose-5-phosphate,Xylulose-5-phosphate,1,"[1,2,3,4,5]",,1,0.003364326,0.002,80
exp1,Xylulose-5-phosphate,Xylulose-5-phosphate,1,"[1,2,3,4,5]",,2,0.081825839,0.002,80
exp1,Xylulose-5-phosphate,Xylulose-5-phosphate,1,"[1,2,3,4,5]",,3,0.07453246,0.002,80
exp1,Xylulose-5-phosphate,Xylulose-5-phosphate,1,"[1,2,3,4,5]",,4,0.024588735,0.002,80
exp1,Xylulose-5-phosphate,Xylulose-5-phosphate,1,"[1,2,3,4,5]",,5,0.6989771,0.002,80
exp1,Xylulose-5-phosphate,Xylulose-5-phosphate,1,"[1,2,3,4,5]",,0,0.096223409,0.002,160
exp1,Xylulose-5-phosphate,Xylulose-5-phosphate,1,"[1,2,3,4,5]",,1,NA,0.002,160
exp1,Xylulose-5-phosphate,Xylulose-5-phosphate,1,"[1,2,3,4,5]",,2,0.066425489,0.002,160
exp1,Xylulose-5-phosphate,Xylulose-5-phosphate,1,"[1,2,3,4,5]",,3,0.060531468,0.002,160
exp1,Xylulose-5-phosphate,Xylulose-5-phosphate,1,"[1,2,3,4,5]",,4,0.01193392,0.002,160
exp1,Xylulose-5-phosphate,Xylulose-5-phosphate,1,"[1,2,3,4,5]",,5,0.764885713,0.002,160
exp1,FBP,FBP,1,"[1,2,3,4,5,6]",,0,0.861509654,0.002,0
exp1,FBP,FBP,1,"[1,2,3,4,5,6]",,1,0.023017266,0.002,0
exp1,FBP,FBP,1,"[1,2,3,4,5,6]",,2,NA,0.002,0
exp1,FBP,FBP,1,"[1,2,3,4,5,6]",,3,0.010817432,0.002,0
exp1,FBP,FBP,1,"[1,2,3,4,5,6]",,4,0.041819622,0.002,0
exp1,FBP,FBP,1,"[1,2,3,4,5,6]",,5,0.012876272,0.002,0
exp1,FBP,FBP,1,"[1,2,3,4,5,6]",,6,0.049959755,0.002,0
exp1,FBP,FBP,1,"[1,2,3,4,5,6]",,0,0.593292357,0.002,10
exp1,FBP,FBP,1,"[1,2,3,4,5,6]",,1,0.04437364,0.002,10
exp1,FBP,FBP,1,"[1,2,3,4,5,6]",,2,0.030684229,0.002,10
exp1,FBP,FBP,1,"[1,2,3,4,5,6]",,3,0.040804753,0.002,10
exp1,FBP,FBP,1,"[1,2,3,4,5,6]",,4,0.053541905,0.002,10
exp1,FBP,FBP,1,"[1,2,3,4,5,6]",,5,0.025459392,0.002,10
exp1,FBP,FBP,1,"[1,2,3,4,5,6]",,6,0.211843723,0.002,10
exp1,FBP,FBP,1,"[1,2,3,4,5,6]",,0,0.559872069,0.002,20
exp1,FBP,FBP,1,"[1,2,3,4,5,6]",,1,0.040757715,0.002,20
exp1,FBP,FBP,1,"[1,2,3,4,5,6]",,2,0.023425797,0.002,20
exp1,FBP,FBP,1,"[1,2,3,4,5,6]",,3,0.05440764,0.002,20
exp1,FBP,FBP,1,"[1,2,3,4,5,6]",,4,0.067018648,0.002,20
exp1,FBP,FBP,1,"[1,2,3,4,5,6]",,5,0.015427641,0.002,20
exp1,FBP,FBP,1,"[1,2,3,4,5,6]",,6,0.239090489,0.002,20
exp1,FBP,FBP,1,"[1,2,3,4,5,6]",,0,0.638581133,0.002,40
exp1,FBP,FBP,1,"[1,2,3,4,5,6]",,1,0.023157087,0.002,40
exp1,FBP,FBP,1,"[1,2,3,4,5,6]",,2,0.007460441,0.002,40
exp1,FBP,FBP,1,"[1,2,3,4,5,6]",,3,0.040045498,0.002,40
exp1,FBP,FBP,1,"[1,2,3,4,5,6]",,4,0.016629007,0.002,40
exp1,FBP,FBP,1,"[1,2,3,4,5,6]",,5,0.016139705,0.002,40
exp1,FBP,FBP,1,"[1,2,3,4,5,6]",,6,0.25798713,0.002,40
exp1,FBP,FBP,1,"[1,2,3,4,5,6]",,0,0.591401719,0.002,80
exp1,FBP,FBP,1,"[1,2,3,4,5,6]",,1,0.031112069,0.002,80
exp1,FBP,FBP,1,"[1,2,3,4,5,6]",,2,0.012070092,0.002,80
exp1,FBP,FBP,1,"[1,2,3,4,5,6]",,3,0.038433104,0.002,80
exp1,FBP,FBP,1,"[1,2,3,4,5,6]",,4,0.043164607,0.002,80
exp1,FBP,FBP,1,"[1,2,3,4,5,6]",,5,0.011100823,0.002,80
exp1,FBP,FBP,1,"[1,2,3,4,5,6]",,6,0.272717586,0.002,80
exp1,FBP,FBP,1,"[1,2,3,4,5,6]",,0,0.515433459,0.002,160
exp1,FBP,FBP,1,"[1,2,3,4,5,6]",,1,0.02449588,0.002,160
exp1,FBP,FBP,1,"[1,2,3,4,5,6]",,2,NA,0.002,160
exp1,FBP,FBP,1,"[1,2,3,4,5,6]",,3,0.041296308,0.002,160
exp1,FBP,FBP,1,"[1,2,3,4,5,6]",,4,0.029989103,0.002,160
exp1,FBP,FBP,1,"[1,2,3,4,5,6]",,5,0.025560582,0.002,160
exp1,FBP,FBP,1,"[1,2,3,4,5,6]",,6,0.363224668,0.002,160
exp2,Cit,Cit,2,"[1,2,3,4,5,6]",,0,0.944194987,0.002,0
exp2,Cit,Cit,2,"[1,2,3,4,5,6]",,1,0.042020661,0.002,0
exp2,Cit,Cit,2,"[1,2,3,4,5,6]",,2,0.013189671,0.002,0
exp2,Cit,Cit,2,"[1,2,3,4,5,6]",,3,NA,0.002,0
exp2,Cit,Cit,2,"[1,2,3,4,5,6]",,4,0.000301,0.002,0
exp2,Cit,Cit,2,"[1,2,3,4,5,6]",,5,0.000294,0.002,0
exp2,Cit,Cit,2,"[1,2,3,4,5,6]",,6,NA,0.002,0
exp2,Cit,Cit,2,"[1,2,3,4,5,6]",,0,0.877342657,0.002,10
exp2,Cit,Cit,2,"[1,2,3,4,5,6]",,1,0.023510585,0.002,10
exp2,Cit,Cit,2,"[1,2,3,4,5,6]",,2,0.09647256,0.002,10
exp2,Cit,Cit,2,"[1,2,3,4,5,6]",,3,0.002107094,0.002,10
exp2,Cit,Cit,2,"[1,2,3,4,5,6]",,4,NA,0.002,10
exp2,Cit,Cit,2,"[1,2,3,4,5,6]",,5,0.000567,0.002,10
exp2,Cit,Cit,2,"[1,2,3,4,5,6]",,6,NA,0.002,10
exp2,Cit,Cit,2,"[1,2,3,4,5,6]",,0,0.847150076,0.002,20
exp2,Cit,Cit,2,"[1,2,3,4,5,6]",,1,0.030551761,0.002,20
exp2,Cit,Cit,2,"[1,2,3,4,5,6]",,2,0.113608101,0.002,20
exp2,Cit,Cit,2,"[1,2,3,4,5,6]",,3,0.007537144,0.002,20
exp2,Cit,Cit,2,"[1,2,3,4,5,6]",,4,1.07E-05,0.002,20
exp2,Cit,Cit,2,"[1,2,3,4,5,6]",,5,0.001133724,0.002,20
exp2,Cit,Cit,2,"[1,2,3,4,5,6]",,6,8.48E-06,0.002,20
exp2,Cit,Cit,2,"[1,2,3,4,5,6]",,0,0.816777167,0.002,40
exp2,Cit,Cit,2,"[1,2,3,4,5,6]",,1,0.028887411,0.002,40
exp2,Cit,Cit,2,"[1,2,3,4,5,6]",,2,0.139106886,0.002,40
exp2,Cit,Cit,2,"[1,2,3,4,5,6]",,3,0.011626307,0.002,40
exp2,Cit,Cit,2,"[1,2,3,4,5,6]",,4,0.001701866,0.002,40
exp2,Cit,Cit,2,"[1,2,3,4,5,6]",,5,0.001878348,0.002,40
exp2,Cit,Cit,2,"[1,2,3,4,5,6]",,6,2.20E-05,0.002,40
exp2,Cit,Cit,2,"[1,2,3,4,5,6]",,0,0.786071897,0.002,80
exp2,Cit,Cit,2,"[1,2,3,4,5,6]",,1,0.024229506,0.002,80
exp2,Cit,Cit,2,"[1,2,3,4,5,6]",,2,0.169444396,0.002,80
exp2,Cit,Cit,2,"[1,2,3,4,5,6]",,3,0.013069735,0.002,80
exp2,Cit,Cit,2,"[1,2,3,4,5,6]",,4,0.004304401,0.002,80
exp2,Cit,Cit,2,"[1,2,3,4,5,6]",,5,0.00282658,0.002,80
exp2,Cit,Cit,2,"[1,2,3,4,5,6]",,6,5.35E-05,0.002,80
exp2,Cit,Cit,2,"[1,2,3,4,5,6]",,0,0.662562642,0.002,160
exp2,Cit,Cit,2,"[1,2,3,4,5,6]",,1,0.025870413,0.002,160
exp2,Cit,Cit,2,"[1,2,3,4,5,6]",,2,0.257678125,0.002,160
exp2,Cit,Cit,2,"[1,2,3,4,5,6]",,3,0.028234018,0.002,160
exp2,Cit,Cit,2,"[1,2,3,4,5,6]",,4,0.01661178,0.002,160
exp2,Cit,Cit,2,"[1,2,3,4,5,6]",,5,0.008713142,0.002,160
exp2,Cit,Cit,2,"[1,2,3,4,5,6]",,6,0.00033,0.002,160
exp2,3PG,3PG,2,"[1,2,3]",,0,0.95446657,0.002,0
exp2,3PG,3PG,2,"[1,2,3]",,1,NA,0.002,0
exp2,3PG,3PG,2,"[1,2,3]",,2,NA,0.002,0
exp2,3PG,3PG,2,"[1,2,3]",,3,0.04553343,0.002,0
exp2,3PG,3PG,2,"[1,2,3]",,0,0.265421105,0.002,10
exp2,3PG,3PG,2,"[1,2,3]",,1,0.010785349,0.002,10
exp2,3PG,3PG,2,"[1,2,3]",,2,0.015839227,0.002,10
exp2,3PG,3PG,2,"[1,2,3]",,3,0.707954318,0.002,10
exp2,3PG,3PG,2,"[1,2,3]",,0,0.231563892,0.002,20
exp2,3PG,3PG,2,"[1,2,3]",,1,0.007980094,0.002,20
exp2,3PG,3PG,2,"[1,2,3]",,2,0.006133201,0.002,20
exp2,3PG,3PG,2,"[1,2,3]",,3,0.754322812,0.002,20
exp2,3PG,3PG,2,"[1,2,3]",,0,0.235710034,0.002,40
exp2,3PG,3PG,2,"[1,2,3]",,1,0.009202337,0.002,40
exp2,3PG,3PG,2,"[1,2,3]",,2,0.008269243,0.002,40
exp2,3PG,3PG,2,"[1,2,3]",,3,0.746818385,0.002,40
exp2,3PG,3PG,2,"[1,2,3]",,0,0.231145071,0.002,80
exp2,3PG,3PG,2,"[1,2,3]",,1,0.00991091,0.002,80
exp2,3PG,3PG,2,"[1,2,3]",,2,0.015302367,0.002,80
exp2,3PG,3PG,2,"[1,2,3]",,3,0.743641652,0.002,80
exp2,3PG,3PG,2,"[1,2,3]",,0,0.190539412,0.002,160
exp2,3PG,3PG,2,"[1,2,3]",,1,0.009145427,0.002,160
exp2,3PG,3PG,2,"[1,2,3]",,2,0.00834511,0.002,160
exp2,3PG,3PG,2,"[1,2,3]",,3,0.791970052,0.002,160
exp2,6PGC,6PGC,2,"[1,2,3,4,5,6]",,0,0.948770644,0.002,0
exp2,6PGC,6PGC,2,"[1,2,3,4,5,6]",,1,NA,0.002,0
exp2,6PGC,6PGC,2,"[1,2,3,4,5,6]",,2,NA,0.002,0
exp2,6PGC,6PGC,2,"[1,2,3,4,5,6]",,3,0.00490056,0.002,0
exp2,6PGC,6PGC,2,"[1,2,3,4,5,6]",,4,0.001361944,0.002,0
exp2,6PGC,6PGC,2,"[1,2,3,4,5,6]",,5,0.006620642,0.002,0
exp2,6PGC,6PGC,2,"[1,2,3,4,5,6]",,6,0.03834621,0.002,0
exp2,6PGC,6PGC,2,"[1,2,3,4,5,6]",,0,0.368415811,0.002,10
exp2,6PGC,6PGC,2,"[1,2,3,4,5,6]",,1,0.022431973,0.002,10
exp2,6PGC,6PGC,2,"[1,2,3,4,5,6]",,2,0.013007264,0.002,10
exp2,6PGC,6PGC,2,"[1,2,3,4,5,6]",,3,0.020189952,0.002,10
exp2,6PGC,6PGC,2,"[1,2,3,4,5,6]",,4,0.003982254,0.002,10
exp2,6PGC,6PGC,2,"[1,2,3,4,5,6]",,5,0.047041338,0.002,10
exp2,6PGC,6PGC,2,"[1,2,3,4,5,6]",,6,0.524931407,0.002,10
exp2,6PGC,6PGC,2,"[1,2,3,4,5,6]",,0,0.314431417,0.002,20
exp2,6PGC,6PGC,2,"[1,2,3,4,5,6]",,1,0.01242457,0.002,20
exp2,6PGC,6PGC,2,"[1,2,3,4,5,6]",,2,0.003501687,0.002,20
exp2,6PGC,6PGC,2,"[1,2,3,4,5,6]",,3,0.017500719,0.002,20
exp2,6PGC,6PGC,2,"[1,2,3,4,5,6]",,4,0.013134168,0.002,20
exp2,6PGC,6PGC,2,"[1,2,3,4,5,6]",,5,0.04784207,0.002,20
exp2,6PGC,6PGC,2,"[1,2,3,4,5,6]",,6,0.591165369,0.002,20
exp2,6PGC,6PGC,2,"[1,2,3,4,5,6]",,0,0.299105096,0.002,40
exp2,6PGC,6PGC,2,"[1,2,3,4,5,6]",,1,0.010820118,0.002,40
exp2,6PGC,6PGC,2,"[1,2,3,4,5,6]",,2,0.006380912,0.002,40
exp2,6PGC,6PGC,2,"[1,2,3,4,5,6]",,3,0.013321611,0.002,40
exp2,6PGC,6PGC,2,"[1,2,3,4,5,6]",,4,0.020774835,0.002,40
exp2,6PGC,6PGC,2,"[1,2,3,4,5,6]",,5,0.045014098,0.002,40
exp2,6PGC,6PGC,2,"[1,2,3,4,5,6]",,6,0.604583329,0.002,40
exp2,6PGC,6PGC,2,"[1,2,3,4,5,6]",,0,0.280244995,0.002,80
exp2,6PGC,6PGC,2,"[1,2,3,4,5,6]",,1,0.020042271,0.002,80
exp2,6PGC,6PGC,2,"[1,2,3,4,5,6]",,2,0.002275991,0.002,80
exp2,6PGC,6PGC,2,"[1,2,3,4,5,6]",,3,0.023011018,0.002,80
exp2,6PGC,6PGC,2,"[1,2,3,4,5,6]",,4,NA,0.002,80
exp2,6PGC,6PGC,2,"[1,2,3,4,5,6]",,5,0.055923586,0.002,80
exp2,6PGC,6PGC,2,"[1,2,3,4,5,6]",,6,0.618502139,0.002,80
exp2,6PGC,6PGC,2,"[1,2,3,4,5,6]",,0,0.223235101,0.002,160
exp2,6PGC,6PGC,2,"[1,2,3,4,5,6]",,1,0.007904698,0.002,160
exp2,6PGC,6PGC,2,"[1,2,3,4,5,6]",,2,0.006605944,0.002,160
exp2,6PGC,6PGC,2,"[1,2,3,4,5,6]",,3,0.015837282,0.002,160
exp2,6PGC,6PGC,2,"[1,2,3,4,5,6]",,4,0.011995808,0.002,160
exp2,6PGC,6PGC,2,"[1,2,3,4,5,6]",,5,0.0407538,0.002,160
exp2,6PGC,6PGC,2,"[1,2,3,4,5,6]",,6,0.693667367,0.002,160
exp2,AcCoA,AcCoA,2,"[1,2,3,4,5,6,7,8,9,10,11,12,13,14,15,16,17,18,19,20,21,22,23]",,0,0.962574488,0.002,0
exp2,AcCoA,AcCoA,2,"[1,2,3,4,5,6,7,8,9,10,11,12,13,14,15,16,17,18,19,20,21,22,23]",,1,NA,0.002,0
exp2,AcCoA,AcCoA,2,"[1,2,3,4,5,6,7,8,9,10,11,12,13,14,15,16,17,18,19,20,21,22,23]",,2,NA,0.002,0
exp2,AcCoA,AcCoA,2,"[1,2,3,4,5,6,7,8,9,10,11,12,13,14,15,16,17,18,19,20,21,22,23]",,3,NA,0.002,0
exp2,AcCoA,AcCoA,2,"[1,2,3,4,5,6,7,8,9,10,11,12,13,14,15,16,17,18,19,20,21,22,23]",,4,0.005176614,0.002,0
exp2,AcCoA,AcCoA,2,"[1,2,3,4,5,6,7,8,9,10,11,12,13,14,15,16,17,18,19,20,21,22,23]",,5,0.00017,0.002,0
exp2,AcCoA,AcCoA,2,"[1,2,3,4,5,6,7,8,9,10,11,12,13,14,15,16,17,18,19,20,21,22,23]",,6,NA,0.002,0
exp2,AcCoA,AcCoA,2,"[1,2,3,4,5,6,7,8,9,10,11,12,13,14,15,16,17,18,19,20,21,22,23]",,7,0.002809491,0.002,0
exp2,AcCoA,AcCoA,2,"[1,2,3,4,5,6,7,8,9,10,11,12,13,14,15,16,17,18,19,20,21,22,23]",,8,NA,0.002,0
exp2,AcCoA,AcCoA,2,"[1,2,3,4,5,6,7,8,9,10,11,12,13,14,15,16,17,18,19,20,21,22,23]",,9,0.003806424,0.002,0
exp2,AcCoA,AcCoA,2,"[1,2,3,4,5,6,7,8,9,10,11,12,13,14,15,16,17,18,19,20,21,22,23]",,10,0.000551,0.002,0
exp2,AcCoA,AcCoA,2,"[1,2,3,4,5,6,7,8,9,10,11,12,13,14,15,16,17,18,19,20,21,22,23]",,11,0.001334664,0.002,0
exp2,AcCoA,AcCoA,2,"[1,2,3,4,5,6,7,8,9,10,11,12,13,14,15,16,17,18,19,20,21,22,23]",,12,0.002718823,0.002,0
exp2,AcCoA,AcCoA,2,"[1,2,3,4,5,6,7,8,9,10,11,12,13,14,15,16,17,18,19,20,21,22,23]",,13,0.001693253,0.002,0
exp2,AcCoA,AcCoA,2,"[1,2,3,4,5,6,7,8,9,10,11,12,13,14,15,16,17,18,19,20,21,22,23]",,14,0.001603644,0.002,0
exp2,AcCoA,AcCoA,2,"[1,2,3,4,5,6,7,8,9,10,11,12,13,14,15,16,17,18,19,20,21,22,23]",,15,0.003336472,0.002,0
exp2,AcCoA,AcCoA,2,"[1,2,3,4,5,6,7,8,9,10,11,12,13,14,15,16,17,18,19,20,21,22,23]",,16,0.000926,0.002,0
exp2,AcCoA,AcCoA,2,"[1,2,3,4,5,6,7,8,9,10,11,12,13,14,15,16,17,18,19,20,21,22,23]",,17,0.000921,0.002,0
exp2,AcCoA,AcCoA,2,"[1,2,3,4,5,6,7,8,9,10,11,12,13,14,15,16,17,18,19,20,21,22,23]",,18,0.004853063,0.002,0
exp2,AcCoA,AcCoA,2,"[1,2,3,4,5,6,7,8,9,10,11,12,13,14,15,16,17,18,19,20,21,22,23]",,19,0.001303921,0.002,0
exp2,AcCoA,AcCoA,2,"[1,2,3,4,5,6,7,8,9,10,11,12,13,14,15,16,17,18,19,20,21,22,23]",,20,0.001178796,0.002,0
exp2,AcCoA,AcCoA,2,"[1,2,3,4,5,6,7,8,9,10,11,12,13,14,15,16,17,18,19,20,21,22,23]",,21,0.001287913,0.002,0
exp2,AcCoA,AcCoA,2,"[1,2,3,4,5,6,7,8,9,10,11,12,13,14,15,16,17,18,19,20,21,22,23]",,22,0.001166009,0.002,0
exp2,AcCoA,AcCoA,2,"[1,2,3,4,5,6,7,8,9,10,11,12,13,14,15,16,17,18,19,20,21,22,23]",,23,0.002588089,0.002,0
exp2,AcCoA,AcCoA,2,"[1,2,3,4,5,6,7,8,9,10,11,12,13,14,15,16,17,18,19,20,21,22,23]",,0,0.845920404,0.002,10
exp2,AcCoA,AcCoA,2,"[1,2,3,4,5,6,7,8,9,10,11,12,13,14,15,16,17,18,19,20,21,22,23]",,1,0.001508191,0.002,10
exp2,AcCoA,AcCoA,2,"[1,2,3,4,5,6,7,8,9,10,11,12,13,14,15,16,17,18,19,20,21,22,23]",,2,0.10624118,0.002,10
exp2,AcCoA,AcCoA,2,"[1,2,3,4,5,6,7,8,9,10,11,12,13,14,15,16,17,18,19,20,21,22,23]",,3,0.005185145,0.002,10
exp2,AcCoA,AcCoA,2,"[1,2,3,4,5,6,7,8,9,10,11,12,13,14,15,16,17,18,19,20,21,22,23]",,4,NA,0.002,10
exp2,AcCoA,AcCoA,2,"[1,2,3,4,5,6,7,8,9,10,11,12,13,14,15,16,17,18,19,20,21,22,23]",,5,0.000698,0.002,10
exp2,AcCoA,AcCoA,2,"[1,2,3,4,5,6,7,8,9,10,11,12,13,14,15,16,17,18,19,20,21,22,23]",,6,0.001798572,0.002,10
exp2,AcCoA,AcCoA,2,"[1,2,3,4,5,6,7,8,9,10,11,12,13,14,15,16,17,18,19,20,21,22,23]",,7,0.002049636,0.002,10
exp2,AcCoA,AcCoA,2,"[1,2,3,4,5,6,7,8,9,10,11,12,13,14,15,16,17,18,19,20,21,22,23]",,8,NA,0.002,10
exp2,AcCoA,AcCoA,2,"[1,2,3,4,5,6,7,8,9,10,11,12,13,14,15,16,17,18,19,20,21,22,23]",,9,0.002053682,0.002,10
exp2,AcCoA,AcCoA,2,"[1,2,3,4,5,6,7,8,9,10,11,12,13,14,15,16,17,18,19,20,21,22,23]",,10,NA,0.002,10
exp2,AcCoA,AcCoA,2,"[1,2,3,4,5,6,7,8,9,10,11,12,13,14,15,16,17,18,19,20,21,22,23]",,11,0.002671851,0.002,10
exp2,AcCoA,AcCoA,2,"[1,2,3,4,5,6,7,8,9,10,11,12,13,14,15,16,17,18,19,20,21,22,23]",,12,0.002818976,0.002,10
exp2,AcCoA,AcCoA,2,"[1,2,3,4,5,6,7,8,9,10,11,12,13,14,15,16,17,18,19,20,21,22,23]",,13,0.001994694,0.002,10
exp2,AcCoA,AcCoA,2,"[1,2,3,4,5,6,7,8,9,10,11,12,13,14,15,16,17,18,19,20,21,22,23]",,14,0.002975262,0.002,10
exp2,AcCoA,AcCoA,2,"[1,2,3,4,5,6,7,8,9,10,11,12,13,14,15,16,17,18,19,20,21,22,23]",,15,0.003314319,0.002,10
exp2,AcCoA,AcCoA,2,"[1,2,3,4,5,6,7,8,9,10,11,12,13,14,15,16,17,18,19,20,21,22,23]",,16,0.001241482,0.002,10
exp2,AcCoA,AcCoA,2,"[1,2,3,4,5,6,7,8,9,10,11,12,13,14,15,16,17,18,19,20,21,22,23]",,17,0.003543323,0.002,10
exp2,AcCoA,AcCoA,2,"[1,2,3,4,5,6,7,8,9,10,11,12,13,14,15,16,17,18,19,20,21,22,23]",,18,0.001349731,0.002,10
exp2,AcCoA,AcCoA,2,"[1,2,3,4,5,6,7,8,9,10,11,12,13,14,15,16,17,18,19,20,21,22,23]",,19,0.002201026,0.002,10
exp2,AcCoA,AcCoA,2,"[1,2,3,4,5,6,7,8,9,10,11,12,13,14,15,16,17,18,19,20,21,22,23]",,20,0.003409006,0.002,10
exp2,AcCoA,AcCoA,2,"[1,2,3,4,5,6,7,8,9,10,11,12,13,14,15,16,17,18,19,20,21,22,23]",,21,0.002623985,0.002,10
exp2,AcCoA,AcCoA,2,"[1,2,3,4,5,6,7,8,9,10,11,12,13,14,15,16,17,18,19,20,21,22,23]",,22,0.004528845,0.002,10
exp2,AcCoA,AcCoA,2,"[1,2,3,4,5,6,7,8,9,10,11,12,13,14,15,16,17,18,19,20,21,22,23]",,23,0.001872258,0.002,10
exp2,AcCoA,AcCoA,2,"[1,2,3,4,5,6,7,8,9,10,11,12,13,14,15,16,17,18,19,20,21,22,23]",,0,0.810469032,0.002,20
exp2,AcCoA,AcCoA,2,"[1,2,3,4,5,6,7,8,9,10,11,12,13,14,15,16,17,18,19,20,21,22,23]",,1,0.021333843,0.002,20
exp2,AcCoA,AcCoA,2,"[1,2,3,4,5,6,7,8,9,10,11,12,13,14,15,16,17,18,19,20,21,22,23]",,2,0.142629134,0.002,20
exp2,AcCoA,AcCoA,2,"[1,2,3,4,5,6,7,8,9,10,11,12,13,14,15,16,17,18,19,20,21,22,23]",,3,NA,0.002,20
exp2,AcCoA,AcCoA,2,"[1,2,3,4,5,6,7,8,9,10,11,12,13,14,15,16,17,18,19,20,21,22,23]",,4,NA,0.002,20
exp2,AcCoA,AcCoA,2,"[1,2,3,4,5,6,7,8,9,10,11,12,13,14,15,16,17,18,19,20,21,22,23]",,5,0.001428341,0.002,20
exp2,AcCoA,AcCoA,2,"[1,2,3,4,5,6,7,8,9,10,11,12,13,14,15,16,17,18,19,20,21,22,23]",,6,NA,0.002,20
exp2,AcCoA,AcCoA,2,"[1,2,3,4,5,6,7,8,9,10,11,12,13,14,15,16,17,18,19,20,21,22,23]",,7,0.001565972,0.002,20
exp2,AcCoA,AcCoA,2,"[1,2,3,4,5,6,7,8,9,10,11,12,13,14,15,16,17,18,19,20,21,22,23]",,8,0.001294032,0.002,20
exp2,AcCoA,AcCoA,2,"[1,2,3,4,5,6,7,8,9,10,11,12,13,14,15,16,17,18,19,20,21,22,23]",,9,0.001860907,0.002,20
exp2,AcCoA,AcCoA,2,"[1,2,3,4,5,6,7,8,9,10,11,12,13,14,15,16,17,18,19,20,21,22,23]",,10,NA,0.002,20
exp2,AcCoA,AcCoA,2,"[1,2,3,4,5,6,7,8,9,10,11,12,13,14,15,16,17,18,19,20,21,22,23]",,11,0.002217836,0.002,20
exp2,AcCoA,AcCoA,2,"[1,2,3,4,5,6,7,8,9,10,11,12,13,14,15,16,17,18,19,20,21,22,23]",,12,0.002780458,0.002,20
exp2,AcCoA,AcCoA,2,"[1,2,3,4,5,6,7,8,9,10,11,12,13,14,15,16,17,18,19,20,21,22,23]",,13,0.0015214,0.002,20
exp2,AcCoA,AcCoA,2,"[1,2,3,4,5,6,7,8,9,10,11,12,13,14,15,16,17,18,19,20,21,22,23]",,14,NA,0.002,20
exp2,AcCoA,AcCoA,2,"[1,2,3,4,5,6,7,8,9,10,11,12,13,14,15,16,17,18,19,20,21,22,23]",,15,0.001676557,0.002,20
exp2,AcCoA,AcCoA,2,"[1,2,3,4,5,6,7,8,9,10,11,12,13,14,15,16,17,18,19,20,21,22,23]",,16,0.001795428,0.002,20
exp2,AcCoA,AcCoA,2,"[1,2,3,4,5,6,7,8,9,10,11,12,13,14,15,16,17,18,19,20,21,22,23]",,17,0.000882,0.002,20
exp2,AcCoA,AcCoA,2,"[1,2,3,4,5,6,7,8,9,10,11,12,13,14,15,16,17,18,19,20,21,22,23]",,18,0.001218688,0.002,20
exp2,AcCoA,AcCoA,2,"[1,2,3,4,5,6,7,8,9,10,11,12,13,14,15,16,17,18,19,20,21,22,23]",,19,0.001843075,0.002,20
exp2,AcCoA,AcCoA,2,"[1,2,3,4,5,6,7,8,9,10,11,12,13,14,15,16,17,18,19,20,21,22,23]",,20,0.002059925,0.002,20
exp2,AcCoA,AcCoA,2,"[1,2,3,4,5,6,7,8,9,10,11,12,13,14,15,16,17,18,19,20,21,22,23]",,21,0.000917,0.002,20
exp2,AcCoA,AcCoA,2,"[1,2,3,4,5,6,7,8,9,10,11,12,13,14,15,16,17,18,19,20,21,22,23]",,22,0.000782,0.002,20
exp2,AcCoA,AcCoA,2,"[1,2,3,4,5,6,7,8,9,10,11,12,13,14,15,16,17,18,19,20,21,22,23]",,23,0.001724971,0.002,20
exp2,AcCoA,AcCoA,2,"[1,2,3,4,5,6,7,8,9,10,11,12,13,14,15,16,17,18,19,20,21,22,23]",,0,0.771031459,0.002,40
exp2,AcCoA,AcCoA,2,"[1,2,3,4,5,6,7,8,9,10,11,12,13,14,15,16,17,18,19,20,21,22,23]",,1,0.011053605,0.002,40
exp2,AcCoA,AcCoA,2,"[1,2,3,4,5,6,7,8,9,10,11,12,13,14,15,16,17,18,19,20,21,22,23]",,2,0.182605246,0.002,40
exp2,AcCoA,AcCoA,2,"[1,2,3,4,5,6,7,8,9,10,11,12,13,14,15,16,17,18,19,20,21,22,23]",,3,NA,0.002,40
exp2,AcCoA,AcCoA,2,"[1,2,3,4,5,6,7,8,9,10,11,12,13,14,15,16,17,18,19,20,21,22,23]",,4,NA,0.002,40
exp2,AcCoA,AcCoA,2,"[1,2,3,4,5,6,7,8,9,10,11,12,13,14,15,16,17,18,19,20,21,22,23]",,5,0.005600058,0.002,40
exp2,AcCoA,AcCoA,2,"[1,2,3,4,5,6,7,8,9,10,11,12,13,14,15,16,17,18,19,20,21,22,23]",,6,2.14E-05,0.002,40
exp2,AcCoA,AcCoA,2,"[1,2,3,4,5,6,7,8,9,10,11,12,13,14,15,16,17,18,19,20,21,22,23]",,7,0.000645,0.002,40
exp2,AcCoA,AcCoA,2,"[1,2,3,4,5,6,7,8,9,10,11,12,13,14,15,16,17,18,19,20,21,22,23]",,8,0.001322619,0.002,40
exp2,AcCoA,AcCoA,2,"[1,2,3,4,5,6,7,8,9,10,11,12,13,14,15,16,17,18,19,20,21,22,23]",,9,0.00104997,0.002,40
exp2,AcCoA,AcCoA,2,"[1,2,3,4,5,6,7,8,9,10,11,12,13,14,15,16,17,18,19,20,21,22,23]",,10,0.001927211,0.002,40
exp2,AcCoA,AcCoA,2,"[1,2,3,4,5,6,7,8,9,10,11,12,13,14,15,16,17,18,19,20,21,22,23]",,11,0.001602812,0.002,40
exp2,AcCoA,AcCoA,2,"[1,2,3,4,5,6,7,8,9,10,11,12,13,14,15,16,17,18,19,20,21,22,23]",,12,0.004090852,0.002,40
exp2,AcCoA,AcCoA,2,"[1,2,3,4,5,6,7,8,9,10,11,12,13,14,15,16,17,18,19,20,21,22,23]",,13,0.001314497,0.002,40
exp2,AcCoA,AcCoA,2,"[1,2,3,4,5,6,7,8,9,10,11,12,13,14,15,16,17,18,19,20,21,22,23]",,14,0.000721,0.002,40
exp2,AcCoA,AcCoA,2,"[1,2,3,4,5,6,7,8,9,10,11,12,13,14,15,16,17,18,19,20,21,22,23]",,15,0.003448225,0.002,40
exp2,AcCoA,AcCoA,2,"[1,2,3,4,5,6,7,8,9,10,11,12,13,14,15,16,17,18,19,20,21,22,23]",,16,0.000839,0.002,40
exp2,AcCoA,AcCoA,2,"[1,2,3,4,5,6,7,8,9,10,11,12,13,14,15,16,17,18,19,20,21,22,23]",,17,0.00111444,0.002,40
exp2,AcCoA,AcCoA,2,"[1,2,3,4,5,6,7,8,9,10,11,12,13,14,15,16,17,18,19,20,21,22,23]",,18,0.002229187,0.002,40
exp2,AcCoA,AcCoA,2,"[1,2,3,4,5,6,7,8,9,10,11,12,13,14,15,16,17,18,19,20,21,22,23]",,19,0.003382223,0.002,40
exp2,AcCoA,AcCoA,2,"[1,2,3,4,5,6,7,8,9,10,11,12,13,14,15,16,17,18,19,20,21,22,23]",,20,NA,0.002,40
exp2,AcCoA,AcCoA,2,"[1,2,3,4,5,6,7,8,9,10,11,12,13,14,15,16,17,18,19,20,21,22,23]",,21,0.001564594,0.002,40
exp2,AcCoA,AcCoA,2,"[1,2,3,4,5,6,7,8,9,10,11,12,13,14,15,16,17,18,19,20,21,22,23]",,22,0.002513253,0.002,40
exp2,AcCoA,AcCoA,2,"[1,2,3,4,5,6,7,8,9,10,11,12,13,14,15,16,17,18,19,20,21,22,23]",,23,0.001922906,0.002,40
exp2,AcCoA,AcCoA,2,"[1,2,3,4,5,6,7,8,9,10,11,12,13,14,15,16,17,18,19,20,21,22,23]",,0,0.748600291,0.002,80
exp2,AcCoA,AcCoA,2,"[1,2,3,4,5,6,7,8,9,10,11,12,13,14,15,16,17,18,19,20,21,22,23]",,1,NA,0.002,80
exp2,AcCoA,AcCoA,2,"[1,2,3,4,5,6,7,8,9,10,11,12,13,14,15,16,17,18,19,20,21,22,23]",,2,0.197867286,0.002,80
exp2,AcCoA,AcCoA,2,"[1,2,3,4,5,6,7,8,9,10,11,12,13,14,15,16,17,18,19,20,21,22,23]",,3,NA,0.002,80
exp2,AcCoA,AcCoA,2,"[1,2,3,4,5,6,7,8,9,10,11,12,13,14,15,16,17,18,19,20,21,22,23]",,4,NA,0.002,80
exp2,AcCoA,AcCoA,2,"[1,2,3,4,5,6,7,8,9,10,11,12,13,14,15,16,17,18,19,20,21,22,23]",,5,0.009710228,0.002,80
exp2,AcCoA,AcCoA,2,"[1,2,3,4,5,6,7,8,9,10,11,12,13,14,15,16,17,18,19,20,21,22,23]",,6,0.002830153,0.002,80
exp2,AcCoA,AcCoA,2,"[1,2,3,4,5,6,7,8,9,10,11,12,13,14,15,16,17,18,19,20,21,22,23]",,7,0.001086895,0.002,80
exp2,AcCoA,AcCoA,2,"[1,2,3,4,5,6,7,8,9,10,11,12,13,14,15,16,17,18,19,20,21,22,23]",,8,0.001385938,0.002,80
exp2,AcCoA,AcCoA,2,"[1,2,3,4,5,6,7,8,9,10,11,12,13,14,15,16,17,18,19,20,21,22,23]",,9,0.001633335,0.002,80
exp2,AcCoA,AcCoA,2,"[1,2,3,4,5,6,7,8,9,10,11,12,13,14,15,16,17,18,19,20,21,22,23]",,10,0.004447914,0.002,80
exp2,AcCoA,AcCoA,2,"[1,2,3,4,5,6,7,8,9,10,11,12,13,14,15,16,17,18,19,20,21,22,23]",,11,NA,0.002,80
exp2,AcCoA,AcCoA,2,"[1,2,3,4,5,6,7,8,9,10,11,12,13,14,15,16,17,18,19,20,21,22,23]",,12,0.002118407,0.002,80
exp2,AcCoA,AcCoA,2,"[1,2,3,4,5,6,7,8,9,10,11,12,13,14,15,16,17,18,19,20,21,22,23]",,13,0.001506401,0.002,80
exp2,AcCoA,AcCoA,2,"[1,2,3,4,5,6,7,8,9,10,11,12,13,14,15,16,17,18,19,20,21,22,23]",,14,0.002160585,0.002,80
exp2,AcCoA,AcCoA,2,"[1,2,3,4,5,6,7,8,9,10,11,12,13,14,15,16,17,18,19,20,21,22,23]",,15,0.002336285,0.002,80
exp2,AcCoA,AcCoA,2,"[1,2,3,4,5,6,7,8,9,10,11,12,13,14,15,16,17,18,19,20,21,22,23]",,16,0.001323022,0.002,80
exp2,AcCoA,AcCoA,2,"[1,2,3,4,5,6,7,8,9,10,11,12,13,14,15,16,17,18,19,20,21,22,23]",,17,0.001710511,0.002,80
exp2,AcCoA,AcCoA,2,"[1,2,3,4,5,6,7,8,9,10,11,12,13,14,15,16,17,18,19,20,21,22,23]",,18,0.002567097,0.002,80
exp2,AcCoA,AcCoA,2,"[1,2,3,4,5,6,7,8,9,10,11,12,13,14,15,16,17,18,19,20,21,22,23]",,19,0.003961236,0.002,80
exp2,AcCoA,AcCoA,2,"[1,2,3,4,5,6,7,8,9,10,11,12,13,14,15,16,17,18,19,20,21,22,23]",,20,0.005078862,0.002,80
exp2,AcCoA,AcCoA,2,"[1,2,3,4,5,6,7,8,9,10,11,12,13,14,15,16,17,18,19,20,21,22,23]",,21,0.003296447,0.002,80
exp2,AcCoA,AcCoA,2,"[1,2,3,4,5,6,7,8,9,10,11,12,13,14,15,16,17,18,19,20,21,22,23]",,22,0.001998821,0.002,80
exp2,AcCoA,AcCoA,2,"[1,2,3,4,5,6,7,8,9,10,11,12,13,14,15,16,17,18,19,20,21,22,23]",,23,0.004380287,0.002,80
exp2,AcCoA,AcCoA,2,"[1,2,3,4,5,6,7,8,9,10,11,12,13,14,15,16,17,18,19,20,21,22,23]",,0,0.605194181,0.002,160
exp2,AcCoA,AcCoA,2,"[1,2,3,4,5,6,7,8,9,10,11,12,13,14,15,16,17,18,19,20,21,22,23]",,1,0.008791081,0.002,160
exp2,AcCoA,AcCoA,2,"[1,2,3,4,5,6,7,8,9,10,11,12,13,14,15,16,17,18,19,20,21,22,23]",,2,0.285933606,0.002,160
exp2,AcCoA,AcCoA,2,"[1,2,3,4,5,6,7,8,9,10,11,12,13,14,15,16,17,18,19,20,21,22,23]",,3,0.001502844,0.002,160
exp2,AcCoA,AcCoA,2,"[1,2,3,4,5,6,7,8,9,10,11,12,13,14,15,16,17,18,19,20,21,22,23]",,4,NA,0.002,160
exp2,AcCoA,AcCoA,2,"[1,2,3,4,5,6,7,8,9,10,11,12,13,14,15,16,17,18,19,20,21,22,23]",,5,0.051011558,0.002,160
exp2,AcCoA,AcCoA,2,"[1,2,3,4,5,6,7,8,9,10,11,12,13,14,15,16,17,18,19,20,21,22,23]",,6,0.00341335,0.002,160
exp2,AcCoA,AcCoA,2,"[1,2,3,4,5,6,7,8,9,10,11,12,13,14,15,16,17,18,19,20,21,22,23]",,7,0.018189958,0.002,160
exp2,AcCoA,AcCoA,2,"[1,2,3,4,5,6,7,8,9,10,11,12,13,14,15,16,17,18,19,20,21,22,23]",,8,NA,0.002,160
exp2,AcCoA,AcCoA,2,"[1,2,3,4,5,6,7,8,9,10,11,12,13,14,15,16,17,18,19,20,21,22,23]",,9,0.001481892,0.002,160
exp2,AcCoA,AcCoA,2,"[1,2,3,4,5,6,7,8,9,10,11,12,13,14,15,16,17,18,19,20,21,22,23]",,10,0.000836,0.002,160
exp2,AcCoA,AcCoA,2,"[1,2,3,4,5,6,7,8,9,10,11,12,13,14,15,16,17,18,19,20,21,22,23]",,11,0.001600329,0.002,160
exp2,AcCoA,AcCoA,2,"[1,2,3,4,5,6,7,8,9,10,11,12,13,14,15,16,17,18,19,20,21,22,23]",,12,0.001265733,0.002,160
exp2,AcCoA,AcCoA,2,"[1,2,3,4,5,6,7,8,9,10,11,12,13,14,15,16,17,18,19,20,21,22,23]",,13,0.000602,0.002,160
exp2,AcCoA,AcCoA,2,"[1,2,3,4,5,6,7,8,9,10,11,12,13,14,15,16,17,18,19,20,21,22,23]",,14,0.002059659,0.002,160
exp2,AcCoA,AcCoA,2,"[1,2,3,4,5,6,7,8,9,10,11,12,13,14,15,16,17,18,19,20,21,22,23]",,15,0.000522,0.002,160
exp2,AcCoA,AcCoA,2,"[1,2,3,4,5,6,7,8,9,10,11,12,13,14,15,16,17,18,19,20,21,22,23]",,16,0.001568257,0.002,160
exp2,AcCoA,AcCoA,2,"[1,2,3,4,5,6,7,8,9,10,11,12,13,14,15,16,17,18,19,20,21,22,23]",,17,0.000747,0.002,160
exp2,AcCoA,AcCoA,2,"[1,2,3,4,5,6,7,8,9,10,11,12,13,14,15,16,17,18,19,20,21,22,23]",,18,0.00170363,0.002,160
exp2,AcCoA,AcCoA,2,"[1,2,3,4,5,6,7,8,9,10,11,12,13,14,15,16,17,18,19,20,21,22,23]",,19,0.002942418,0.002,160
exp2,AcCoA,AcCoA,2,"[1,2,3,4,5,6,7,8,9,10,11,12,13,14,15,16,17,18,19,20,21,22,23]",,20,0.002223249,0.002,160
exp2,AcCoA,AcCoA,2,"[1,2,3,4,5,6,7,8,9,10,11,12,13,14,15,16,17,18,19,20,21,22,23]",,21,NA,0.002,160
exp2,AcCoA,AcCoA,2,"[1,2,3,4,5,6,7,8,9,10,11,12,13,14,15,16,17,18,19,20,21,22,23]",,22,0.006565631,0.002,160
exp2,AcCoA,AcCoA,2,"[1,2,3,4,5,6,7,8,9,10,11,12,13,14,15,16,17,18,19,20,21,22,23]",,23,0.001846569,0.002,160
exp2,Ala,Ala,2,"[1,2,3]",,0,0.99932725,0.002,0
exp2,Ala,Ala,2,"[1,2,3]",,1,NA,0.002,0
exp2,Ala,Ala,2,"[1,2,3]",,2,NA,0.002,0
exp2,Ala,Ala,2,"[1,2,3]",,3,0.000673,0.002,0
exp2,Ala,Ala,2,"[1,2,3]",,0,0.993872423,0.002,10
exp2,Ala,Ala,2,"[1,2,3]",,1,NA,0.002,10
exp2,Ala,Ala,2,"[1,2,3]",,2,NA,0.002,10
exp2,Ala,Ala,2,"[1,2,3]",,3,0.006127577,0.002,10
exp2,Ala,Ala,2,"[1,2,3]",,0,0.996345008,0.002,20
exp2,Ala,Ala,2,"[1,2,3]",,1,NA,0.002,20
exp2,Ala,Ala,2,"[1,2,3]",,2,NA,0.002,20
exp2,Ala,Ala,2,"[1,2,3]",,3,0.003654992,0.002,20
exp2,Ala,Ala,2,"[1,2,3]",,0,0.995089122,0.002,40
exp2,Ala,Ala,2,"[1,2,3]",,1,NA,0.002,40
exp2,Ala,Ala,2,"[1,2,3]",,2,NA,0.002,40
exp2,Ala,Ala,2,"[1,2,3]",,3,0.004910878,0.002,40
exp2,Ala,Ala,2,"[1,2,3]",,0,0.994266638,0.002,80
exp2,Ala,Ala,2,"[1,2,3]",,1,NA,0.002,80
exp2,Ala,Ala,2,"[1,2,3]",,2,NA,0.002,80
exp2,Ala,Ala,2,"[1,2,3]",,3,0.005733362,0.002,80
exp2,Ala,Ala,2,"[1,2,3]",,0,0.997084098,0.002,160
exp2,Ala,Ala,2,"[1,2,3]",,1,NA,0.002,160
exp2,Ala,Ala,2,"[1,2,3]",,2,NA,0.002,160
exp2,Ala,Ala,2,"[1,2,3]",,3,0.002915902,0.002,160
exp2,DHAP,DHAP,2,"[1,2,3]",,0,0.832506341,0.002,0
exp2,DHAP,DHAP,2,"[1,2,3]",,1,0.021664931,0.002,0
exp2,DHAP,DHAP,2,"[1,2,3]",,2,0.132888434,0.002,0
exp2,DHAP,DHAP,2,"[1,2,3]",,3,0.012940295,0.002,0
exp2,DHAP,DHAP,2,"[1,2,3]",,0,0.793197469,0.002,10
exp2,DHAP,DHAP,2,"[1,2,3]",,1,0.035348849,0.002,10
exp2,DHAP,DHAP,2,"[1,2,3]",,2,0.117472809,0.002,10
exp2,DHAP,DHAP,2,"[1,2,3]",,3,0.053980873,0.002,10
exp2,DHAP,DHAP,2,"[1,2,3]",,0,0.790937931,0.002,20
exp2,DHAP,DHAP,2,"[1,2,3]",,1,0.019172432,0.002,20
exp2,DHAP,DHAP,2,"[1,2,3]",,2,0.101674701,0.002,20
exp2,DHAP,DHAP,2,"[1,2,3]",,3,0.088214935,0.002,20
exp2,DHAP,DHAP,2,"[1,2,3]",,0,0.776875603,0.002,40
exp2,DHAP,DHAP,2,"[1,2,3]",,1,0.020966375,0.002,40
exp2,DHAP,DHAP,2,"[1,2,3]",,2,0.105465513,0.002,40
exp2,DHAP,DHAP,2,"[1,2,3]",,3,0.096692509,0.002,40
exp2,DHAP,DHAP,2,"[1,2,3]",,0,0.755349448,0.002,80
exp2,DHAP,DHAP,2,"[1,2,3]",,1,0.019807706,0.002,80
exp2,DHAP,DHAP,2,"[1,2,3]",,2,0.097101607,0.002,80
exp2,DHAP,DHAP,2,"[1,2,3]",,3,0.127741239,0.002,80
exp2,DHAP,DHAP,2,"[1,2,3]",,0,0.706832056,0.002,160
exp2,DHAP,DHAP,2,"[1,2,3]",,1,0.0094148,0.002,160
exp2,DHAP,DHAP,2,"[1,2,3]",,2,0.035981394,0.002,160
exp2,DHAP,DHAP,2,"[1,2,3]",,3,0.247771751,0.002,160
exp2,F6P,F6P,2,"[1,2,3,4,5,6]",,0,0.938382068,0.002,0
exp2,F6P,F6P,2,"[1,2,3,4,5,6]",,1,0.001347538,0.002,0
exp2,F6P,F6P,2,"[1,2,3,4,5,6]",,2,0.00991577,0.002,0
exp2,F6P,F6P,2,"[1,2,3,4,5,6]",,3,0.013437262,0.002,0
exp2,F6P,F6P,2,"[1,2,3,4,5,6]",,4,0.015095266,0.002,0
exp2,F6P,F6P,2,"[1,2,3,4,5,6]",,5,0.008845154,0.002,0
exp2,F6P,F6P,2,"[1,2,3,4,5,6]",,6,0.012976944,0.002,0
exp2,F6P,F6P,2,"[1,2,3,4,5,6]",,0,0.793166818,0.002,10
exp2,F6P,F6P,2,"[1,2,3,4,5,6]",,1,0.003029986,0.002,10
exp2,F6P,F6P,2,"[1,2,3,4,5,6]",,2,0.022900128,0.002,10
exp2,F6P,F6P,2,"[1,2,3,4,5,6]",,3,0.010802384,0.002,10
exp2,F6P,F6P,2,"[1,2,3,4,5,6]",,4,0.01611171,0.002,10
exp2,F6P,F6P,2,"[1,2,3,4,5,6]",,5,0.012470578,0.002,10
exp2,F6P,F6P,2,"[1,2,3,4,5,6]",,6,0.141518397,0.002,10
exp2,F6P,F6P,2,"[1,2,3,4,5,6]",,0,0.690796502,0.002,20
exp2,F6P,F6P,2,"[1,2,3,4,5,6]",,1,0.006190147,0.002,20
exp2,F6P,F6P,2,"[1,2,3,4,5,6]",,2,0.017577025,0.002,20
exp2,F6P,F6P,2,"[1,2,3,4,5,6]",,3,0.019783751,0.002,20
exp2,F6P,F6P,2,"[1,2,3,4,5,6]",,4,0.016004964,0.002,20
exp2,F6P,F6P,2,"[1,2,3,4,5,6]",,5,0.016534118,0.002,20
exp2,F6P,F6P,2,"[1,2,3,4,5,6]",,6,0.233113493,0.002,20
exp2,F6P,F6P,2,"[1,2,3,4,5,6]",,0,0.519737413,0.002,40
exp2,F6P,F6P,2,"[1,2,3,4,5,6]",,1,0.006212537,0.002,40
exp2,F6P,F6P,2,"[1,2,3,4,5,6]",,2,0.019993186,0.002,40
exp2,F6P,F6P,2,"[1,2,3,4,5,6]",,3,0.014503534,0.002,40
exp2,F6P,F6P,2,"[1,2,3,4,5,6]",,4,0.014389526,0.002,40
exp2,F6P,F6P,2,"[1,2,3,4,5,6]",,5,0.016687661,0.002,40
exp2,F6P,F6P,2,"[1,2,3,4,5,6]",,6,0.408476143,0.002,40
exp2,F6P,F6P,2,"[1,2,3,4,5,6]",,0,0.357960547,0.002,80
exp2,F6P,F6P,2,"[1,2,3,4,5,6]",,1,0.009643247,0.002,80
exp2,F6P,F6P,2,"[1,2,3,4,5,6]",,2,0.020247536,0.002,80
exp2,F6P,F6P,2,"[1,2,3,4,5,6]",,3,0.028372652,0.002,80
exp2,F6P,F6P,2,"[1,2,3,4,5,6]",,4,0.015159105,0.002,80
exp2,F6P,F6P,2,"[1,2,3,4,5,6]",,5,0.018290323,0.002,80
exp2,F6P,F6P,2,"[1,2,3,4,5,6]",,6,0.55032659,0.002,80
exp2,F6P,F6P,2,"[1,2,3,4,5,6]",,0,0.229798293,0.002,160
exp2,F6P,F6P,2,"[1,2,3,4,5,6]",,1,0.002867269,0.002,160
exp2,F6P,F6P,2,"[1,2,3,4,5,6]",,2,0.028246963,0.002,160
exp2,F6P,F6P,2,"[1,2,3,4,5,6]",,3,0.012370595,0.002,160
exp2,F6P,F6P,2,"[1,2,3,4,5,6]",,4,0.01504561,0.002,160
exp2,F6P,F6P,2,"[1,2,3,4,5,6]",,5,0.017313083,0.002,160
exp2,F6P,F6P,2,"[1,2,3,4,5,6]",,6,0.694358188,0.002,160
exp2,Fum,Fum,2,"[1,2,3,4]",,0,0.881569886,0.002,0
exp2,Fum,Fum,2,"[1,2,3,4]",,1,NA,0.002,0
exp2,Fum,Fum,2,"[1,2,3,4]",,2,0.047053651,0.002,0
exp2,Fum,Fum,2,"[1,2,3,4]",,3,0.020702932,0.002,0
exp2,Fum,Fum,2,"[1,2,3,4]",,4,0.050673531,0.002,0
exp2,Fum,Fum,2,"[1,2,3,4]",,0,0.815497581,0.002,10
exp2,Fum,Fum,2,"[1,2,3,4]",,1,0.006907801,0.002,10
exp2,Fum,Fum,2,"[1,2,3,4]",,2,0.02608796,0.002,10
exp2,Fum,Fum,2,"[1,2,3,4]",,3,0.086423966,0.002,10
exp2,Fum,Fum,2,"[1,2,3,4]",,4,0.065082692,0.002,10
exp2,Fum,Fum,2,"[1,2,3,4]",,0,0.764715897,0.002,20
exp2,Fum,Fum,2,"[1,2,3,4]",,1,0.007703103,0.002,20
exp2,Fum,Fum,2,"[1,2,3,4]",,2,0.018867237,0.002,20
exp2,Fum,Fum,2,"[1,2,3,4]",,3,0.157015236,0.002,20
exp2,Fum,Fum,2,"[1,2,3,4]",,4,0.051698527,0.002,20
exp2,Fum,Fum,2,"[1,2,3,4]",,0,0.820864621,0.002,40
exp2,Fum,Fum,2,"[1,2,3,4]",,1,0.000228,0.002,40
exp2,Fum,Fum,2,"[1,2,3,4]",,2,0.020381322,0.002,40
exp2,Fum,Fum,2,"[1,2,3,4]",,3,0.109104237,0.002,40
exp2,Fum,Fum,2,"[1,2,3,4]",,4,0.049421773,0.002,40
exp2,Fum,Fum,2,"[1,2,3,4]",,0,0.808986042,0.002,80
exp2,Fum,Fum,2,"[1,2,3,4]",,1,0.009325406,0.002,80
exp2,Fum,Fum,2,"[1,2,3,4]",,2,0.04144036,0.002,80
exp2,Fum,Fum,2,"[1,2,3,4]",,3,0.085954155,0.002,80
exp2,Fum,Fum,2,"[1,2,3,4]",,4,0.054294037,0.002,80
exp2,Fum,Fum,2,"[1,2,3,4]",,0,0.813970263,0.002,160
exp2,Fum,Fum,2,"[1,2,3,4]",,1,0.011986359,0.002,160
exp2,Fum,Fum,2,"[1,2,3,4]",,2,0.075767608,0.002,160
exp2,Fum,Fum,2,"[1,2,3,4]",,3,0.053095826,0.002,160
exp2,Fum,Fum,2,"[1,2,3,4]",,4,0.045179944,0.002,160
exp2,Glc,Glc,2,"[1,2,3,4,5,6]",,0,0.99140316,0.002,0
exp2,Glc,Glc,2,"[1,2,3,4,5,6]",,1,NA,0.002,0
exp2,Glc,Glc,2,"[1,2,3,4,5,6]",,2,NA,0.002,0
exp2,Glc,Glc,2,"[1,2,3,4,5,6]",,3,NA,0.002,0
exp2,Glc,Glc,2,"[1,2,3,4,5,6]",,4,0.008147899,0.002,0
exp2,Glc,Glc,2,"[1,2,3,4,5,6]",,5,0.000274,0.002,0
exp2,Glc,Glc,2,"[1,2,3,4,5,6]",,6,0.000175,0.002,0
exp2,Glc,Glc,2,"[1,2,3,4,5,6]",,0,0.128398822,0.002,10
exp2,Glc,Glc,2,"[1,2,3,4,5,6]",,1,NA,0.002,10
exp2,Glc,Glc,2,"[1,2,3,4,5,6]",,2,NA,0.002,10
exp2,Glc,Glc,2,"[1,2,3,4,5,6]",,3,NA,0.002,10
exp2,Glc,Glc,2,"[1,2,3,4,5,6]",,4,0.009209262,0.002,10
exp2,Glc,Glc,2,"[1,2,3,4,5,6]",,5,NA,0.002,10
exp2,Glc,Glc,2,"[1,2,3,4,5,6]",,6,0.862391915,0.002,10
exp2,Glc,Glc,2,"[1,2,3,4,5,6]",,0,0.116715398,0.002,20
exp2,Glc,Glc,2,"[1,2,3,4,5,6]",,1,NA,0.002,20
exp2,Glc,Glc,2,"[1,2,3,4,5,6]",,2,NA,0.002,20
exp2,Glc,Glc,2,"[1,2,3,4,5,6]",,3,NA,0.002,20
exp2,Glc,Glc,2,"[1,2,3,4,5,6]",,4,0.00984597,0.002,20
exp2,Glc,Glc,2,"[1,2,3,4,5,6]",,5,NA,0.002,20
exp2,Glc,Glc,2,"[1,2,3,4,5,6]",,6,0.873438632,0.002,20
exp2,Glc,Glc,2,"[1,2,3,4,5,6]",,0,0.122212496,0.002,40
exp2,Glc,Glc,2,"[1,2,3,4,5,6]",,1,NA,0.002,40
exp2,Glc,Glc,2,"[1,2,3,4,5,6]",,2,NA,0.002,40
exp2,Glc,Glc,2,"[1,2,3,4,5,6]",,3,NA,0.002,40
exp2,Glc,Glc,2,"[1,2,3,4,5,6]",,4,0.009670236,0.002,40
exp2,Glc,Glc,2,"[1,2,3,4,5,6]",,5,NA,0.002,40
exp2,Glc,Glc,2,"[1,2,3,4,5,6]",,6,0.868117268,0.002,40
exp2,Glc,Glc,2,"[1,2,3,4,5,6]",,0,0.122208975,0.002,80
exp2,Glc,Glc,2,"[1,2,3,4,5,6]",,1,NA,0.002,80
exp2,Glc,Glc,2,"[1,2,3,4,5,6]",,2,NA,0.002,80
exp2,Glc,Glc,2,"[1,2,3,4,5,6]",,3,NA,0.002,80
exp2,Glc,Glc,2,"[1,2,3,4,5,6]",,4,0.008925253,0.002,80
exp2,Glc,Glc,2,"[1,2,3,4,5,6]",,5,NA,0.002,80
exp2,Glc,Glc,2,"[1,2,3,4,5,6]",,6,0.868865773,0.002,80
exp2,Glc,Glc,2,"[1,2,3,4,5,6]",,0,0.114915515,0.002,160
exp2,Glc,Glc,2,"[1,2,3,4,5,6]",,1,NA,0.002,160
exp2,Glc,Glc,2,"[1,2,3,4,5,6]",,2,NA,0.002,160
exp2,Glc,Glc,2,"[1,2,3,4,5,6]",,3,NA,0.002,160
exp2,Glc,Glc,2,"[1,2,3,4,5,6]",,4,0.014463627,0.002,160
exp2,Glc,Glc,2,"[1,2,3,4,5,6]",,5,NA,0.002,160
exp2,Glc,Glc,2,"[1,2,3,4,5,6]",,6,0.870620858,0.002,160
exp2,G6P,G6P,2,"[1,2,3,4,5,6]",,0,0.961641194,0.002,0
exp2,G6P,G6P,2,"[1,2,3,4,5,6]",,1,NA,0.002,0
exp2,G6P,G6P,2,"[1,2,3,4,5,6]",,2,0.008937515,0.002,0
exp2,G6P,G6P,2,"[1,2,3,4,5,6]",,3,0.007724556,0.002,0
exp2,G6P,G6P,2,"[1,2,3,4,5,6]",,4,0.008494891,0.002,0
exp2,G6P,G6P,2,"[1,2,3,4,5,6]",,5,0.004800374,0.002,0
exp2,G6P,G6P,2,"[1,2,3,4,5,6]",,6,0.008401469,0.002,0
exp2,G6P,G6P,2,"[1,2,3,4,5,6]",,0,0.651242913,0.002,10
exp2,G6P,G6P,2,"[1,2,3,4,5,6]",,1,0.005388088,0.002,10
exp2,G6P,G6P,2,"[1,2,3,4,5,6]",,2,0.020824055,0.002,10
exp2,G6P,G6P,2,"[1,2,3,4,5,6]",,3,0.020377191,0.002,10
exp2,G6P,G6P,2,"[1,2,3,4,5,6]",,4,0.009421434,0.002,10
exp2,G6P,G6P,2,"[1,2,3,4,5,6]",,5,0.017091309,0.002,10
exp2,G6P,G6P,2,"[1,2,3,4,5,6]",,6,0.27565501,0.002,10
exp2,G6P,G6P,2,"[1,2,3,4,5,6]",,0,0.65003735,0.002,20
exp2,G6P,G6P,2,"[1,2,3,4,5,6]",,1,0.001369963,0.002,20
exp2,G6P,G6P,2,"[1,2,3,4,5,6]",,2,0.015228663,0.002,20
exp2,G6P,G6P,2,"[1,2,3,4,5,6]",,3,0.016210607,0.002,20
exp2,G6P,G6P,2,"[1,2,3,4,5,6]",,4,0.011693096,0.002,20
exp2,G6P,G6P,2,"[1,2,3,4,5,6]",,5,0.016670276,0.002,20
exp2,G6P,G6P,2,"[1,2,3,4,5,6]",,6,0.288790044,0.002,20
exp2,G6P,G6P,2,"[1,2,3,4,5,6]",,0,0.576748607,0.002,40
exp2,G6P,G6P,2,"[1,2,3,4,5,6]",,1,0.002270201,0.002,40
exp2,G6P,G6P,2,"[1,2,3,4,5,6]",,2,0.013406697,0.002,40
exp2,G6P,G6P,2,"[1,2,3,4,5,6]",,3,0.018006485,0.002,40
exp2,G6P,G6P,2,"[1,2,3,4,5,6]",,4,0.008765103,0.002,40
exp2,G6P,G6P,2,"[1,2,3,4,5,6]",,5,0.017343928,0.002,40
exp2,G6P,G6P,2,"[1,2,3,4,5,6]",,6,0.363458978,0.002,40
exp2,G6P,G6P,2,"[1,2,3,4,5,6]",,0,0.552668927,0.002,80
exp2,G6P,G6P,2,"[1,2,3,4,5,6]",,1,0.007800779,0.002,80
exp2,G6P,G6P,2,"[1,2,3,4,5,6]",,2,0.015278594,0.002,80
exp2,G6P,G6P,2,"[1,2,3,4,5,6]",,3,0.02095619,0.002,80
exp2,G6P,G6P,2,"[1,2,3,4,5,6]",,4,0.018000135,0.002,80
exp2,G6P,G6P,2,"[1,2,3,4,5,6]",,5,0.017940716,0.002,80
exp2,G6P,G6P,2,"[1,2,3,4,5,6]",,6,0.36735466,0.002,80
exp2,G6P,G6P,2,"[1,2,3,4,5,6]",,0,0.561130887,0.002,160
exp2,G6P,G6P,2,"[1,2,3,4,5,6]",,1,0.001149237,0.002,160
exp2,G6P,G6P,2,"[1,2,3,4,5,6]",,2,0.009489896,0.002,160
exp2,G6P,G6P,2,"[1,2,3,4,5,6]",,3,0.015831687,0.002,160
exp2,G6P,G6P,2,"[1,2,3,4,5,6]",,4,0.007433821,0.002,160
exp2,G6P,G6P,2,"[1,2,3,4,5,6]",,5,0.016677072,0.002,160
exp2,G6P,G6P,2,"[1,2,3,4,5,6]",,6,0.3882874,0.002,160
exp2,GAP,GAP,2,"[1,2,3]",,0,0.878988099,0.002,0
exp2,GAP,GAP,2,"[1,2,3]",,1,0.029982664,0.002,0
exp2,GAP,GAP,2,"[1,2,3]",,2,0.076753794,0.002,0
exp2,GAP,GAP,2,"[1,2,3]",,3,0.014275443,0.002,0
exp2,GAP,GAP,2,"[1,2,3]",,0,0.427533321,0.002,10
exp2,GAP,GAP,2,"[1,2,3]",,1,0.038761121,0.002,10
exp2,GAP,GAP,2,"[1,2,3]",,2,0.104520608,0.002,10
exp2,GAP,GAP,2,"[1,2,3]",,3,0.42918495,0.002,10
exp2,GAP,GAP,2,"[1,2,3]",,0,0.382490437,0.002,20
exp2,GAP,GAP,2,"[1,2,3]",,1,0.038077147,0.002,20
exp2,GAP,GAP,2,"[1,2,3]",,2,0.08547128,0.002,20
exp2,GAP,GAP,2,"[1,2,3]",,3,0.493961136,0.002,20
exp2,GAP,GAP,2,"[1,2,3]",,0,0.350809848,0.002,40
exp2,GAP,GAP,2,"[1,2,3]",,1,0.043907741,0.002,40
exp2,GAP,GAP,2,"[1,2,3]",,2,0.076640778,0.002,40
exp2,GAP,GAP,2,"[1,2,3]",,3,0.528641634,0.002,40
exp2,GAP,GAP,2,"[1,2,3]",,0,0.304617095,0.002,80
exp2,GAP,GAP,2,"[1,2,3]",,1,0.035317124,0.002,80
exp2,GAP,GAP,2,"[1,2,3]",,2,0.086429573,0.002,80
exp2,GAP,GAP,2,"[1,2,3]",,3,0.573636207,0.002,80
exp2,GAP,GAP,2,"[1,2,3]",,0,0.215511526,0.002,160
exp2,GAP,GAP,2,"[1,2,3]",,1,0.026237569,0.002,160
exp2,GAP,GAP,2,"[1,2,3]",,2,0.051055525,0.002,160
exp2,GAP,GAP,2,"[1,2,3]",,3,0.70719538,0.002,160
exp2,Asp,Asp,2,"[1,2,3,4]",,0,0.604409504,0.002,0
exp2,Asp,Asp,2,"[1,2,3,4]",,1,NA,0.002,0
exp2,Asp,Asp,2,"[1,2,3,4]",,2,NA,0.002,0
exp2,Asp,Asp,2,"[1,2,3,4]",,3,NA,0.002,0
exp2,Asp,Asp,2,"[1,2,3,4]",,4,0.395590496,0.002,0
exp2,Asp,Asp,2,"[1,2,3,4]",,0,0.590480635,0.002,10
exp2,Asp,Asp,2,"[1,2,3,4]",,1,NA,0.002,10
exp2,Asp,Asp,2,"[1,2,3,4]",,2,NA,0.002,10
exp2,Asp,Asp,2,"[1,2,3,4]",,3,NA,0.002,10
exp2,Asp,Asp,2,"[1,2,3,4]",,4,0.409519365,0.002,10
exp2,Asp,Asp,2,"[1,2,3,4]",,0,0.621743585,0.002,20
exp2,Asp,Asp,2,"[1,2,3,4]",,1,NA,0.002,20
exp2,Asp,Asp,2,"[1,2,3,4]",,2,0.00166803,0.002,20
exp2,Asp,Asp,2,"[1,2,3,4]",,3,0.004394552,0.002,20
exp2,Asp,Asp,2,"[1,2,3,4]",,4,0.372193833,0.002,20
exp2,Asp,Asp,2,"[1,2,3,4]",,0,0.563063064,0.002,40
exp2,Asp,Asp,2,"[1,2,3,4]",,1,NA,0.002,40
exp2,Asp,Asp,2,"[1,2,3,4]",,2,0.009319401,0.002,40
exp2,Asp,Asp,2,"[1,2,3,4]",,3,0.007321283,0.002,40
exp2,Asp,Asp,2,"[1,2,3,4]",,4,0.420296252,0.002,40
exp2,Asp,Asp,2,"[1,2,3,4]",,0,0.525386362,0.002,80
exp2,Asp,Asp,2,"[1,2,3,4]",,1,NA,0.002,80
exp2,Asp,Asp,2,"[1,2,3,4]",,2,0.016924459,0.002,80
exp2,Asp,Asp,2,"[1,2,3,4]",,3,0.005697427,0.002,80
exp2,Asp,Asp,2,"[1,2,3,4]",,4,0.451991751,0.002,80
exp2,Asp,Asp,2,"[1,2,3,4]",,0,0.404564939,0.002,160
exp2,Asp,Asp,2,"[1,2,3,4]",,1,0.006213959,0.002,160
exp2,Asp,Asp,2,"[1,2,3,4]",,2,0.040020288,0.002,160
exp2,Asp,Asp,2,"[1,2,3,4]",,3,0.01640477,0.002,160
exp2,Asp,Asp,2,"[1,2,3,4]",,4,0.532796044,0.002,160
exp2,Glu,Glu,2,"[1,2,3,4,5]",,0,0.667694098,0.002,0
exp2,Glu,Glu,2,"[1,2,3,4,5]",,1,0.127403118,0.002,0
exp2,Glu,Glu,2,"[1,2,3,4,5]",,2,0.009063206,0.002,0
exp2,Glu,Glu,2,"[1,2,3,4,5]",,3,NA,0.002,0
exp2,Glu,Glu,2,"[1,2,3,4,5]",,4,NA,0.002,0
exp2,Glu,Glu,2,"[1,2,3,4,5]",,5,0.195839578,0.002,0
exp2,Glu,Glu,2,"[1,2,3,4,5]",,0,0.634170227,0.002,10
exp2,Glu,Glu,2,"[1,2,3,4,5]",,1,0.151557881,0.002,10
exp2,Glu,Glu,2,"[1,2,3,4,5]",,2,0.027033687,0.002,10
exp2,Glu,Glu,2,"[1,2,3,4,5]",,3,NA,0.002,10
exp2,Glu,Glu,2,"[1,2,3,4,5]",,4,NA,0.002,10
exp2,Glu,Glu,2,"[1,2,3,4,5]",,5,0.187238205,0.002,10
exp2,Glu,Glu,2,"[1,2,3,4,5]",,0,0.640862124,0.002,20
exp2,Glu,Glu,2,"[1,2,3,4,5]",,1,0.111575816,0.002,20
exp2,Glu,Glu,2,"[1,2,3,4,5]",,2,0.060440053,0.002,20
exp2,Glu,Glu,2,"[1,2,3,4,5]",,3,NA,0.002,20
exp2,Glu,Glu,2,"[1,2,3,4,5]",,4,NA,0.002,20
exp2,Glu,Glu,2,"[1,2,3,4,5]",,5,0.187122007,0.002,20
exp2,Glu,Glu,2,"[1,2,3,4,5]",,0,0.60213993,0.002,40
exp2,Glu,Glu,2,"[1,2,3,4,5]",,1,0.100564477,0.002,40
exp2,Glu,Glu,2,"[1,2,3,4,5]",,2,0.108276726,0.002,40
exp2,Glu,Glu,2,"[1,2,3,4,5]",,3,0.000728,0.002,40
exp2,Glu,Glu,2,"[1,2,3,4,5]",,4,NA,0.002,40
exp2,Glu,Glu,2,"[1,2,3,4,5]",,5,0.188290569,0.002,40
exp2,Glu,Glu,2,"[1,2,3,4,5]",,0,0.520606389,0.002,80
exp2,Glu,Glu,2,"[1,2,3,4,5]",,1,0.12222506,0.002,80
exp2,Glu,Glu,2,"[1,2,3,4,5]",,2,0.186994033,0.002,80
exp2,Glu,Glu,2,"[1,2,3,4,5]",,3,0.005368567,0.002,80
exp2,Glu,Glu,2,"[1,2,3,4,5]",,4,NA,0.002,80
exp2,Glu,Glu,2,"[1,2,3,4,5]",,5,0.164805951,0.002,80
exp2,Glu,Glu,2,"[1,2,3,4,5]",,0,0.485276672,0.002,160
exp2,Glu,Glu,2,"[1,2,3,4,5]",,1,0.098432902,0.002,160
exp2,Glu,Glu,2,"[1,2,3,4,5]",,2,0.224209305,0.002,160
exp2,Glu,Glu,2,"[1,2,3,4,5]",,3,0.026470133,0.002,160
exp2,Glu,Glu,2,"[1,2,3,4,5]",,4,0.014855623,0.002,160
exp2,Glu,Glu,2,"[1,2,3,4,5]",,5,0.150755365,0.002,160
exp2,Gln,Gln,2,"[1,2,3,4,5]",,0,0.888816055,0.002,0
exp2,Gln,Gln,2,"[1,2,3,4,5]",,1,0.105597685,0.002,0
exp2,Gln,Gln,2,"[1,2,3,4,5]",,2,0.005586133,0.002,0
exp2,Gln,Gln,2,"[1,2,3,4,5]",,3,NA,0.002,0
exp2,Gln,Gln,2,"[1,2,3,4,5]",,4,NA,0.002,0
exp2,Gln,Gln,2,"[1,2,3,4,5]",,5,1.27E-07,0.002,0
exp2,Gln,Gln,2,"[1,2,3,4,5]",,0,0.898984442,0.002,10
exp2,Gln,Gln,2,"[1,2,3,4,5]",,1,0.098684029,0.002,10
exp2,Gln,Gln,2,"[1,2,3,4,5]",,2,0.002330672,0.002,10
exp2,Gln,Gln,2,"[1,2,3,4,5]",,3,NA,0.002,10
exp2,Gln,Gln,2,"[1,2,3,4,5]",,4,NA,0.002,10
exp2,Gln,Gln,2,"[1,2,3,4,5]",,5,8.57E-07,0.002,10
exp2,Gln,Gln,2,"[1,2,3,4,5]",,0,0.886597412,0.002,20
exp2,Gln,Gln,2,"[1,2,3,4,5]",,1,0.107230464,0.002,20
exp2,Gln,Gln,2,"[1,2,3,4,5]",,2,0.006168088,0.002,20
exp2,Gln,Gln,2,"[1,2,3,4,5]",,3,NA,0.002,20
exp2,Gln,Gln,2,"[1,2,3,4,5]",,4,NA,0.002,20
exp2,Gln,Gln,2,"[1,2,3,4,5]",,5,4.04E-06,0.002,20
exp2,Gln,Gln,2,"[1,2,3,4,5]",,0,0.862111109,0.002,40
exp2,Gln,Gln,2,"[1,2,3,4,5]",,1,0.129636221,0.002,40
exp2,Gln,Gln,2,"[1,2,3,4,5]",,2,0.008248848,0.002,40
exp2,Gln,Gln,2,"[1,2,3,4,5]",,3,NA,0.002,40
exp2,Gln,Gln,2,"[1,2,3,4,5]",,4,NA,0.002,40
exp2,Gln,Gln,2,"[1,2,3,4,5]",,5,3.82E-06,0.002,40
exp2,Gln,Gln,2,"[1,2,3,4,5]",,0,0.886892578,0.002,80
exp2,Gln,Gln,2,"[1,2,3,4,5]",,1,0.103937057,0.002,80
exp2,Gln,Gln,2,"[1,2,3,4,5]",,2,0.009156745,0.002,80
exp2,Gln,Gln,2,"[1,2,3,4,5]",,3,NA,0.002,80
exp2,Gln,Gln,2,"[1,2,3,4,5]",,4,NA,0.002,80
exp2,Gln,Gln,2,"[1,2,3,4,5]",,5,1.36E-05,0.002,80
exp2,Gln,Gln,2,"[1,2,3,4,5]",,0,0.844195543,0.002,160
exp2,Gln,Gln,2,"[1,2,3,4,5]",,1,0.143363955,0.002,160
exp2,Gln,Gln,2,"[1,2,3,4,5]",,2,0.012346721,0.002,160
exp2,Gln,Gln,2,"[1,2,3,4,5]",,3,NA,0.002,160
exp2,Gln,Gln,2,"[1,2,3,4,5]",,4,3.57E-05,0.002,160
exp2,Gln,Gln,2,"[1,2,3,4,5]",,5,5.81E-05,0.002,160
exp2,Lac,Lac,2,"[1,2,3]",,0,1,0.002,0
exp2,Lac,Lac,2,"[1,2,3]",,1,NA,0.002,0
exp2,Lac,Lac,2,"[1,2,3]",,2,NA,0.002,0
exp2,Lac,Lac,2,"[1,2,3]",,3,NA,0.002,0
exp2,Lac,Lac,2,"[1,2,3]",,0,0.618532924,0.002,10
exp2,Lac,Lac,2,"[1,2,3]",,1,NA,0.002,10
exp2,Lac,Lac,2,"[1,2,3]",,2,NA,0.002,10
exp2,Lac,Lac,2,"[1,2,3]",,3,0.381467076,0.002,10
exp2,Lac,Lac,2,"[1,2,3]",,0,0.8339826,0.002,20
exp2,Lac,Lac,2,"[1,2,3]",,1,NA,0.002,20
exp2,Lac,Lac,2,"[1,2,3]",,2,NA,0.002,20
exp2,Lac,Lac,2,"[1,2,3]",,3,0.1660174,0.002,20
exp2,Lac,Lac,2,"[1,2,3]",,0,0.746334243,0.002,40
exp2,Lac,Lac,2,"[1,2,3]",,1,NA,0.002,40
exp2,Lac,Lac,2,"[1,2,3]",,2,NA,0.002,40
exp2,Lac,Lac,2,"[1,2,3]",,3,0.253665757,0.002,40
exp2,Lac,Lac,2,"[1,2,3]",,0,0.641289951,0.002,80
exp2,Lac,Lac,2,"[1,2,3]",,1,NA,0.002,80
exp2,Lac,Lac,2,"[1,2,3]",,2,NA,0.002,80
exp2,Lac,Lac,2,"[1,2,3]",,3,0.358710049,0.002,80
exp2,Lac,Lac,2,"[1,2,3]",,0,0.705236987,0.002,160
exp2,Lac,Lac,2,"[1,2,3]",,1,NA,0.002,160
exp2,Lac,Lac,2,"[1,2,3]",,2,NA,0.002,160
exp2,Lac,Lac,2,"[1,2,3]",,3,0.294763013,0.002,160
exp2,Mal,Mal,2,"[1,2,3,4]",,0,0.941449138,0.002,0
exp2,Mal,Mal,2,"[1,2,3,4]",,1,0.034249635,0.002,0
exp2,Mal,Mal,2,"[1,2,3,4]",,2,0.002131487,0.002,0
exp2,Mal,Mal,2,"[1,2,3,4]",,3,NA,0.002,0
exp2,Mal,Mal,2,"[1,2,3,4]",,4,0.02216974,0.002,0
exp2,Mal,Mal,2,"[1,2,3,4]",,0,0.944304776,0.002,10
exp2,Mal,Mal,2,"[1,2,3,4]",,1,0.020001392,0.002,10
exp2,Mal,Mal,2,"[1,2,3,4]",,2,0.003013991,0.002,10
exp2,Mal,Mal,2,"[1,2,3,4]",,3,0.009571636,0.002,10
exp2,Mal,Mal,2,"[1,2,3,4]",,4,0.023108206,0.002,10
exp2,Mal,Mal,2,"[1,2,3,4]",,0,0.917388515,0.002,20
exp2,Mal,Mal,2,"[1,2,3,4]",,1,0.03256604,0.002,20
exp2,Mal,Mal,2,"[1,2,3,4]",,2,0.012709736,0.002,20
exp2,Mal,Mal,2,"[1,2,3,4]",,3,0.016105585,0.002,20
exp2,Mal,Mal,2,"[1,2,3,4]",,4,0.021230125,0.002,20
exp2,Mal,Mal,2,"[1,2,3,4]",,0,0.884687171,0.002,40
exp2,Mal,Mal,2,"[1,2,3,4]",,1,0.035578933,0.002,40
exp2,Mal,Mal,2,"[1,2,3,4]",,2,0.032514978,0.002,40
exp2,Mal,Mal,2,"[1,2,3,4]",,3,0.025768617,0.002,40
exp2,Mal,Mal,2,"[1,2,3,4]",,4,0.0214503,0.002,40
exp2,Mal,Mal,2,"[1,2,3,4]",,0,0.839581187,0.002,80
exp2,Mal,Mal,2,"[1,2,3,4]",,1,0.037287286,0.002,80
exp2,Mal,Mal,2,"[1,2,3,4]",,2,0.064480865,0.002,80
exp2,Mal,Mal,2,"[1,2,3,4]",,3,0.041715393,0.002,80
exp2,Mal,Mal,2,"[1,2,3,4]",,4,0.016935269,0.002,80
exp2,Mal,Mal,2,"[1,2,3,4]",,0,0.719933073,0.002,160
exp2,Mal,Mal,2,"[1,2,3,4]",,1,0.058736901,0.002,160
exp2,Mal,Mal,2,"[1,2,3,4]",,2,0.138535306,0.002,160
exp2,Mal,Mal,2,"[1,2,3,4]",,3,0.059804291,0.002,160
exp2,Mal,Mal,2,"[1,2,3,4]",,4,0.022990428,0.002,160
exp2,PEP,PEP,2,"[1,2,3]",,0,0.973583898,0.002,0
exp2,PEP,PEP,2,"[1,2,3]",,1,NA,0.002,0
exp2,PEP,PEP,2,"[1,2,3]",,2,0.020548729,0.002,0
exp2,PEP,PEP,2,"[1,2,3]",,3,0.005867373,0.002,0
exp2,PEP,PEP,2,"[1,2,3]",,0,0.215975928,0.002,10
exp2,PEP,PEP,2,"[1,2,3]",,1,NA,0.002,10
exp2,PEP,PEP,2,"[1,2,3]",,2,0.232529486,0.002,10
exp2,PEP,PEP,2,"[1,2,3]",,3,0.551494587,0.002,10
exp2,PEP,PEP,2,"[1,2,3]",,0,0.251845864,0.002,20
exp2,PEP,PEP,2,"[1,2,3]",,1,NA,0.002,20
exp2,PEP,PEP,2,"[1,2,3]",,2,0.084687308,0.002,20
exp2,PEP,PEP,2,"[1,2,3]",,3,0.663466828,0.002,20
exp2,PEP,PEP,2,"[1,2,3]",,0,0.234864107,0.002,40
exp2,PEP,PEP,2,"[1,2,3]",,1,NA,0.002,40
exp2,PEP,PEP,2,"[1,2,3]",,2,0.087210727,0.002,40
exp2,PEP,PEP,2,"[1,2,3]",,3,0.677925166,0.002,40
exp2,PEP,PEP,2,"[1,2,3]",,0,0.195016026,0.002,80
exp2,PEP,PEP,2,"[1,2,3]",,1,NA,0.002,80
exp2,PEP,PEP,2,"[1,2,3]",,2,0.21083977,0.002,80
exp2,PEP,PEP,2,"[1,2,3]",,3,0.594144204,0.002,80
exp2,PEP,PEP,2,"[1,2,3]",,0,0.192084232,0.002,160
exp2,PEP,PEP,2,"[1,2,3]",,1,NA,0.002,160
exp2,PEP,PEP,2,"[1,2,3]",,2,0.069542223,0.002,160
exp2,PEP,PEP,2,"[1,2,3]",,3,0.738373545,0.002,160
exp2,Pyr,Pyr,2,"[1,2,3]",,0,0.979753703,0.002,0
exp2,Pyr,Pyr,2,"[1,2,3]",,1,0.001506589,0.002,0
exp2,Pyr,Pyr,2,"[1,2,3]",,2,0.008066586,0.002,0
exp2,Pyr,Pyr,2,"[1,2,3]",,3,0.010673122,0.002,0
exp2,Pyr,Pyr,2,"[1,2,3]",,0,0.950830001,0.002,10
exp2,Pyr,Pyr,2,"[1,2,3]",,1,0.005319857,0.002,10
exp2,Pyr,Pyr,2,"[1,2,3]",,2,0.01181565,0.002,10
exp2,Pyr,Pyr,2,"[1,2,3]",,3,0.032034492,0.002,10
exp2,Pyr,Pyr,2,"[1,2,3]",,0,0.918574949,0.002,20
exp2,Pyr,Pyr,2,"[1,2,3]",,1,0.008342137,0.002,20
exp2,Pyr,Pyr,2,"[1,2,3]",,2,0.014439008,0.002,20
exp2,Pyr,Pyr,2,"[1,2,3]",,3,0.058643906,0.002,20
exp2,Pyr,Pyr,2,"[1,2,3]",,0,0.873299662,0.002,40
exp2,Pyr,Pyr,2,"[1,2,3]",,1,0.013325901,0.002,40
exp2,Pyr,Pyr,2,"[1,2,3]",,2,0.022115664,0.002,40
exp2,Pyr,Pyr,2,"[1,2,3]",,3,0.091258773,0.002,40
exp2,Pyr,Pyr,2,"[1,2,3]",,0,0.819109482,0.002,80
exp2,Pyr,Pyr,2,"[1,2,3]",,1,0.014282683,0.002,80
exp2,Pyr,Pyr,2,"[1,2,3]",,2,0.023204997,0.002,80
exp2,Pyr,Pyr,2,"[1,2,3]",,3,0.143402837,0.002,80
exp2,Pyr,Pyr,2,"[1,2,3]",,0,0.724437966,0.002,160
exp2,Pyr,Pyr,2,"[1,2,3]",,1,0.023933601,0.002,160
exp2,Pyr,Pyr,2,"[1,2,3]",,2,0.031327933,0.002,160
exp2,Pyr,Pyr,2,"[1,2,3]",,3,0.2203005,0.002,160
exp2,R5P,R5P,2,"[1,2,3,4,5]",,0,0.847510688,0.002,0
exp2,R5P,R5P,2,"[1,2,3,4,5]",,1,0.029972886,0.002,0
exp2,R5P,R5P,2,"[1,2,3,4,5]",,2,0.00682984,0.002,0
exp2,R5P,R5P,2,"[1,2,3,4,5]",,3,0.070859602,0.002,0
exp2,R5P,R5P,2,"[1,2,3,4,5]",,4,0.015947628,0.002,0
exp2,R5P,R5P,2,"[1,2,3,4,5]",,5,0.028879356,0.002,0
exp2,R5P,R5P,2,"[1,2,3,4,5]",,0,0.704384119,0.002,10
exp2,R5P,R5P,2,"[1,2,3,4,5]",,1,0.037910074,0.002,10
exp2,R5P,R5P,2,"[1,2,3,4,5]",,2,0.010880299,0.002,10
exp2,R5P,R5P,2,"[1,2,3,4,5]",,3,0.078532554,0.002,10
exp2,R5P,R5P,2,"[1,2,3,4,5]",,4,0.032852016,0.002,10
exp2,R5P,R5P,2,"[1,2,3,4,5]",,5,0.135440938,0.002,10
exp2,R5P,R5P,2,"[1,2,3,4,5]",,0,0.681029392,0.002,20
exp2,R5P,R5P,2,"[1,2,3,4,5]",,1,0.030207032,0.002,20
exp2,R5P,R5P,2,"[1,2,3,4,5]",,2,0.02805203,0.002,20
exp2,R5P,R5P,2,"[1,2,3,4,5]",,3,0.0723924,0.002,20
exp2,R5P,R5P,2,"[1,2,3,4,5]",,4,0.026288821,0.002,20
exp2,R5P,R5P,2,"[1,2,3,4,5]",,5,0.162030326,0.002,20
exp2,R5P,R5P,2,"[1,2,3,4,5]",,0,0.610770008,0.002,40
exp2,R5P,R5P,2,"[1,2,3,4,5]",,1,0.032589409,0.002,40
exp2,R5P,R5P,2,"[1,2,3,4,5]",,2,0.041039161,0.002,40
exp2,R5P,R5P,2,"[1,2,3,4,5]",,3,0.069320782,0.002,40
exp2,R5P,R5P,2,"[1,2,3,4,5]",,4,0.030670216,0.002,40
exp2,R5P,R5P,2,"[1,2,3,4,5]",,5,0.215610424,0.002,40
exp2,R5P,R5P,2,"[1,2,3,4,5]",,0,0.575581285,0.002,80
exp2,R5P,R5P,2,"[1,2,3,4,5]",,1,0.039225551,0.002,80
exp2,R5P,R5P,2,"[1,2,3,4,5]",,2,0.03896131,0.002,80
exp2,R5P,R5P,2,"[1,2,3,4,5]",,3,0.093956757,0.002,80
exp2,R5P,R5P,2,"[1,2,3,4,5]",,4,0.028794569,0.002,80
exp2,R5P,R5P,2,"[1,2,3,4,5]",,5,0.223480529,0.002,80
exp2,R5P,R5P,2,"[1,2,3,4,5]",,0,0.364635292,0.002,160
exp2,R5P,R5P,2,"[1,2,3,4,5]",,1,0.034657485,0.002,160
exp2,R5P,R5P,2,"[1,2,3,4,5]",,2,0.052596848,0.002,160
exp2,R5P,R5P,2,"[1,2,3,4,5]",,3,0.075020239,0.002,160
exp2,R5P,R5P,2,"[1,2,3,4,5]",,4,0.038466023,0.002,160
exp2,R5P,R5P,2,"[1,2,3,4,5]",,5,0.434624113,0.002,160
exp2,Ribulose-5-phosphate,Ribulose-5-phosphate,2,"[1,2,3,4,5]",,0,0.981745385,0.002,0
exp2,Ribulose-5-phosphate,Ribulose-5-phosphate,2,"[1,2,3,4,5]",,1,NA,0.002,0
exp2,Ribulose-5-phosphate,Ribulose-5-phosphate,2,"[1,2,3,4,5]",,2,NA,0.002,0
exp2,Ribulose-5-phosphate,Ribulose-5-phosphate,2,"[1,2,3,4,5]",,3,0.006856513,0.002,0
exp2,Ribulose-5-phosphate,Ribulose-5-phosphate,2,"[1,2,3,4,5]",,4,0.004727048,0.002,0
exp2,Ribulose-5-phosphate,Ribulose-5-phosphate,2,"[1,2,3,4,5]",,5,0.006671054,0.002,0
exp2,Ribulose-5-phosphate,Ribulose-5-phosphate,2,"[1,2,3,4,5]",,0,0.128699528,0.002,10
exp2,Ribulose-5-phosphate,Ribulose-5-phosphate,2,"[1,2,3,4,5]",,1,0.010727109,0.002,10
exp2,Ribulose-5-phosphate,Ribulose-5-phosphate,2,"[1,2,3,4,5]",,2,0.098395482,0.002,10
exp2,Ribulose-5-phosphate,Ribulose-5-phosphate,2,"[1,2,3,4,5]",,3,0.074702553,0.002,10
exp2,Ribulose-5-phosphate,Ribulose-5-phosphate,2,"[1,2,3,4,5]",,4,0.023837292,0.002,10
exp2,Ribulose-5-phosphate,Ribulose-5-phosphate,2,"[1,2,3,4,5]",,5,0.663638037,0.002,10
exp2,Ribulose-5-phosphate,Ribulose-5-phosphate,2,"[1,2,3,4,5]",,0,0.113862392,0.002,20
exp2,Ribulose-5-phosphate,Ribulose-5-phosphate,2,"[1,2,3,4,5]",,1,0.009326233,0.002,20
exp2,Ribulose-5-phosphate,Ribulose-5-phosphate,2,"[1,2,3,4,5]",,2,0.099383585,0.002,20
exp2,Ribulose-5-phosphate,Ribulose-5-phosphate,2,"[1,2,3,4,5]",,3,0.079316806,0.002,20
exp2,Ribulose-5-phosphate,Ribulose-5-phosphate,2,"[1,2,3,4,5]",,4,0.020251863,0.002,20
exp2,Ribulose-5-phosphate,Ribulose-5-phosphate,2,"[1,2,3,4,5]",,5,0.677859121,0.002,20
exp2,Ribulose-5-phosphate,Ribulose-5-phosphate,2,"[1,2,3,4,5]",,0,0.102294266,0.002,40
exp2,Ribulose-5-phosphate,Ribulose-5-phosphate,2,"[1,2,3,4,5]",,1,0.006870449,0.002,40
exp2,Ribulose-5-phosphate,Ribulose-5-phosphate,2,"[1,2,3,4,5]",,2,0.089074261,0.002,40
exp2,Ribulose-5-phosphate,Ribulose-5-phosphate,2,"[1,2,3,4,5]",,3,0.074928528,0.002,40
exp2,Ribulose-5-phosphate,Ribulose-5-phosphate,2,"[1,2,3,4,5]",,4,0.021830084,0.002,40
exp2,Ribulose-5-phosphate,Ribulose-5-phosphate,2,"[1,2,3,4,5]",,5,0.705002412,0.002,40
exp2,Ribulose-5-phosphate,Ribulose-5-phosphate,2,"[1,2,3,4,5]",,0,0.087108966,0.002,80
exp2,Ribulose-5-phosphate,Ribulose-5-phosphate,2,"[1,2,3,4,5]",,1,0.007569939,0.002,80
exp2,Ribulose-5-phosphate,Ribulose-5-phosphate,2,"[1,2,3,4,5]",,2,0.078711181,0.002,80
exp2,Ribulose-5-phosphate,Ribulose-5-phosphate,2,"[1,2,3,4,5]",,3,0.073117107,0.002,80
exp2,Ribulose-5-phosphate,Ribulose-5-phosphate,2,"[1,2,3,4,5]",,4,0.017373542,0.002,80
exp2,Ribulose-5-phosphate,Ribulose-5-phosphate,2,"[1,2,3,4,5]",,5,0.736119265,0.002,80
exp2,Ribulose-5-phosphate,Ribulose-5-phosphate,2,"[1,2,3,4,5]",,0,0.072815003,0.002,160
exp2,Ribulose-5-phosphate,Ribulose-5-phosphate,2,"[1,2,3,4,5]",,1,0.005039063,0.002,160
exp2,Ribulose-5-phosphate,Ribulose-5-phosphate,2,"[1,2,3,4,5]",,2,0.069134405,0.002,160
exp2,Ribulose-5-phosphate,Ribulose-5-phosphate,2,"[1,2,3,4,5]",,3,0.060930536,0.002,160
exp2,Ribulose-5-phosphate,Ribulose-5-phosphate,2,"[1,2,3,4,5]",,4,0.013156649,0.002,160
exp2,Ribulose-5-phosphate,Ribulose-5-phosphate,2,"[1,2,3,4,5]",,5,0.778924345,0.002,160
exp2,S7P,S7P,2,"[1,2,3,4,5,6,7]",,0,0.97669168,0.002,0
exp2,S7P,S7P,2,"[1,2,3,4,5,6,7]",,1,NA,0.002,0
exp2,S7P,S7P,2,"[1,2,3,4,5,6,7]",,2,NA,0.002,0
exp2,S7P,S7P,2,"[1,2,3,4,5,6,7]",,3,0.003662982,0.002,0
exp2,S7P,S7P,2,"[1,2,3,4,5,6,7]",,4,0.001190432,0.002,0
exp2,S7P,S7P,2,"[1,2,3,4,5,6,7]",,5,0.002181453,0.002,0
exp2,S7P,S7P,2,"[1,2,3,4,5,6,7]",,6,0.005447735,0.002,0
exp2,S7P,S7P,2,"[1,2,3,4,5,6,7]",,7,0.010825718,0.002,0
exp2,S7P,S7P,2,"[1,2,3,4,5,6,7]",,0,0.217961932,0.002,10
exp2,S7P,S7P,2,"[1,2,3,4,5,6,7]",,1,0.010025338,0.002,10
exp2,S7P,S7P,2,"[1,2,3,4,5,6,7]",,2,0.051572596,0.002,10
exp2,S7P,S7P,2,"[1,2,3,4,5,6,7]",,3,0.032903338,0.002,10
exp2,S7P,S7P,2,"[1,2,3,4,5,6,7]",,4,0.0726304,0.002,10
exp2,S7P,S7P,2,"[1,2,3,4,5,6,7]",,5,0.132114041,0.002,10
exp2,S7P,S7P,2,"[1,2,3,4,5,6,7]",,6,0.050778034,0.002,10
exp2,S7P,S7P,2,"[1,2,3,4,5,6,7]",,7,0.432014321,0.002,10
exp2,S7P,S7P,2,"[1,2,3,4,5,6,7]",,0,0.23038278,0.002,20
exp2,S7P,S7P,2,"[1,2,3,4,5,6,7]",,1,0.003859491,0.002,20
exp2,S7P,S7P,2,"[1,2,3,4,5,6,7]",,2,0.053655427,0.002,20
exp2,S7P,S7P,2,"[1,2,3,4,5,6,7]",,3,0.028657098,0.002,20
exp2,S7P,S7P,2,"[1,2,3,4,5,6,7]",,4,0.078501115,0.002,20
exp2,S7P,S7P,2,"[1,2,3,4,5,6,7]",,5,0.127515622,0.002,20
exp2,S7P,S7P,2,"[1,2,3,4,5,6,7]",,6,0.044161739,0.002,20
exp2,S7P,S7P,2,"[1,2,3,4,5,6,7]",,7,0.433266729,0.002,20
exp2,S7P,S7P,2,"[1,2,3,4,5,6,7]",,0,0.216194348,0.002,40
exp2,S7P,S7P,2,"[1,2,3,4,5,6,7]",,1,0.0059639,0.002,40
exp2,S7P,S7P,2,"[1,2,3,4,5,6,7]",,2,0.048827738,0.002,40
exp2,S7P,S7P,2,"[1,2,3,4,5,6,7]",,3,0.02956399,0.002,40
exp2,S7P,S7P,2,"[1,2,3,4,5,6,7]",,4,0.07326902,0.002,40
exp2,S7P,S7P,2,"[1,2,3,4,5,6,7]",,5,0.116091283,0.002,40
exp2,S7P,S7P,2,"[1,2,3,4,5,6,7]",,6,0.054266137,0.002,40
exp2,S7P,S7P,2,"[1,2,3,4,5,6,7]",,7,0.455823583,0.002,40
exp2,S7P,S7P,2,"[1,2,3,4,5,6,7]",,0,0.14358633,0.002,80
exp2,S7P,S7P,2,"[1,2,3,4,5,6,7]",,1,0.005536942,0.002,80
exp2,S7P,S7P,2,"[1,2,3,4,5,6,7]",,2,0.050753723,0.002,80
exp2,S7P,S7P,2,"[1,2,3,4,5,6,7]",,3,0.030616865,0.002,80
exp2,S7P,S7P,2,"[1,2,3,4,5,6,7]",,4,0.07877619,0.002,80
exp2,S7P,S7P,2,"[1,2,3,4,5,6,7]",,5,0.132219455,0.002,80
exp2,S7P,S7P,2,"[1,2,3,4,5,6,7]",,6,0.057139581,0.002,80
exp2,S7P,S7P,2,"[1,2,3,4,5,6,7]",,7,0.501370915,0.002,80
exp2,S7P,S7P,2,"[1,2,3,4,5,6,7]",,0,0.179818973,0.002,160
exp2,S7P,S7P,2,"[1,2,3,4,5,6,7]",,1,0.002162841,0.002,160
exp2,S7P,S7P,2,"[1,2,3,4,5,6,7]",,2,0.044573769,0.002,160
exp2,S7P,S7P,2,"[1,2,3,4,5,6,7]",,3,0.02887967,0.002,160
exp2,S7P,S7P,2,"[1,2,3,4,5,6,7]",,4,0.071917017,0.002,160
exp2,S7P,S7P,2,"[1,2,3,4,5,6,7]",,5,0.113901431,0.002,160
exp2,S7P,S7P,2,"[1,2,3,4,5,6,7]",,6,0.049640537,0.002,160
exp2,S7P,S7P,2,"[1,2,3,4,5,6,7]",,7,0.509105762,0.002,160
exp2,Suc,Suc,2,"[1,2,3,4]",,0,0.991800559,0.002,0
exp2,Suc,Suc,2,"[1,2,3,4]",,1,0.008199441,0.002,0
exp2,Suc,Suc,2,"[1,2,3,4]",,2,NA,0.002,0
exp2,Suc,Suc,2,"[1,2,3,4]",,3,NA,0.002,0
exp2,Suc,Suc,2,"[1,2,3,4]",,4,NA,0.002,0
exp2,Suc,Suc,2,"[1,2,3,4]",,0,0.994067297,0.002,10
exp2,Suc,Suc,2,"[1,2,3,4]",,1,0.005932703,0.002,10
exp2,Suc,Suc,2,"[1,2,3,4]",,2,NA,0.002,10
exp2,Suc,Suc,2,"[1,2,3,4]",,3,NA,0.002,10
exp2,Suc,Suc,2,"[1,2,3,4]",,4,NA,0.002,10
exp2,Suc,Suc,2,"[1,2,3,4]",,0,0.986744571,0.002,20
exp2,Suc,Suc,2,"[1,2,3,4]",,1,0.006153065,0.002,20
exp2,Suc,Suc,2,"[1,2,3,4]",,2,0.007102364,0.002,20
exp2,Suc,Suc,2,"[1,2,3,4]",,3,NA,0.002,20
exp2,Suc,Suc,2,"[1,2,3,4]",,4,NA,0.002,20
exp2,Suc,Suc,2,"[1,2,3,4]",,0,0.962657914,0.002,40
exp2,Suc,Suc,2,"[1,2,3,4]",,1,0.009737123,0.002,40
exp2,Suc,Suc,2,"[1,2,3,4]",,2,0.027583135,0.002,40
exp2,Suc,Suc,2,"[1,2,3,4]",,3,2.18E-05,0.002,40
exp2,Suc,Suc,2,"[1,2,3,4]",,4,NA,0.002,40
exp2,Suc,Suc,2,"[1,2,3,4]",,0,0.913180408,0.002,80
exp2,Suc,Suc,2,"[1,2,3,4]",,1,0.021572779,0.002,80
exp2,Suc,Suc,2,"[1,2,3,4]",,2,0.064142785,0.002,80
exp2,Suc,Suc,2,"[1,2,3,4]",,3,0.001104028,0.002,80
exp2,Suc,Suc,2,"[1,2,3,4]",,4,NA,0.002,80
exp2,Suc,Suc,2,"[1,2,3,4]",,0,0.82446062,0.002,160
exp2,Suc,Suc,2,"[1,2,3,4]",,1,0.037681637,0.002,160
exp2,Suc,Suc,2,"[1,2,3,4]",,2,0.128215166,0.002,160
exp2,Suc,Suc,2,"[1,2,3,4]",,3,0.009642576,0.002,160
exp2,Suc,Suc,2,"[1,2,3,4]",,4,NA,0.002,160
exp2,SucCoA,SucCoA,2,"[1,2,3,4,5,6]",,0,0.737124226,0.002,0
exp2,SucCoA,SucCoA,2,"[1,2,3,4,5,6]",,1,0.155714592,0.002,0
exp2,SucCoA,SucCoA,2,"[1,2,3,4,5,6]",,2,0.021485784,0.002,0
exp2,SucCoA,SucCoA,2,"[1,2,3,4,5,6]",,3,0.03206518,0.002,0
exp2,SucCoA,SucCoA,2,"[1,2,3,4,5,6]",,4,0.015386442,0.002,0
exp2,SucCoA,SucCoA,2,"[1,2,3,4,5,6]",,5,0.024790987,0.002,0
exp2,SucCoA,SucCoA,2,"[1,2,3,4,5,6]",,6,0.013432789,0.002,0
exp2,SucCoA,SucCoA,2,"[1,2,3,4,5,6]",,0,0.657325065,0.002,10
exp2,SucCoA,SucCoA,2,"[1,2,3,4,5,6]",,1,0.157840186,0.002,10
exp2,SucCoA,SucCoA,2,"[1,2,3,4,5,6]",,2,0.048797579,0.002,10
exp2,SucCoA,SucCoA,2,"[1,2,3,4,5,6]",,3,0.033259583,0.002,10
exp2,SucCoA,SucCoA,2,"[1,2,3,4,5,6]",,4,0.066783422,0.002,10
exp2,SucCoA,SucCoA,2,"[1,2,3,4,5,6]",,5,0.017396176,0.002,10
exp2,SucCoA,SucCoA,2,"[1,2,3,4,5,6]",,6,0.018597988,0.002,10
exp2,SucCoA,SucCoA,2,"[1,2,3,4,5,6]",,0,0.730153905,0.002,40
exp2,SucCoA,SucCoA,2,"[1,2,3,4,5,6]",,1,0.145297428,0.002,40
exp2,SucCoA,SucCoA,2,"[1,2,3,4,5,6]",,2,0.009153772,0.002,40
exp2,SucCoA,SucCoA,2,"[1,2,3,4,5,6]",,3,0.012009033,0.002,40
exp2,SucCoA,SucCoA,2,"[1,2,3,4,5,6]",,4,0.037707291,0.002,40
exp2,SucCoA,SucCoA,2,"[1,2,3,4,5,6]",,5,0.025218474,0.002,40
exp2,SucCoA,SucCoA,2,"[1,2,3,4,5,6]",,6,0.040460097,0.002,40
exp2,SucCoA,SucCoA,2,"[1,2,3,4,5,6]",,0,0.608788721,0.002,80
exp2,SucCoA,SucCoA,2,"[1,2,3,4,5,6]",,1,0.114990887,0.002,80
exp2,SucCoA,SucCoA,2,"[1,2,3,4,5,6]",,2,0.099937894,0.002,80
exp2,SucCoA,SucCoA,2,"[1,2,3,4,5,6]",,3,0.035714916,0.002,80
exp2,SucCoA,SucCoA,2,"[1,2,3,4,5,6]",,4,0.06177047,0.002,80
exp2,SucCoA,SucCoA,2,"[1,2,3,4,5,6]",,5,0.078797111,0.002,80
exp2,SucCoA,SucCoA,2,"[1,2,3,4,5,6]",,6,NA,0.002,80
exp2,SucCoA,SucCoA,2,"[1,2,3,4,5,6]",,0,0.650043661,0.002,160
exp2,SucCoA,SucCoA,2,"[1,2,3,4,5,6]",,1,0.195125133,0.002,160
exp2,SucCoA,SucCoA,2,"[1,2,3,4,5,6]",,2,0.054725436,0.002,160
exp2,SucCoA,SucCoA,2,"[1,2,3,4,5,6]",,3,0.0046255,0.002,160
exp2,SucCoA,SucCoA,2,"[1,2,3,4,5,6]",,4,0.031161816,0.002,160
exp2,SucCoA,SucCoA,2,"[1,2,3,4,5,6]",,5,0.032703537,0.002,160
exp2,SucCoA,SucCoA,2,"[1,2,3,4,5,6]",,6,0.031614917,0.002,160
exp2,Xylulose-5-phosphate,Xylulose-5-phosphate,2,"[1,2,3,4,5]",,0,0.986377149,0.002,0
exp2,Xylulose-5-phosphate,Xylulose-5-phosphate,2,"[1,2,3,4,5]",,1,NA,0.002,0
exp2,Xylulose-5-phosphate,Xylulose-5-phosphate,2,"[1,2,3,4,5]",,2,NA,0.002,0
exp2,Xylulose-5-phosphate,Xylulose-5-phosphate,2,"[1,2,3,4,5]",,3,0.005420958,0.002,0
exp2,Xylulose-5-phosphate,Xylulose-5-phosphate,2,"[1,2,3,4,5]",,4,0.001586749,0.002,0
exp2,Xylulose-5-phosphate,Xylulose-5-phosphate,2,"[1,2,3,4,5]",,5,0.006615145,0.002,0
exp2,Xylulose-5-phosphate,Xylulose-5-phosphate,2,"[1,2,3,4,5]",,0,0.152819786,0.002,10
exp2,Xylulose-5-phosphate,Xylulose-5-phosphate,2,"[1,2,3,4,5]",,1,0.003165343,0.002,10
exp2,Xylulose-5-phosphate,Xylulose-5-phosphate,2,"[1,2,3,4,5]",,2,0.082891169,0.002,10
exp2,Xylulose-5-phosphate,Xylulose-5-phosphate,2,"[1,2,3,4,5]",,3,0.077869935,0.002,10
exp2,Xylulose-5-phosphate,Xylulose-5-phosphate,2,"[1,2,3,4,5]",,4,0.022827675,0.002,10
exp2,Xylulose-5-phosphate,Xylulose-5-phosphate,2,"[1,2,3,4,5]",,5,0.660426093,0.002,10
exp2,Xylulose-5-phosphate,Xylulose-5-phosphate,2,"[1,2,3,4,5]",,0,0.134742699,0.002,20
exp2,Xylulose-5-phosphate,Xylulose-5-phosphate,2,"[1,2,3,4,5]",,1,0.000358,0.002,20
exp2,Xylulose-5-phosphate,Xylulose-5-phosphate,2,"[1,2,3,4,5]",,2,0.088543503,0.002,20
exp2,Xylulose-5-phosphate,Xylulose-5-phosphate,2,"[1,2,3,4,5]",,3,0.075680469,0.002,20
exp2,Xylulose-5-phosphate,Xylulose-5-phosphate,2,"[1,2,3,4,5]",,4,0.016635448,0.002,20
exp2,Xylulose-5-phosphate,Xylulose-5-phosphate,2,"[1,2,3,4,5]",,5,0.684039539,0.002,20
exp2,Xylulose-5-phosphate,Xylulose-5-phosphate,2,"[1,2,3,4,5]",,0,0.123984295,0.002,40
exp2,Xylulose-5-phosphate,Xylulose-5-phosphate,2,"[1,2,3,4,5]",,1,0.000459,0.002,40
exp2,Xylulose-5-phosphate,Xylulose-5-phosphate,2,"[1,2,3,4,5]",,2,0.088786092,0.002,40
exp2,Xylulose-5-phosphate,Xylulose-5-phosphate,2,"[1,2,3,4,5]",,3,0.069959182,0.002,40
exp2,Xylulose-5-phosphate,Xylulose-5-phosphate,2,"[1,2,3,4,5]",,4,0.020676635,0.002,40
exp2,Xylulose-5-phosphate,Xylulose-5-phosphate,2,"[1,2,3,4,5]",,5,0.696134585,0.002,40
exp2,Xylulose-5-phosphate,Xylulose-5-phosphate,2,"[1,2,3,4,5]",,0,0.112420977,0.002,80
exp2,Xylulose-5-phosphate,Xylulose-5-phosphate,2,"[1,2,3,4,5]",,1,0.004350411,0.002,80
exp2,Xylulose-5-phosphate,Xylulose-5-phosphate,2,"[1,2,3,4,5]",,2,0.078949758,0.002,80
exp2,Xylulose-5-phosphate,Xylulose-5-phosphate,2,"[1,2,3,4,5]",,3,0.066901017,0.002,80
exp2,Xylulose-5-phosphate,Xylulose-5-phosphate,2,"[1,2,3,4,5]",,4,0.019515298,0.002,80
exp2,Xylulose-5-phosphate,Xylulose-5-phosphate,2,"[1,2,3,4,5]",,5,0.717862539,0.002,80
exp2,Xylulose-5-phosphate,Xylulose-5-phosphate,2,"[1,2,3,4,5]",,0,0.091687796,0.002,160
exp2,Xylulose-5-phosphate,Xylulose-5-phosphate,2,"[1,2,3,4,5]",,1,NA,0.002,160
exp2,Xylulose-5-phosphate,Xylulose-5-phosphate,2,"[1,2,3,4,5]",,2,0.070631297,0.002,160
exp2,Xylulose-5-phosphate,Xylulose-5-phosphate,2,"[1,2,3,4,5]",,3,0.060355364,0.002,160
exp2,Xylulose-5-phosphate,Xylulose-5-phosphate,2,"[1,2,3,4,5]",,4,0.010629319,0.002,160
exp2,Xylulose-5-phosphate,Xylulose-5-phosphate,2,"[1,2,3,4,5]",,5,0.766696223,0.002,160
exp2,FBP,FBP,2,"[1,2,3,4,5,6]",,0,0.862639434,0.002,0
exp2,FBP,FBP,2,"[1,2,3,4,5,6]",,1,0.016119318,0.002,0
exp2,FBP,FBP,2,"[1,2,3,4,5,6]",,2,0.003705564,0.002,0
exp2,FBP,FBP,2,"[1,2,3,4,5,6]",,3,0.016215514,0.002,0
exp2,FBP,FBP,2,"[1,2,3,4,5,6]",,4,0.035477829,0.002,0
exp2,FBP,FBP,2,"[1,2,3,4,5,6]",,5,0.015717742,0.002,0
exp2,FBP,FBP,2,"[1,2,3,4,5,6]",,6,0.050124599,0.002,0
exp2,FBP,FBP,2,"[1,2,3,4,5,6]",,0,0.539042763,0.002,10
exp2,FBP,FBP,2,"[1,2,3,4,5,6]",,1,0.035132354,0.002,10
exp2,FBP,FBP,2,"[1,2,3,4,5,6]",,2,0.027272659,0.002,10
exp2,FBP,FBP,2,"[1,2,3,4,5,6]",,3,0.059434326,0.002,10
exp2,FBP,FBP,2,"[1,2,3,4,5,6]",,4,0.073010321,0.002,10
exp2,FBP,FBP,2,"[1,2,3,4,5,6]",,5,0.018798215,0.002,10
exp2,FBP,FBP,2,"[1,2,3,4,5,6]",,6,0.247309361,0.002,10
exp2,FBP,FBP,2,"[1,2,3,4,5,6]",,0,0.623505304,0.002,20
exp2,FBP,FBP,2,"[1,2,3,4,5,6]",,1,0.042793938,0.002,20
exp2,FBP,FBP,2,"[1,2,3,4,5,6]",,2,0.011686848,0.002,20
exp2,FBP,FBP,2,"[1,2,3,4,5,6]",,3,0.065777923,0.002,20
exp2,FBP,FBP,2,"[1,2,3,4,5,6]",,4,0.026879404,0.002,20
exp2,FBP,FBP,2,"[1,2,3,4,5,6]",,5,0.021732286,0.002,20
exp2,FBP,FBP,2,"[1,2,3,4,5,6]",,6,0.207624297,0.002,20
exp2,FBP,FBP,2,"[1,2,3,4,5,6]",,0,0.632485508,0.002,40
exp2,FBP,FBP,2,"[1,2,3,4,5,6]",,1,0.037046317,0.002,40
exp2,FBP,FBP,2,"[1,2,3,4,5,6]",,2,0.006244096,0.002,40
exp2,FBP,FBP,2,"[1,2,3,4,5,6]",,3,0.048434997,0.002,40
exp2,FBP,FBP,2,"[1,2,3,4,5,6]",,4,0.027817855,0.002,40
exp2,FBP,FBP,2,"[1,2,3,4,5,6]",,5,0.010891928,0.002,40
exp2,FBP,FBP,2,"[1,2,3,4,5,6]",,6,0.237079299,0.002,40
exp2,FBP,FBP,2,"[1,2,3,4,5,6]",,0,0.526752434,0.002,80
exp2,FBP,FBP,2,"[1,2,3,4,5,6]",,1,0.019619279,0.002,80
exp2,FBP,FBP,2,"[1,2,3,4,5,6]",,2,0.025714057,0.002,80
exp2,FBP,FBP,2,"[1,2,3,4,5,6]",,3,0.048574035,0.002,80
exp2,FBP,FBP,2,"[1,2,3,4,5,6]",,4,0.029765742,0.002,80
exp2,FBP,FBP,2,"[1,2,3,4,5,6]",,5,0.032041305,0.002,80
exp2,FBP,FBP,2,"[1,2,3,4,5,6]",,6,0.317533148,0.002,80
exp2,FBP,FBP,2,"[1,2,3,4,5,6]",,0,0.552223443,0.002,160
exp2,FBP,FBP,2,"[1,2,3,4,5,6]",,1,0.016476332,0.002,160
exp2,FBP,FBP,2,"[1,2,3,4,5,6]",,2,0.004667093,0.002,160
exp2,FBP,FBP,2,"[1,2,3,4,5,6]",,3,0.027705071,0.002,160
exp2,FBP,FBP,2,"[1,2,3,4,5,6]",,4,0.03295999,0.002,160
exp2,FBP,FBP,2,"[1,2,3,4,5,6]",,5,0.019535038,0.002,160
exp2,FBP,FBP,2,"[1,2,3,4,5,6]",,6,0.346433032,0.002,160
exp3,Cit,Cit,3,"[1,2,3,4,5,6]",,0,0.958354214,0.002,0
exp3,Cit,Cit,3,"[1,2,3,4,5,6]",,1,0.025860646,0.002,0
exp3,Cit,Cit,3,"[1,2,3,4,5,6]",,2,0.014449184,0.002,0
exp3,Cit,Cit,3,"[1,2,3,4,5,6]",,3,0.000355,0.002,0
exp3,Cit,Cit,3,"[1,2,3,4,5,6]",,4,0.000579,0.002,0
exp3,Cit,Cit,3,"[1,2,3,4,5,6]",,5,0.000402,0.002,0
exp3,Cit,Cit,3,"[1,2,3,4,5,6]",,6,NA,0.002,0
exp3,Cit,Cit,3,"[1,2,3,4,5,6]",,0,0.904799176,0.002,10
exp3,Cit,Cit,3,"[1,2,3,4,5,6]",,1,0.016393284,0.002,10
exp3,Cit,Cit,3,"[1,2,3,4,5,6]",,2,0.074062771,0.002,10
exp3,Cit,Cit,3,"[1,2,3,4,5,6]",,3,0.004005646,0.002,10
exp3,Cit,Cit,3,"[1,2,3,4,5,6]",,4,5.39E-05,0.002,10
exp3,Cit,Cit,3,"[1,2,3,4,5,6]",,5,0.000678,0.002,10
exp3,Cit,Cit,3,"[1,2,3,4,5,6]",,6,6.80E-06,0.002,10
exp3,Cit,Cit,3,"[1,2,3,4,5,6]",,0,0.865165464,0.002,20
exp3,Cit,Cit,3,"[1,2,3,4,5,6]",,1,0.02540133,0.002,20
exp3,Cit,Cit,3,"[1,2,3,4,5,6]",,2,0.104162703,0.002,20
exp3,Cit,Cit,3,"[1,2,3,4,5,6]",,3,0.004406951,0.002,20
exp3,Cit,Cit,3,"[1,2,3,4,5,6]",,4,NA,0.002,20
exp3,Cit,Cit,3,"[1,2,3,4,5,6]",,5,0.000849,0.002,20
exp3,Cit,Cit,3,"[1,2,3,4,5,6]",,6,1.42E-05,0.002,20
exp3,Cit,Cit,3,"[1,2,3,4,5,6]",,0,0.804947627,0.002,40
exp3,Cit,Cit,3,"[1,2,3,4,5,6]",,1,0.032814027,0.002,40
exp3,Cit,Cit,3,"[1,2,3,4,5,6]",,2,0.145813142,0.002,40
exp3,Cit,Cit,3,"[1,2,3,4,5,6]",,3,0.012439385,0.002,40
exp3,Cit,Cit,3,"[1,2,3,4,5,6]",,4,0.001923843,0.002,40
exp3,Cit,Cit,3,"[1,2,3,4,5,6]",,5,0.002036482,0.002,40
exp3,Cit,Cit,3,"[1,2,3,4,5,6]",,6,2.55E-05,0.002,40
exp3,Cit,Cit,3,"[1,2,3,4,5,6]",,0,0.803413285,0.002,80
exp3,Cit,Cit,3,"[1,2,3,4,5,6]",,1,0.024959217,0.002,80
exp3,Cit,Cit,3,"[1,2,3,4,5,6]",,2,0.152396594,0.002,80
exp3,Cit,Cit,3,"[1,2,3,4,5,6]",,3,0.012237452,0.002,80
exp3,Cit,Cit,3,"[1,2,3,4,5,6]",,4,0.004180885,0.002,80
exp3,Cit,Cit,3,"[1,2,3,4,5,6]",,5,0.002755659,0.002,80
exp3,Cit,Cit,3,"[1,2,3,4,5,6]",,6,5.69E-05,0.002,80
exp3,Cit,Cit,3,"[1,2,3,4,5,6]",,0,0.651695356,0.002,160
exp3,Cit,Cit,3,"[1,2,3,4,5,6]",,1,0.034622585,0.002,160
exp3,Cit,Cit,3,"[1,2,3,4,5,6]",,2,0.261387332,0.002,160
exp3,Cit,Cit,3,"[1,2,3,4,5,6]",,3,0.02665687,0.002,160
exp3,Cit,Cit,3,"[1,2,3,4,5,6]",,4,0.016651309,0.002,160
exp3,Cit,Cit,3,"[1,2,3,4,5,6]",,5,0.008655573,0.002,160
exp3,Cit,Cit,3,"[1,2,3,4,5,6]",,6,0.000331,0.002,160
exp3,3PG,3PG,3,"[1,2,3]",,0,0.920464608,0.002,0
exp3,3PG,3PG,3,"[1,2,3]",,1,NA,0.002,0
exp3,3PG,3PG,3,"[1,2,3]",,2,0.000269,0.002,0
exp3,3PG,3PG,3,"[1,2,3]",,3,0.079266353,0.002,0
exp3,3PG,3PG,3,"[1,2,3]",,0,0.233259149,0.002,10
exp3,3PG,3PG,3,"[1,2,3]",,1,0.00714444,0.002,10
exp3,3PG,3PG,3,"[1,2,3]",,2,0.012726069,0.002,10
exp3,3PG,3PG,3,"[1,2,3]",,3,0.746870342,0.002,10
exp3,3PG,3PG,3,"[1,2,3]",,0,0.272973346,0.002,20
exp3,3PG,3PG,3,"[1,2,3]",,1,0.006288479,0.002,20
exp3,3PG,3PG,3,"[1,2,3]",,2,0.007386898,0.002,20
exp3,3PG,3PG,3,"[1,2,3]",,3,0.713351278,0.002,20
exp3,3PG,3PG,3,"[1,2,3]",,0,0.230197314,0.002,40
exp3,3PG,3PG,3,"[1,2,3]",,1,0.007918518,0.002,40
exp3,3PG,3PG,3,"[1,2,3]",,2,0.00707589,0.002,40
exp3,3PG,3PG,3,"[1,2,3]",,3,0.754808278,0.002,40
exp3,3PG,3PG,3,"[1,2,3]",,0,0.254477034,0.002,80
exp3,3PG,3PG,3,"[1,2,3]",,1,0.009788732,0.002,80
exp3,3PG,3PG,3,"[1,2,3]",,2,0.013379203,0.002,80
exp3,3PG,3PG,3,"[1,2,3]",,3,0.722355032,0.002,80
exp3,3PG,3PG,3,"[1,2,3]",,0,0.181385739,0.002,160
exp3,3PG,3PG,3,"[1,2,3]",,1,0.007870128,0.002,160
exp3,3PG,3PG,3,"[1,2,3]",,2,0.004796269,0.002,160
exp3,3PG,3PG,3,"[1,2,3]",,3,0.805947864,0.002,160
exp3,6PGC,6PGC,3,"[1,2,3,4,5,6]",,0,0.923795896,0.002,0
exp3,6PGC,6PGC,3,"[1,2,3,4,5,6]",,1,0.003618982,0.002,0
exp3,6PGC,6PGC,3,"[1,2,3,4,5,6]",,2,NA,0.002,0
exp3,6PGC,6PGC,3,"[1,2,3,4,5,6]",,3,0.006290155,0.002,0
exp3,6PGC,6PGC,3,"[1,2,3,4,5,6]",,4,NA,0.002,0
exp3,6PGC,6PGC,3,"[1,2,3,4,5,6]",,5,0.009591985,0.002,0
exp3,6PGC,6PGC,3,"[1,2,3,4,5,6]",,6,0.056702982,0.002,0
exp3,6PGC,6PGC,3,"[1,2,3,4,5,6]",,0,0.34294419,0.002,10
exp3,6PGC,6PGC,3,"[1,2,3,4,5,6]",,1,0.021402178,0.002,10
exp3,6PGC,6PGC,3,"[1,2,3,4,5,6]",,2,0.009119951,0.002,10
exp3,6PGC,6PGC,3,"[1,2,3,4,5,6]",,3,0.020463578,0.002,10
exp3,6PGC,6PGC,3,"[1,2,3,4,5,6]",,4,0.001751432,0.002,10
exp3,6PGC,6PGC,3,"[1,2,3,4,5,6]",,5,0.045698368,0.002,10
exp3,6PGC,6PGC,3,"[1,2,3,4,5,6]",,6,0.558620303,0.002,10
exp3,6PGC,6PGC,3,"[1,2,3,4,5,6]",,0,0.306085518,0.002,20
exp3,6PGC,6PGC,3,"[1,2,3,4,5,6]",,1,0.011133693,0.002,20
exp3,6PGC,6PGC,3,"[1,2,3,4,5,6]",,2,0.006266733,0.002,20
exp3,6PGC,6PGC,3,"[1,2,3,4,5,6]",,3,0.00990182,0.002,20
exp3,6PGC,6PGC,3,"[1,2,3,4,5,6]",,4,0.010811125,0.002,20
exp3,6PGC,6PGC,3,"[1,2,3,4,5,6]",,5,0.041526693,0.002,20
exp3,6PGC,6PGC,3,"[1,2,3,4,5,6]",,6,0.614274418,0.002,20
exp3,6PGC,6PGC,3,"[1,2,3,4,5,6]",,0,0.293935562,0.002,40
exp3,6PGC,6PGC,3,"[1,2,3,4,5,6]",,1,0.009924169,0.002,40
exp3,6PGC,6PGC,3,"[1,2,3,4,5,6]",,2,0.00521214,0.002,40
exp3,6PGC,6PGC,3,"[1,2,3,4,5,6]",,3,0.017780794,0.002,40
exp3,6PGC,6PGC,3,"[1,2,3,4,5,6]",,4,0.00983119,0.002,40
exp3,6PGC,6PGC,3,"[1,2,3,4,5,6]",,5,0.038870673,0.002,40
exp3,6PGC,6PGC,3,"[1,2,3,4,5,6]",,6,0.624445472,0.002,40
exp3,6PGC,6PGC,3,"[1,2,3,4,5,6]",,0,0.270331511,0.002,80
exp3,6PGC,6PGC,3,"[1,2,3,4,5,6]",,1,0.015861686,0.002,80
exp3,6PGC,6PGC,3,"[1,2,3,4,5,6]",,2,0.003389797,0.002,80
exp3,6PGC,6PGC,3,"[1,2,3,4,5,6]",,3,0.021884364,0.002,80
exp3,6PGC,6PGC,3,"[1,2,3,4,5,6]",,4,0.001370485,0.002,80
exp3,6PGC,6PGC,3,"[1,2,3,4,5,6]",,5,0.052151938,0.002,80
exp3,6PGC,6PGC,3,"[1,2,3,4,5,6]",,6,0.63501022,0.002,80
exp3,6PGC,6PGC,3,"[1,2,3,4,5,6]",,0,0.208905837,0.002,160
exp3,6PGC,6PGC,3,"[1,2,3,4,5,6]",,1,0.006520515,0.002,160
exp3,6PGC,6PGC,3,"[1,2,3,4,5,6]",,2,0.00638306,0.002,160
exp3,6PGC,6PGC,3,"[1,2,3,4,5,6]",,3,0.013073418,0.002,160
exp3,6PGC,6PGC,3,"[1,2,3,4,5,6]",,4,0.006414886,0.002,160
exp3,6PGC,6PGC,3,"[1,2,3,4,5,6]",,5,0.03461789,0.002,160
exp3,6PGC,6PGC,3,"[1,2,3,4,5,6]",,6,0.724084394,0.002,160
exp3,AcCoA,AcCoA,3,"[1,2,3,4,5,6,7,8,9,10,11,12,13,14,15,16,17,18,19,20,21,22,23]",,0,0.973268915,0.002,0
exp3,AcCoA,AcCoA,3,"[1,2,3,4,5,6,7,8,9,10,11,12,13,14,15,16,17,18,19,20,21,22,23]",,1,NA,0.002,0
exp3,AcCoA,AcCoA,3,"[1,2,3,4,5,6,7,8,9,10,11,12,13,14,15,16,17,18,19,20,21,22,23]",,2,NA,0.002,0
exp3,AcCoA,AcCoA,3,"[1,2,3,4,5,6,7,8,9,10,11,12,13,14,15,16,17,18,19,20,21,22,23]",,3,NA,0.002,0
exp3,AcCoA,AcCoA,3,"[1,2,3,4,5,6,7,8,9,10,11,12,13,14,15,16,17,18,19,20,21,22,23]",,4,0.00094,0.002,0
exp3,AcCoA,AcCoA,3,"[1,2,3,4,5,6,7,8,9,10,11,12,13,14,15,16,17,18,19,20,21,22,23]",,5,0.00096,0.002,0
exp3,AcCoA,AcCoA,3,"[1,2,3,4,5,6,7,8,9,10,11,12,13,14,15,16,17,18,19,20,21,22,23]",,6,0.00217533,0.002,0
exp3,AcCoA,AcCoA,3,"[1,2,3,4,5,6,7,8,9,10,11,12,13,14,15,16,17,18,19,20,21,22,23]",,7,0.002797897,0.002,0
exp3,AcCoA,AcCoA,3,"[1,2,3,4,5,6,7,8,9,10,11,12,13,14,15,16,17,18,19,20,21,22,23]",,8,0.000748,0.002,0
exp3,AcCoA,AcCoA,3,"[1,2,3,4,5,6,7,8,9,10,11,12,13,14,15,16,17,18,19,20,21,22,23]",,9,0.001084933,0.002,0
exp3,AcCoA,AcCoA,3,"[1,2,3,4,5,6,7,8,9,10,11,12,13,14,15,16,17,18,19,20,21,22,23]",,10,0.001153482,0.002,0
exp3,AcCoA,AcCoA,3,"[1,2,3,4,5,6,7,8,9,10,11,12,13,14,15,16,17,18,19,20,21,22,23]",,11,0.000941,0.002,0
exp3,AcCoA,AcCoA,3,"[1,2,3,4,5,6,7,8,9,10,11,12,13,14,15,16,17,18,19,20,21,22,23]",,12,0.002805838,0.002,0
exp3,AcCoA,AcCoA,3,"[1,2,3,4,5,6,7,8,9,10,11,12,13,14,15,16,17,18,19,20,21,22,23]",,13,0.002678775,0.002,0
exp3,AcCoA,AcCoA,3,"[1,2,3,4,5,6,7,8,9,10,11,12,13,14,15,16,17,18,19,20,21,22,23]",,14,NA,0.002,0
exp3,AcCoA,AcCoA,3,"[1,2,3,4,5,6,7,8,9,10,11,12,13,14,15,16,17,18,19,20,21,22,23]",,15,NA,0.002,0
exp3,AcCoA,AcCoA,3,"[1,2,3,4,5,6,7,8,9,10,11,12,13,14,15,16,17,18,19,20,21,22,23]",,16,NA,0.002,0
exp3,AcCoA,AcCoA,3,"[1,2,3,4,5,6,7,8,9,10,11,12,13,14,15,16,17,18,19,20,21,22,23]",,17,0.001604486,0.002,0
exp3,AcCoA,AcCoA,3,"[1,2,3,4,5,6,7,8,9,10,11,12,13,14,15,16,17,18,19,20,21,22,23]",,18,0.001341315,0.002,0
exp3,AcCoA,AcCoA,3,"[1,2,3,4,5,6,7,8,9,10,11,12,13,14,15,16,17,18,19,20,21,22,23]",,19,0.001375325,0.002,0
exp3,AcCoA,AcCoA,3,"[1,2,3,4,5,6,7,8,9,10,11,12,13,14,15,16,17,18,19,20,21,22,23]",,20,0.000791,0.002,0
exp3,AcCoA,AcCoA,3,"[1,2,3,4,5,6,7,8,9,10,11,12,13,14,15,16,17,18,19,20,21,22,23]",,21,0.002469118,0.002,0
exp3,AcCoA,AcCoA,3,"[1,2,3,4,5,6,7,8,9,10,11,12,13,14,15,16,17,18,19,20,21,22,23]",,22,0.001456104,0.002,0
exp3,AcCoA,AcCoA,3,"[1,2,3,4,5,6,7,8,9,10,11,12,13,14,15,16,17,18,19,20,21,22,23]",,23,0.001407017,0.002,0
exp3,AcCoA,AcCoA,3,"[1,2,3,4,5,6,7,8,9,10,11,12,13,14,15,16,17,18,19,20,21,22,23]",,0,0.847010368,0.002,10
exp3,AcCoA,AcCoA,3,"[1,2,3,4,5,6,7,8,9,10,11,12,13,14,15,16,17,18,19,20,21,22,23]",,1,0.019037768,0.002,10
exp3,AcCoA,AcCoA,3,"[1,2,3,4,5,6,7,8,9,10,11,12,13,14,15,16,17,18,19,20,21,22,23]",,2,0.077494434,0.002,10
exp3,AcCoA,AcCoA,3,"[1,2,3,4,5,6,7,8,9,10,11,12,13,14,15,16,17,18,19,20,21,22,23]",,3,0.003980244,0.002,10
exp3,AcCoA,AcCoA,3,"[1,2,3,4,5,6,7,8,9,10,11,12,13,14,15,16,17,18,19,20,21,22,23]",,4,0.000868,0.002,10
exp3,AcCoA,AcCoA,3,"[1,2,3,4,5,6,7,8,9,10,11,12,13,14,15,16,17,18,19,20,21,22,23]",,5,0.004888272,0.002,10
exp3,AcCoA,AcCoA,3,"[1,2,3,4,5,6,7,8,9,10,11,12,13,14,15,16,17,18,19,20,21,22,23]",,6,NA,0.002,10
exp3,AcCoA,AcCoA,3,"[1,2,3,4,5,6,7,8,9,10,11,12,13,14,15,16,17,18,19,20,21,22,23]",,7,0.001297463,0.002,10
exp3,AcCoA,AcCoA,3,"[1,2,3,4,5,6,7,8,9,10,11,12,13,14,15,16,17,18,19,20,21,22,23]",,8,0.002475502,0.002,10
exp3,AcCoA,AcCoA,3,"[1,2,3,4,5,6,7,8,9,10,11,12,13,14,15,16,17,18,19,20,21,22,23]",,9,0.005187267,0.002,10
exp3,AcCoA,AcCoA,3,"[1,2,3,4,5,6,7,8,9,10,11,12,13,14,15,16,17,18,19,20,21,22,23]",,10,0.00179399,0.002,10
exp3,AcCoA,AcCoA,3,"[1,2,3,4,5,6,7,8,9,10,11,12,13,14,15,16,17,18,19,20,21,22,23]",,11,0.002819557,0.002,10
exp3,AcCoA,AcCoA,3,"[1,2,3,4,5,6,7,8,9,10,11,12,13,14,15,16,17,18,19,20,21,22,23]",,12,0.00127349,0.002,10
exp3,AcCoA,AcCoA,3,"[1,2,3,4,5,6,7,8,9,10,11,12,13,14,15,16,17,18,19,20,21,22,23]",,13,0.003215166,0.002,10
exp3,AcCoA,AcCoA,3,"[1,2,3,4,5,6,7,8,9,10,11,12,13,14,15,16,17,18,19,20,21,22,23]",,14,0.005330611,0.002,10
exp3,AcCoA,AcCoA,3,"[1,2,3,4,5,6,7,8,9,10,11,12,13,14,15,16,17,18,19,20,21,22,23]",,15,0.001401392,0.002,10
exp3,AcCoA,AcCoA,3,"[1,2,3,4,5,6,7,8,9,10,11,12,13,14,15,16,17,18,19,20,21,22,23]",,16,0.001136024,0.002,10
exp3,AcCoA,AcCoA,3,"[1,2,3,4,5,6,7,8,9,10,11,12,13,14,15,16,17,18,19,20,21,22,23]",,17,0.001824931,0.002,10
exp3,AcCoA,AcCoA,3,"[1,2,3,4,5,6,7,8,9,10,11,12,13,14,15,16,17,18,19,20,21,22,23]",,18,0.003073248,0.002,10
exp3,AcCoA,AcCoA,3,"[1,2,3,4,5,6,7,8,9,10,11,12,13,14,15,16,17,18,19,20,21,22,23]",,19,0.00238231,0.002,10
exp3,AcCoA,AcCoA,3,"[1,2,3,4,5,6,7,8,9,10,11,12,13,14,15,16,17,18,19,20,21,22,23]",,20,0.00414753,0.002,10
exp3,AcCoA,AcCoA,3,"[1,2,3,4,5,6,7,8,9,10,11,12,13,14,15,16,17,18,19,20,21,22,23]",,21,NA,0.002,10
exp3,AcCoA,AcCoA,3,"[1,2,3,4,5,6,7,8,9,10,11,12,13,14,15,16,17,18,19,20,21,22,23]",,22,0.002920407,0.002,10
exp3,AcCoA,AcCoA,3,"[1,2,3,4,5,6,7,8,9,10,11,12,13,14,15,16,17,18,19,20,21,22,23]",,23,0.006441709,0.002,10
exp3,AcCoA,AcCoA,3,"[1,2,3,4,5,6,7,8,9,10,11,12,13,14,15,16,17,18,19,20,21,22,23]",,0,0.815876867,0.002,20
exp3,AcCoA,AcCoA,3,"[1,2,3,4,5,6,7,8,9,10,11,12,13,14,15,16,17,18,19,20,21,22,23]",,1,0.012682303,0.002,20
exp3,AcCoA,AcCoA,3,"[1,2,3,4,5,6,7,8,9,10,11,12,13,14,15,16,17,18,19,20,21,22,23]",,2,0.133533884,0.002,20
exp3,AcCoA,AcCoA,3,"[1,2,3,4,5,6,7,8,9,10,11,12,13,14,15,16,17,18,19,20,21,22,23]",,3,NA,0.002,20
exp3,AcCoA,AcCoA,3,"[1,2,3,4,5,6,7,8,9,10,11,12,13,14,15,16,17,18,19,20,21,22,23]",,4,NA,0.002,20
exp3,AcCoA,AcCoA,3,"[1,2,3,4,5,6,7,8,9,10,11,12,13,14,15,16,17,18,19,20,21,22,23]",,5,NA,0.002,20
exp3,AcCoA,AcCoA,3,"[1,2,3,4,5,6,7,8,9,10,11,12,13,14,15,16,17,18,19,20,21,22,23]",,6,NA,0.002,20
exp3,AcCoA,AcCoA,3,"[1,2,3,4,5,6,7,8,9,10,11,12,13,14,15,16,17,18,19,20,21,22,23]",,7,0.002768842,0.002,20
exp3,AcCoA,AcCoA,3,"[1,2,3,4,5,6,7,8,9,10,11,12,13,14,15,16,17,18,19,20,21,22,23]",,8,0.002611152,0.002,20
exp3,AcCoA,AcCoA,3,"[1,2,3,4,5,6,7,8,9,10,11,12,13,14,15,16,17,18,19,20,21,22,23]",,9,0.003060193,0.002,20
exp3,AcCoA,AcCoA,3,"[1,2,3,4,5,6,7,8,9,10,11,12,13,14,15,16,17,18,19,20,21,22,23]",,10,0.000945,0.002,20
exp3,AcCoA,AcCoA,3,"[1,2,3,4,5,6,7,8,9,10,11,12,13,14,15,16,17,18,19,20,21,22,23]",,11,0.00277764,0.002,20
exp3,AcCoA,AcCoA,3,"[1,2,3,4,5,6,7,8,9,10,11,12,13,14,15,16,17,18,19,20,21,22,23]",,12,0.002033489,0.002,20
exp3,AcCoA,AcCoA,3,"[1,2,3,4,5,6,7,8,9,10,11,12,13,14,15,16,17,18,19,20,21,22,23]",,13,0.002240582,0.002,20
exp3,AcCoA,AcCoA,3,"[1,2,3,4,5,6,7,8,9,10,11,12,13,14,15,16,17,18,19,20,21,22,23]",,14,0.002957164,0.002,20
exp3,AcCoA,AcCoA,3,"[1,2,3,4,5,6,7,8,9,10,11,12,13,14,15,16,17,18,19,20,21,22,23]",,15,0.001982429,0.002,20
exp3,AcCoA,AcCoA,3,"[1,2,3,4,5,6,7,8,9,10,11,12,13,14,15,16,17,18,19,20,21,22,23]",,16,0.001354725,0.002,20
exp3,AcCoA,AcCoA,3,"[1,2,3,4,5,6,7,8,9,10,11,12,13,14,15,16,17,18,19,20,21,22,23]",,17,0.001130789,0.002,20
exp3,AcCoA,AcCoA,3,"[1,2,3,4,5,6,7,8,9,10,11,12,13,14,15,16,17,18,19,20,21,22,23]",,18,0.003850047,0.002,20
exp3,AcCoA,AcCoA,3,"[1,2,3,4,5,6,7,8,9,10,11,12,13,14,15,16,17,18,19,20,21,22,23]",,19,0.002478048,0.002,20
exp3,AcCoA,AcCoA,3,"[1,2,3,4,5,6,7,8,9,10,11,12,13,14,15,16,17,18,19,20,21,22,23]",,20,0.000942,0.002,20
exp3,AcCoA,AcCoA,3,"[1,2,3,4,5,6,7,8,9,10,11,12,13,14,15,16,17,18,19,20,21,22,23]",,21,0.002211002,0.002,20
exp3,AcCoA,AcCoA,3,"[1,2,3,4,5,6,7,8,9,10,11,12,13,14,15,16,17,18,19,20,21,22,23]",,22,0.001585477,0.002,20
exp3,AcCoA,AcCoA,3,"[1,2,3,4,5,6,7,8,9,10,11,12,13,14,15,16,17,18,19,20,21,22,23]",,23,0.002978049,0.002,20
exp3,AcCoA,AcCoA,3,"[1,2,3,4,5,6,7,8,9,10,11,12,13,14,15,16,17,18,19,20,21,22,23]",,0,0.796910555,0.002,40
exp3,AcCoA,AcCoA,3,"[1,2,3,4,5,6,7,8,9,10,11,12,13,14,15,16,17,18,19,20,21,22,23]",,1,NA,0.002,40
exp3,AcCoA,AcCoA,3,"[1,2,3,4,5,6,7,8,9,10,11,12,13,14,15,16,17,18,19,20,21,22,23]",,2,0.170869616,0.002,40
exp3,AcCoA,AcCoA,3,"[1,2,3,4,5,6,7,8,9,10,11,12,13,14,15,16,17,18,19,20,21,22,23]",,3,NA,0.002,40
exp3,AcCoA,AcCoA,3,"[1,2,3,4,5,6,7,8,9,10,11,12,13,14,15,16,17,18,19,20,21,22,23]",,4,NA,0.002,40
exp3,AcCoA,AcCoA,3,"[1,2,3,4,5,6,7,8,9,10,11,12,13,14,15,16,17,18,19,20,21,22,23]",,5,0.000525,0.002,40
exp3,AcCoA,AcCoA,3,"[1,2,3,4,5,6,7,8,9,10,11,12,13,14,15,16,17,18,19,20,21,22,23]",,6,0.000908,0.002,40
exp3,AcCoA,AcCoA,3,"[1,2,3,4,5,6,7,8,9,10,11,12,13,14,15,16,17,18,19,20,21,22,23]",,7,0.003062143,0.002,40
exp3,AcCoA,AcCoA,3,"[1,2,3,4,5,6,7,8,9,10,11,12,13,14,15,16,17,18,19,20,21,22,23]",,8,0.001096525,0.002,40
exp3,AcCoA,AcCoA,3,"[1,2,3,4,5,6,7,8,9,10,11,12,13,14,15,16,17,18,19,20,21,22,23]",,9,0.000907,0.002,40
exp3,AcCoA,AcCoA,3,"[1,2,3,4,5,6,7,8,9,10,11,12,13,14,15,16,17,18,19,20,21,22,23]",,10,0.000853,0.002,40
exp3,AcCoA,AcCoA,3,"[1,2,3,4,5,6,7,8,9,10,11,12,13,14,15,16,17,18,19,20,21,22,23]",,11,NA,0.002,40
exp3,AcCoA,AcCoA,3,"[1,2,3,4,5,6,7,8,9,10,11,12,13,14,15,16,17,18,19,20,21,22,23]",,12,0.005762485,0.002,40
exp3,AcCoA,AcCoA,3,"[1,2,3,4,5,6,7,8,9,10,11,12,13,14,15,16,17,18,19,20,21,22,23]",,13,0.001594873,0.002,40
exp3,AcCoA,AcCoA,3,"[1,2,3,4,5,6,7,8,9,10,11,12,13,14,15,16,17,18,19,20,21,22,23]",,14,0.000524,0.002,40
exp3,AcCoA,AcCoA,3,"[1,2,3,4,5,6,7,8,9,10,11,12,13,14,15,16,17,18,19,20,21,22,23]",,15,0.002236312,0.002,40
exp3,AcCoA,AcCoA,3,"[1,2,3,4,5,6,7,8,9,10,11,12,13,14,15,16,17,18,19,20,21,22,23]",,16,0.003506151,0.002,40
exp3,AcCoA,AcCoA,3,"[1,2,3,4,5,6,7,8,9,10,11,12,13,14,15,16,17,18,19,20,21,22,23]",,17,0.000749,0.002,40
exp3,AcCoA,AcCoA,3,"[1,2,3,4,5,6,7,8,9,10,11,12,13,14,15,16,17,18,19,20,21,22,23]",,18,0.002452877,0.002,40
exp3,AcCoA,AcCoA,3,"[1,2,3,4,5,6,7,8,9,10,11,12,13,14,15,16,17,18,19,20,21,22,23]",,19,0.000879,0.002,40
exp3,AcCoA,AcCoA,3,"[1,2,3,4,5,6,7,8,9,10,11,12,13,14,15,16,17,18,19,20,21,22,23]",,20,0.002588387,0.002,40
exp3,AcCoA,AcCoA,3,"[1,2,3,4,5,6,7,8,9,10,11,12,13,14,15,16,17,18,19,20,21,22,23]",,21,0.000988,0.002,40
exp3,AcCoA,AcCoA,3,"[1,2,3,4,5,6,7,8,9,10,11,12,13,14,15,16,17,18,19,20,21,22,23]",,22,0.002443605,0.002,40
exp3,AcCoA,AcCoA,3,"[1,2,3,4,5,6,7,8,9,10,11,12,13,14,15,16,17,18,19,20,21,22,23]",,23,0.001143185,0.002,40
exp3,AcCoA,AcCoA,3,"[1,2,3,4,5,6,7,8,9,10,11,12,13,14,15,16,17,18,19,20,21,22,23]",,0,0.720459327,0.002,80
exp3,AcCoA,AcCoA,3,"[1,2,3,4,5,6,7,8,9,10,11,12,13,14,15,16,17,18,19,20,21,22,23]",,1,0.015128427,0.002,80
exp3,AcCoA,AcCoA,3,"[1,2,3,4,5,6,7,8,9,10,11,12,13,14,15,16,17,18,19,20,21,22,23]",,2,0.207469365,0.002,80
exp3,AcCoA,AcCoA,3,"[1,2,3,4,5,6,7,8,9,10,11,12,13,14,15,16,17,18,19,20,21,22,23]",,3,NA,0.002,80
exp3,AcCoA,AcCoA,3,"[1,2,3,4,5,6,7,8,9,10,11,12,13,14,15,16,17,18,19,20,21,22,23]",,4,NA,0.002,80
exp3,AcCoA,AcCoA,3,"[1,2,3,4,5,6,7,8,9,10,11,12,13,14,15,16,17,18,19,20,21,22,23]",,5,0.013686792,0.002,80
exp3,AcCoA,AcCoA,3,"[1,2,3,4,5,6,7,8,9,10,11,12,13,14,15,16,17,18,19,20,21,22,23]",,6,0.000225,0.002,80
exp3,AcCoA,AcCoA,3,"[1,2,3,4,5,6,7,8,9,10,11,12,13,14,15,16,17,18,19,20,21,22,23]",,7,0.001537813,0.002,80
exp3,AcCoA,AcCoA,3,"[1,2,3,4,5,6,7,8,9,10,11,12,13,14,15,16,17,18,19,20,21,22,23]",,8,0.005241683,0.002,80
exp3,AcCoA,AcCoA,3,"[1,2,3,4,5,6,7,8,9,10,11,12,13,14,15,16,17,18,19,20,21,22,23]",,9,0.002188315,0.002,80
exp3,AcCoA,AcCoA,3,"[1,2,3,4,5,6,7,8,9,10,11,12,13,14,15,16,17,18,19,20,21,22,23]",,10,0.003596673,0.002,80
exp3,AcCoA,AcCoA,3,"[1,2,3,4,5,6,7,8,9,10,11,12,13,14,15,16,17,18,19,20,21,22,23]",,11,0.002500782,0.002,80
exp3,AcCoA,AcCoA,3,"[1,2,3,4,5,6,7,8,9,10,11,12,13,14,15,16,17,18,19,20,21,22,23]",,12,0.003448836,0.002,80
exp3,AcCoA,AcCoA,3,"[1,2,3,4,5,6,7,8,9,10,11,12,13,14,15,16,17,18,19,20,21,22,23]",,13,0.0016619,0.002,80
exp3,AcCoA,AcCoA,3,"[1,2,3,4,5,6,7,8,9,10,11,12,13,14,15,16,17,18,19,20,21,22,23]",,14,0.003009057,0.002,80
exp3,AcCoA,AcCoA,3,"[1,2,3,4,5,6,7,8,9,10,11,12,13,14,15,16,17,18,19,20,21,22,23]",,15,NA,0.002,80
exp3,AcCoA,AcCoA,3,"[1,2,3,4,5,6,7,8,9,10,11,12,13,14,15,16,17,18,19,20,21,22,23]",,16,0.002131042,0.002,80
exp3,AcCoA,AcCoA,3,"[1,2,3,4,5,6,7,8,9,10,11,12,13,14,15,16,17,18,19,20,21,22,23]",,17,0.001540185,0.002,80
exp3,AcCoA,AcCoA,3,"[1,2,3,4,5,6,7,8,9,10,11,12,13,14,15,16,17,18,19,20,21,22,23]",,18,0.002244649,0.002,80
exp3,AcCoA,AcCoA,3,"[1,2,3,4,5,6,7,8,9,10,11,12,13,14,15,16,17,18,19,20,21,22,23]",,19,0.007000532,0.002,80
exp3,AcCoA,AcCoA,3,"[1,2,3,4,5,6,7,8,9,10,11,12,13,14,15,16,17,18,19,20,21,22,23]",,20,0.001052635,0.002,80
exp3,AcCoA,AcCoA,3,"[1,2,3,4,5,6,7,8,9,10,11,12,13,14,15,16,17,18,19,20,21,22,23]",,21,0.000643,0.002,80
exp3,AcCoA,AcCoA,3,"[1,2,3,4,5,6,7,8,9,10,11,12,13,14,15,16,17,18,19,20,21,22,23]",,22,0.003570017,0.002,80
exp3,AcCoA,AcCoA,3,"[1,2,3,4,5,6,7,8,9,10,11,12,13,14,15,16,17,18,19,20,21,22,23]",,23,0.001663533,0.002,80
exp3,AcCoA,AcCoA,3,"[1,2,3,4,5,6,7,8,9,10,11,12,13,14,15,16,17,18,19,20,21,22,23]",,0,0.594488785,0.002,160
exp3,AcCoA,AcCoA,3,"[1,2,3,4,5,6,7,8,9,10,11,12,13,14,15,16,17,18,19,20,21,22,23]",,1,0.008191251,0.002,160
exp3,AcCoA,AcCoA,3,"[1,2,3,4,5,6,7,8,9,10,11,12,13,14,15,16,17,18,19,20,21,22,23]",,2,0.29714963,0.002,160
exp3,AcCoA,AcCoA,3,"[1,2,3,4,5,6,7,8,9,10,11,12,13,14,15,16,17,18,19,20,21,22,23]",,3,0.007945849,0.002,160
exp3,AcCoA,AcCoA,3,"[1,2,3,4,5,6,7,8,9,10,11,12,13,14,15,16,17,18,19,20,21,22,23]",,4,NA,0.002,160
exp3,AcCoA,AcCoA,3,"[1,2,3,4,5,6,7,8,9,10,11,12,13,14,15,16,17,18,19,20,21,22,23]",,5,0.053064146,0.002,160
exp3,AcCoA,AcCoA,3,"[1,2,3,4,5,6,7,8,9,10,11,12,13,14,15,16,17,18,19,20,21,22,23]",,6,0.001882611,0.002,160
exp3,AcCoA,AcCoA,3,"[1,2,3,4,5,6,7,8,9,10,11,12,13,14,15,16,17,18,19,20,21,22,23]",,7,0.013968605,0.002,160
exp3,AcCoA,AcCoA,3,"[1,2,3,4,5,6,7,8,9,10,11,12,13,14,15,16,17,18,19,20,21,22,23]",,8,NA,0.002,160
exp3,AcCoA,AcCoA,3,"[1,2,3,4,5,6,7,8,9,10,11,12,13,14,15,16,17,18,19,20,21,22,23]",,9,0.001797971,0.002,160
exp3,AcCoA,AcCoA,3,"[1,2,3,4,5,6,7,8,9,10,11,12,13,14,15,16,17,18,19,20,21,22,23]",,10,0.001228851,0.002,160
exp3,AcCoA,AcCoA,3,"[1,2,3,4,5,6,7,8,9,10,11,12,13,14,15,16,17,18,19,20,21,22,23]",,11,0.000543,0.002,160
exp3,AcCoA,AcCoA,3,"[1,2,3,4,5,6,7,8,9,10,11,12,13,14,15,16,17,18,19,20,21,22,23]",,12,0.002432922,0.002,160
exp3,AcCoA,AcCoA,3,"[1,2,3,4,5,6,7,8,9,10,11,12,13,14,15,16,17,18,19,20,21,22,23]",,13,0.000975,0.002,160
exp3,AcCoA,AcCoA,3,"[1,2,3,4,5,6,7,8,9,10,11,12,13,14,15,16,17,18,19,20,21,22,23]",,14,0.001960122,0.002,160
exp3,AcCoA,AcCoA,3,"[1,2,3,4,5,6,7,8,9,10,11,12,13,14,15,16,17,18,19,20,21,22,23]",,15,0.00146059,0.002,160
exp3,AcCoA,AcCoA,3,"[1,2,3,4,5,6,7,8,9,10,11,12,13,14,15,16,17,18,19,20,21,22,23]",,16,0.001340499,0.002,160
exp3,AcCoA,AcCoA,3,"[1,2,3,4,5,6,7,8,9,10,11,12,13,14,15,16,17,18,19,20,21,22,23]",,17,0.000945,0.002,160
exp3,AcCoA,AcCoA,3,"[1,2,3,4,5,6,7,8,9,10,11,12,13,14,15,16,17,18,19,20,21,22,23]",,18,0.000467,0.002,160
exp3,AcCoA,AcCoA,3,"[1,2,3,4,5,6,7,8,9,10,11,12,13,14,15,16,17,18,19,20,21,22,23]",,19,0.002733192,0.002,160
exp3,AcCoA,AcCoA,3,"[1,2,3,4,5,6,7,8,9,10,11,12,13,14,15,16,17,18,19,20,21,22,23]",,20,0.003043293,0.002,160
exp3,AcCoA,AcCoA,3,"[1,2,3,4,5,6,7,8,9,10,11,12,13,14,15,16,17,18,19,20,21,22,23]",,21,0.000291,0.002,160
exp3,AcCoA,AcCoA,3,"[1,2,3,4,5,6,7,8,9,10,11,12,13,14,15,16,17,18,19,20,21,22,23]",,22,0.002752572,0.002,160
exp3,AcCoA,AcCoA,3,"[1,2,3,4,5,6,7,8,9,10,11,12,13,14,15,16,17,18,19,20,21,22,23]",,23,0.001338017,0.002,160
exp3,Ala,Ala,3,"[1,2,3]",,0,0.996064602,0.002,0
exp3,Ala,Ala,3,"[1,2,3]",,1,NA,0.002,0
exp3,Ala,Ala,3,"[1,2,3]",,2,NA,0.002,0
exp3,Ala,Ala,3,"[1,2,3]",,3,0.003935398,0.002,0
exp3,Ala,Ala,3,"[1,2,3]",,0,0.99191357,0.002,10
exp3,Ala,Ala,3,"[1,2,3]",,1,NA,0.002,10
exp3,Ala,Ala,3,"[1,2,3]",,2,NA,0.002,10
exp3,Ala,Ala,3,"[1,2,3]",,3,0.00808643,0.002,10
exp3,Ala,Ala,3,"[1,2,3]",,0,0.993162399,0.002,20
exp3,Ala,Ala,3,"[1,2,3]",,1,NA,0.002,20
exp3,Ala,Ala,3,"[1,2,3]",,2,NA,0.002,20
exp3,Ala,Ala,3,"[1,2,3]",,3,0.006837601,0.002,20
exp3,Ala,Ala,3,"[1,2,3]",,0,0.99701071,0.002,40
exp3,Ala,Ala,3,"[1,2,3]",,1,NA,0.002,40
exp3,Ala,Ala,3,"[1,2,3]",,2,NA,0.002,40
exp3,Ala,Ala,3,"[1,2,3]",,3,0.00298929,0.002,40
exp3,Ala,Ala,3,"[1,2,3]",,0,0.992443803,0.002,80
exp3,Ala,Ala,3,"[1,2,3]",,1,NA,0.002,80
exp3,Ala,Ala,3,"[1,2,3]",,2,0.00023,0.002,80
exp3,Ala,Ala,3,"[1,2,3]",,3,0.00732609,0.002,80
exp3,Ala,Ala,3,"[1,2,3]",,0,0.990045496,0.002,160
exp3,Ala,Ala,3,"[1,2,3]",,1,NA,0.002,160
exp3,Ala,Ala,3,"[1,2,3]",,2,0.000294,0.002,160
exp3,Ala,Ala,3,"[1,2,3]",,3,0.009660075,0.002,160
exp3,DHAP,DHAP,3,"[1,2,3]",,0,0.844256461,0.002,0
exp3,DHAP,DHAP,3,"[1,2,3]",,1,0.023739739,0.002,0
exp3,DHAP,DHAP,3,"[1,2,3]",,2,0.110402375,0.002,0
exp3,DHAP,DHAP,3,"[1,2,3]",,3,0.021601425,0.002,0
exp3,DHAP,DHAP,3,"[1,2,3]",,0,0.759265964,0.002,10
exp3,DHAP,DHAP,3,"[1,2,3]",,1,0.032347878,0.002,10
exp3,DHAP,DHAP,3,"[1,2,3]",,2,0.153993467,0.002,10
exp3,DHAP,DHAP,3,"[1,2,3]",,3,0.054392691,0.002,10
exp3,DHAP,DHAP,3,"[1,2,3]",,0,0.792823608,0.002,20
exp3,DHAP,DHAP,3,"[1,2,3]",,1,0.023599737,0.002,20
exp3,DHAP,DHAP,3,"[1,2,3]",,2,0.104617893,0.002,20
exp3,DHAP,DHAP,3,"[1,2,3]",,3,0.078958763,0.002,20
exp3,DHAP,DHAP,3,"[1,2,3]",,0,0.787816349,0.002,40
exp3,DHAP,DHAP,3,"[1,2,3]",,1,0.013933036,0.002,40
exp3,DHAP,DHAP,3,"[1,2,3]",,2,0.101388975,0.002,40
exp3,DHAP,DHAP,3,"[1,2,3]",,3,0.09686164,0.002,40
exp3,DHAP,DHAP,3,"[1,2,3]",,0,0.756644573,0.002,80
exp3,DHAP,DHAP,3,"[1,2,3]",,1,0.021184387,0.002,80
exp3,DHAP,DHAP,3,"[1,2,3]",,2,0.092257182,0.002,80
exp3,DHAP,DHAP,3,"[1,2,3]",,3,0.129913859,0.002,80
exp3,DHAP,DHAP,3,"[1,2,3]",,0,0.686134756,0.002,160
exp3,DHAP,DHAP,3,"[1,2,3]",,1,0.008646175,0.002,160
exp3,DHAP,DHAP,3,"[1,2,3]",,2,0.038725613,0.002,160
exp3,DHAP,DHAP,3,"[1,2,3]",,3,0.266493456,0.002,160
exp3,F6P,F6P,3,"[1,2,3,4,5,6]",,0,0.950976942,0.002,0
exp3,F6P,F6P,3,"[1,2,3,4,5,6]",,1,0.002367553,0.002,0
exp3,F6P,F6P,3,"[1,2,3,4,5,6]",,2,0.013593987,0.002,0
exp3,F6P,F6P,3,"[1,2,3,4,5,6]",,3,0.011464637,0.002,0
exp3,F6P,F6P,3,"[1,2,3,4,5,6]",,4,0.009681514,0.002,0
exp3,F6P,F6P,3,"[1,2,3,4,5,6]",,5,0.006472643,0.002,0
exp3,F6P,F6P,3,"[1,2,3,4,5,6]",,6,0.005442725,0.002,0
exp3,F6P,F6P,3,"[1,2,3,4,5,6]",,0,0.770958741,0.002,10
exp3,F6P,F6P,3,"[1,2,3,4,5,6]",,1,0.006580957,0.002,10
exp3,F6P,F6P,3,"[1,2,3,4,5,6]",,2,0.024911046,0.002,10
exp3,F6P,F6P,3,"[1,2,3,4,5,6]",,3,0.02085158,0.002,10
exp3,F6P,F6P,3,"[1,2,3,4,5,6]",,4,0.016099251,0.002,10
exp3,F6P,F6P,3,"[1,2,3,4,5,6]",,5,0.014804893,0.002,10
exp3,F6P,F6P,3,"[1,2,3,4,5,6]",,6,0.145793531,0.002,10
exp3,F6P,F6P,3,"[1,2,3,4,5,6]",,0,0.70112695,0.002,20
exp3,F6P,F6P,3,"[1,2,3,4,5,6]",,1,0.003214138,0.002,20
exp3,F6P,F6P,3,"[1,2,3,4,5,6]",,2,0.016872197,0.002,20
exp3,F6P,F6P,3,"[1,2,3,4,5,6]",,3,0.014854629,0.002,20
exp3,F6P,F6P,3,"[1,2,3,4,5,6]",,4,0.017438671,0.002,20
exp3,F6P,F6P,3,"[1,2,3,4,5,6]",,5,0.012871605,0.002,20
exp3,F6P,F6P,3,"[1,2,3,4,5,6]",,6,0.23362181,0.002,20
exp3,F6P,F6P,3,"[1,2,3,4,5,6]",,0,0.51856715,0.002,40
exp3,F6P,F6P,3,"[1,2,3,4,5,6]",,1,0.00803638,0.002,40
exp3,F6P,F6P,3,"[1,2,3,4,5,6]",,2,0.016199469,0.002,40
exp3,F6P,F6P,3,"[1,2,3,4,5,6]",,3,0.016390978,0.002,40
exp3,F6P,F6P,3,"[1,2,3,4,5,6]",,4,NA,0.002,40
exp3,F6P,F6P,3,"[1,2,3,4,5,6]",,5,0.013529415,0.002,40
exp3,F6P,F6P,3,"[1,2,3,4,5,6]",,6,0.427276607,0.002,40
exp3,F6P,F6P,3,"[1,2,3,4,5,6]",,0,0.360988424,0.002,80
exp3,F6P,F6P,3,"[1,2,3,4,5,6]",,1,0.007192944,0.002,80
exp3,F6P,F6P,3,"[1,2,3,4,5,6]",,2,0.012261528,0.002,80
exp3,F6P,F6P,3,"[1,2,3,4,5,6]",,3,0.033472872,0.002,80
exp3,F6P,F6P,3,"[1,2,3,4,5,6]",,4,0.018334212,0.002,80
exp3,F6P,F6P,3,"[1,2,3,4,5,6]",,5,0.017957223,0.002,80
exp3,F6P,F6P,3,"[1,2,3,4,5,6]",,6,0.549792796,0.002,80
exp3,F6P,F6P,3,"[1,2,3,4,5,6]",,0,0.222241805,0.002,160
exp3,F6P,F6P,3,"[1,2,3,4,5,6]",,1,0.004572412,0.002,160
exp3,F6P,F6P,3,"[1,2,3,4,5,6]",,2,0.020602173,0.002,160
exp3,F6P,F6P,3,"[1,2,3,4,5,6]",,3,0.013353367,0.002,160
exp3,F6P,F6P,3,"[1,2,3,4,5,6]",,4,0.017792906,0.002,160
exp3,F6P,F6P,3,"[1,2,3,4,5,6]",,5,0.014443404,0.002,160
exp3,F6P,F6P,3,"[1,2,3,4,5,6]",,6,0.706993933,0.002,160
exp3,Fum,Fum,3,"[1,2,3,4]",,0,0.849434769,0.002,0
exp3,Fum,Fum,3,"[1,2,3,4]",,1,NA,0.002,0
exp3,Fum,Fum,3,"[1,2,3,4]",,2,0.036420251,0.002,0
exp3,Fum,Fum,3,"[1,2,3,4]",,3,0.054990975,0.002,0
exp3,Fum,Fum,3,"[1,2,3,4]",,4,0.059154005,0.002,0
exp3,Fum,Fum,3,"[1,2,3,4]",,0,0.779028763,0.002,20
exp3,Fum,Fum,3,"[1,2,3,4]",,1,0.003022786,0.002,20
exp3,Fum,Fum,3,"[1,2,3,4]",,2,0.031884876,0.002,20
exp3,Fum,Fum,3,"[1,2,3,4]",,3,0.136730776,0.002,20
exp3,Fum,Fum,3,"[1,2,3,4]",,4,0.049332798,0.002,20
exp3,Fum,Fum,3,"[1,2,3,4]",,0,0.877088141,0.002,40
exp3,Fum,Fum,3,"[1,2,3,4]",,1,NA,0.002,40
exp3,Fum,Fum,3,"[1,2,3,4]",,2,0.037613827,0.002,40
exp3,Fum,Fum,3,"[1,2,3,4]",,3,0.03110151,0.002,40
exp3,Fum,Fum,3,"[1,2,3,4]",,4,0.054196522,0.002,40
exp3,Fum,Fum,3,"[1,2,3,4]",,0,0.735142183,0.002,80
exp3,Fum,Fum,3,"[1,2,3,4]",,1,0.011280341,0.002,80
exp3,Fum,Fum,3,"[1,2,3,4]",,2,0.035496945,0.002,80
exp3,Fum,Fum,3,"[1,2,3,4]",,3,0.172996931,0.002,80
exp3,Fum,Fum,3,"[1,2,3,4]",,4,0.0450836,0.002,80
exp3,Fum,Fum,3,"[1,2,3,4]",,0,0.817259897,0.002,160
exp3,Fum,Fum,3,"[1,2,3,4]",,1,0.014126068,0.002,160
exp3,Fum,Fum,3,"[1,2,3,4]",,2,0.075848213,0.002,160
exp3,Fum,Fum,3,"[1,2,3,4]",,3,0.047180675,0.002,160
exp3,Fum,Fum,3,"[1,2,3,4]",,4,0.045585147,0.002,160
exp3,Glc,Glc,3,"[1,2,3,4,5,6]",,0,0.994300424,0.002,0
exp3,Glc,Glc,3,"[1,2,3,4,5,6]",,1,NA,0.002,0
exp3,Glc,Glc,3,"[1,2,3,4,5,6]",,2,NA,0.002,0
exp3,Glc,Glc,3,"[1,2,3,4,5,6]",,3,NA,0.002,0
exp3,Glc,Glc,3,"[1,2,3,4,5,6]",,4,0.005112233,0.002,0
exp3,Glc,Glc,3,"[1,2,3,4,5,6]",,5,0.00021,0.002,0
exp3,Glc,Glc,3,"[1,2,3,4,5,6]",,6,0.000377,0.002,0
exp3,Glc,Glc,3,"[1,2,3,4,5,6]",,0,0.122952097,0.002,10
exp3,Glc,Glc,3,"[1,2,3,4,5,6]",,1,NA,0.002,10
exp3,Glc,Glc,3,"[1,2,3,4,5,6]",,2,NA,0.002,10
exp3,Glc,Glc,3,"[1,2,3,4,5,6]",,3,NA,0.002,10
exp3,Glc,Glc,3,"[1,2,3,4,5,6]",,4,0.007549506,0.002,10
exp3,Glc,Glc,3,"[1,2,3,4,5,6]",,5,NA,0.002,10
exp3,Glc,Glc,3,"[1,2,3,4,5,6]",,6,0.869498397,0.002,10
exp3,Glc,Glc,3,"[1,2,3,4,5,6]",,0,0.13388563,0.002,20
exp3,Glc,Glc,3,"[1,2,3,4,5,6]",,1,NA,0.002,20
exp3,Glc,Glc,3,"[1,2,3,4,5,6]",,2,NA,0.002,20
exp3,Glc,Glc,3,"[1,2,3,4,5,6]",,3,NA,0.002,20
exp3,Glc,Glc,3,"[1,2,3,4,5,6]",,4,0.008200101,0.002,20
exp3,Glc,Glc,3,"[1,2,3,4,5,6]",,5,NA,0.002,20
exp3,Glc,Glc,3,"[1,2,3,4,5,6]",,6,0.857914268,0.002,20
exp3,Glc,Glc,3,"[1,2,3,4,5,6]",,0,0.121289843,0.002,40
exp3,Glc,Glc,3,"[1,2,3,4,5,6]",,1,NA,0.002,40
exp3,Glc,Glc,3,"[1,2,3,4,5,6]",,2,NA,0.002,40
exp3,Glc,Glc,3,"[1,2,3,4,5,6]",,3,NA,0.002,40
exp3,Glc,Glc,3,"[1,2,3,4,5,6]",,4,0.009851798,0.002,40
exp3,Glc,Glc,3,"[1,2,3,4,5,6]",,5,NA,0.002,40
exp3,Glc,Glc,3,"[1,2,3,4,5,6]",,6,0.868858359,0.002,40
exp3,Glc,Glc,3,"[1,2,3,4,5,6]",,0,0.123670646,0.002,80
exp3,Glc,Glc,3,"[1,2,3,4,5,6]",,1,NA,0.002,80
exp3,Glc,Glc,3,"[1,2,3,4,5,6]",,2,NA,0.002,80
exp3,Glc,Glc,3,"[1,2,3,4,5,6]",,3,NA,0.002,80
exp3,Glc,Glc,3,"[1,2,3,4,5,6]",,4,0.007859664,0.002,80
exp3,Glc,Glc,3,"[1,2,3,4,5,6]",,5,NA,0.002,80
exp3,Glc,Glc,3,"[1,2,3,4,5,6]",,6,0.86846969,0.002,80
exp3,Glc,Glc,3,"[1,2,3,4,5,6]",,0,0.114984367,0.002,160
exp3,Glc,Glc,3,"[1,2,3,4,5,6]",,1,NA,0.002,160
exp3,Glc,Glc,3,"[1,2,3,4,5,6]",,2,NA,0.002,160
exp3,Glc,Glc,3,"[1,2,3,4,5,6]",,3,NA,0.002,160
exp3,Glc,Glc,3,"[1,2,3,4,5,6]",,4,0.013213548,0.002,160
exp3,Glc,Glc,3,"[1,2,3,4,5,6]",,5,NA,0.002,160
exp3,Glc,Glc,3,"[1,2,3,4,5,6]",,6,0.871802085,0.002,160
exp3,G6P,G6P,3,"[1,2,3,4,5,6]",,0,0.966340115,0.002,0
exp3,G6P,G6P,3,"[1,2,3,4,5,6]",,1,NA,0.002,0
exp3,G6P,G6P,3,"[1,2,3,4,5,6]",,2,0.008683354,0.002,0
exp3,G6P,G6P,3,"[1,2,3,4,5,6]",,3,0.009177557,0.002,0
exp3,G6P,G6P,3,"[1,2,3,4,5,6]",,4,0.008367737,0.002,0
exp3,G6P,G6P,3,"[1,2,3,4,5,6]",,5,0.003807415,0.002,0
exp3,G6P,G6P,3,"[1,2,3,4,5,6]",,6,0.003623821,0.002,0
exp3,G6P,G6P,3,"[1,2,3,4,5,6]",,0,0.620060415,0.002,10
exp3,G6P,G6P,3,"[1,2,3,4,5,6]",,1,0.010906349,0.002,10
exp3,G6P,G6P,3,"[1,2,3,4,5,6]",,2,0.023536751,0.002,10
exp3,G6P,G6P,3,"[1,2,3,4,5,6]",,3,0.01761851,0.002,10
exp3,G6P,G6P,3,"[1,2,3,4,5,6]",,4,0.012903967,0.002,10
exp3,G6P,G6P,3,"[1,2,3,4,5,6]",,5,0.023978658,0.002,10
exp3,G6P,G6P,3,"[1,2,3,4,5,6]",,6,0.290995351,0.002,10
exp3,G6P,G6P,3,"[1,2,3,4,5,6]",,0,0.661444249,0.002,20
exp3,G6P,G6P,3,"[1,2,3,4,5,6]",,1,0.003915955,0.002,20
exp3,G6P,G6P,3,"[1,2,3,4,5,6]",,2,0.016521935,0.002,20
exp3,G6P,G6P,3,"[1,2,3,4,5,6]",,3,0.018148838,0.002,20
exp3,G6P,G6P,3,"[1,2,3,4,5,6]",,4,0.010015042,0.002,20
exp3,G6P,G6P,3,"[1,2,3,4,5,6]",,5,0.017144757,0.002,20
exp3,G6P,G6P,3,"[1,2,3,4,5,6]",,6,0.272809225,0.002,20
exp3,G6P,G6P,3,"[1,2,3,4,5,6]",,0,0.581003573,0.002,40
exp3,G6P,G6P,3,"[1,2,3,4,5,6]",,1,0.003632782,0.002,40
exp3,G6P,G6P,3,"[1,2,3,4,5,6]",,2,0.012634724,0.002,40
exp3,G6P,G6P,3,"[1,2,3,4,5,6]",,3,0.017697954,0.002,40
exp3,G6P,G6P,3,"[1,2,3,4,5,6]",,4,0.010803097,0.002,40
exp3,G6P,G6P,3,"[1,2,3,4,5,6]",,5,0.015403866,0.002,40
exp3,G6P,G6P,3,"[1,2,3,4,5,6]",,6,0.358824005,0.002,40
exp3,G6P,G6P,3,"[1,2,3,4,5,6]",,0,0.537647418,0.002,80
exp3,G6P,G6P,3,"[1,2,3,4,5,6]",,1,0.003774784,0.002,80
exp3,G6P,G6P,3,"[1,2,3,4,5,6]",,2,0.0119761,0.002,80
exp3,G6P,G6P,3,"[1,2,3,4,5,6]",,3,0.017743094,0.002,80
exp3,G6P,G6P,3,"[1,2,3,4,5,6]",,4,0.009485196,0.002,80
exp3,G6P,G6P,3,"[1,2,3,4,5,6]",,5,0.018862914,0.002,80
exp3,G6P,G6P,3,"[1,2,3,4,5,6]",,6,0.400510494,0.002,80
exp3,G6P,G6P,3,"[1,2,3,4,5,6]",,0,0.527341041,0.002,160
exp3,G6P,G6P,3,"[1,2,3,4,5,6]",,1,0.001020944,0.002,160
exp3,G6P,G6P,3,"[1,2,3,4,5,6]",,2,0.009423029,0.002,160
exp3,G6P,G6P,3,"[1,2,3,4,5,6]",,3,0.014027189,0.002,160
exp3,G6P,G6P,3,"[1,2,3,4,5,6]",,4,0.006914445,0.002,160
exp3,G6P,G6P,3,"[1,2,3,4,5,6]",,5,0.013267885,0.002,160
exp3,G6P,G6P,3,"[1,2,3,4,5,6]",,6,0.428005466,0.002,160
exp3,GAP,GAP,3,"[1,2,3]",,0,0.91348494,0.002,0
exp3,GAP,GAP,3,"[1,2,3]",,1,0.021732633,0.002,0
exp3,GAP,GAP,3,"[1,2,3]",,2,0.060441329,0.002,0
exp3,GAP,GAP,3,"[1,2,3]",,3,0.004341099,0.002,0
exp3,GAP,GAP,3,"[1,2,3]",,0,0.393586683,0.002,10
exp3,GAP,GAP,3,"[1,2,3]",,1,0.043928396,0.002,10
exp3,GAP,GAP,3,"[1,2,3]",,2,0.108297752,0.002,10
exp3,GAP,GAP,3,"[1,2,3]",,3,0.454187169,0.002,10
exp3,GAP,GAP,3,"[1,2,3]",,0,0.384575102,0.002,20
exp3,GAP,GAP,3,"[1,2,3]",,1,0.036378849,0.002,20
exp3,GAP,GAP,3,"[1,2,3]",,2,0.076177455,0.002,20
exp3,GAP,GAP,3,"[1,2,3]",,3,0.502868594,0.002,20
exp3,GAP,GAP,3,"[1,2,3]",,0,0.343002892,0.002,40
exp3,GAP,GAP,3,"[1,2,3]",,1,0.035035518,0.002,40
exp3,GAP,GAP,3,"[1,2,3]",,2,0.073807737,0.002,40
exp3,GAP,GAP,3,"[1,2,3]",,3,0.548153854,0.002,40
exp3,GAP,GAP,3,"[1,2,3]",,0,0.288462205,0.002,80
exp3,GAP,GAP,3,"[1,2,3]",,1,0.038036676,0.002,80
exp3,GAP,GAP,3,"[1,2,3]",,2,0.07482363,0.002,80
exp3,GAP,GAP,3,"[1,2,3]",,3,0.598677489,0.002,80
exp3,GAP,GAP,3,"[1,2,3]",,0,0.198699937,0.002,160
exp3,GAP,GAP,3,"[1,2,3]",,1,0.026092011,0.002,160
exp3,GAP,GAP,3,"[1,2,3]",,2,0.048819647,0.002,160
exp3,GAP,GAP,3,"[1,2,3]",,3,0.726388405,0.002,160
exp3,Asp,Asp,3,"[1,2,3,4]",,0,0.553644798,0.002,0
exp3,Asp,Asp,3,"[1,2,3,4]",,1,NA,0.002,0
exp3,Asp,Asp,3,"[1,2,3,4]",,2,NA,0.002,0
exp3,Asp,Asp,3,"[1,2,3,4]",,3,NA,0.002,0
exp3,Asp,Asp,3,"[1,2,3,4]",,4,0.446355202,0.002,0
exp3,Asp,Asp,3,"[1,2,3,4]",,0,0.506646104,0.002,10
exp3,Asp,Asp,3,"[1,2,3,4]",,1,NA,0.002,10
exp3,Asp,Asp,3,"[1,2,3,4]",,2,NA,0.002,10
exp3,Asp,Asp,3,"[1,2,3,4]",,3,NA,0.002,10
exp3,Asp,Asp,3,"[1,2,3,4]",,4,0.493353896,0.002,10
exp3,Asp,Asp,3,"[1,2,3,4]",,0,0.601086534,0.002,20
exp3,Asp,Asp,3,"[1,2,3,4]",,1,NA,0.002,20
exp3,Asp,Asp,3,"[1,2,3,4]",,2,0.000541,0.002,20
exp3,Asp,Asp,3,"[1,2,3,4]",,3,NA,0.002,20
exp3,Asp,Asp,3,"[1,2,3,4]",,4,0.398372891,0.002,20
exp3,Asp,Asp,3,"[1,2,3,4]",,0,0.538904724,0.002,40
exp3,Asp,Asp,3,"[1,2,3,4]",,1,NA,0.002,40
exp3,Asp,Asp,3,"[1,2,3,4]",,2,0.009794,0.002,40
exp3,Asp,Asp,3,"[1,2,3,4]",,3,0.006373442,0.002,40
exp3,Asp,Asp,3,"[1,2,3,4]",,4,0.444927833,0.002,40
exp3,Asp,Asp,3,"[1,2,3,4]",,0,0.522665514,0.002,80
exp3,Asp,Asp,3,"[1,2,3,4]",,1,NA,0.002,80
exp3,Asp,Asp,3,"[1,2,3,4]",,2,0.017347212,0.002,80
exp3,Asp,Asp,3,"[1,2,3,4]",,3,0.006055288,0.002,80
exp3,Asp,Asp,3,"[1,2,3,4]",,4,0.453931986,0.002,80
exp3,Asp,Asp,3,"[1,2,3,4]",,0,0.429602122,0.002,160
exp3,Asp,Asp,3,"[1,2,3,4]",,1,0.005618251,0.002,160
exp3,Asp,Asp,3,"[1,2,3,4]",,2,0.041488828,0.002,160
exp3,Asp,Asp,3,"[1,2,3,4]",,3,0.018673993,0.002,160
exp3,Asp,Asp,3,"[1,2,3,4]",,4,0.504616805,0.002,160
exp3,Glu,Glu,3,"[1,2,3,4,5]",,0,0.639824297,0.002,0
exp3,Glu,Glu,3,"[1,2,3,4,5]",,1,0.130023853,0.002,0
exp3,Glu,Glu,3,"[1,2,3,4,5]",,2,0.00778436,0.002,0
exp3,Glu,Glu,3,"[1,2,3,4,5]",,3,NA,0.002,0
exp3,Glu,Glu,3,"[1,2,3,4,5]",,4,NA,0.002,0
exp3,Glu,Glu,3,"[1,2,3,4,5]",,5,0.22236749,0.002,0
exp3,Glu,Glu,3,"[1,2,3,4,5]",,0,0.654575518,0.002,10
exp3,Glu,Glu,3,"[1,2,3,4,5]",,1,0.088502009,0.002,10
exp3,Glu,Glu,3,"[1,2,3,4,5]",,2,0.01655017,0.002,10
exp3,Glu,Glu,3,"[1,2,3,4,5]",,3,NA,0.002,10
exp3,Glu,Glu,3,"[1,2,3,4,5]",,4,NA,0.002,10
exp3,Glu,Glu,3,"[1,2,3,4,5]",,5,0.240372303,0.002,10
exp3,Glu,Glu,3,"[1,2,3,4,5]",,0,0.611091653,0.002,20
exp3,Glu,Glu,3,"[1,2,3,4,5]",,1,0.148680581,0.002,20
exp3,Glu,Glu,3,"[1,2,3,4,5]",,2,0.059281074,0.002,20
exp3,Glu,Glu,3,"[1,2,3,4,5]",,3,NA,0.002,20
exp3,Glu,Glu,3,"[1,2,3,4,5]",,4,NA,0.002,20
exp3,Glu,Glu,3,"[1,2,3,4,5]",,5,0.180946693,0.002,20
exp3,Glu,Glu,3,"[1,2,3,4,5]",,0,0.598312987,0.002,40
exp3,Glu,Glu,3,"[1,2,3,4,5]",,1,0.098338655,0.002,40
exp3,Glu,Glu,3,"[1,2,3,4,5]",,2,0.107637592,0.002,40
exp3,Glu,Glu,3,"[1,2,3,4,5]",,3,0.000895,0.002,40
exp3,Glu,Glu,3,"[1,2,3,4,5]",,4,NA,0.002,40
exp3,Glu,Glu,3,"[1,2,3,4,5]",,5,0.194816012,0.002,40
exp3,Glu,Glu,3,"[1,2,3,4,5]",,0,0.535217942,0.002,80
exp3,Glu,Glu,3,"[1,2,3,4,5]",,1,0.115841318,0.002,80
exp3,Glu,Glu,3,"[1,2,3,4,5]",,2,0.178608548,0.002,80
exp3,Glu,Glu,3,"[1,2,3,4,5]",,3,0.005066616,0.002,80
exp3,Glu,Glu,3,"[1,2,3,4,5]",,4,NA,0.002,80
exp3,Glu,Glu,3,"[1,2,3,4,5]",,5,0.165265576,0.002,80
exp3,Glu,Glu,3,"[1,2,3,4,5]",,0,0.475216241,0.002,160
exp3,Glu,Glu,3,"[1,2,3,4,5]",,1,0.104877551,0.002,160
exp3,Glu,Glu,3,"[1,2,3,4,5]",,2,0.234420383,0.002,160
exp3,Glu,Glu,3,"[1,2,3,4,5]",,3,0.025581733,0.002,160
exp3,Glu,Glu,3,"[1,2,3,4,5]",,4,0.015758344,0.002,160
exp3,Glu,Glu,3,"[1,2,3,4,5]",,5,0.144145749,0.002,160
exp3,Gln,Gln,3,"[1,2,3,4,5]",,0,0.893017891,0.002,0
exp3,Gln,Gln,3,"[1,2,3,4,5]",,1,0.102476848,0.002,0
exp3,Gln,Gln,3,"[1,2,3,4,5]",,2,0.004499317,0.002,0
exp3,Gln,Gln,3,"[1,2,3,4,5]",,3,NA,0.002,0
exp3,Gln,Gln,3,"[1,2,3,4,5]",,4,NA,0.002,0
exp3,Gln,Gln,3,"[1,2,3,4,5]",,5,5.94E-06,0.002,0
exp3,Gln,Gln,3,"[1,2,3,4,5]",,0,0.921568799,0.002,10
exp3,Gln,Gln,3,"[1,2,3,4,5]",,1,0.075216187,0.002,10
exp3,Gln,Gln,3,"[1,2,3,4,5]",,2,0.003212984,0.002,10
exp3,Gln,Gln,3,"[1,2,3,4,5]",,3,NA,0.002,10
exp3,Gln,Gln,3,"[1,2,3,4,5]",,4,NA,0.002,10
exp3,Gln,Gln,3,"[1,2,3,4,5]",,5,2.03E-06,0.002,10
exp3,Gln,Gln,3,"[1,2,3,4,5]",,0,0.894173229,0.002,20
exp3,Gln,Gln,3,"[1,2,3,4,5]",,1,0.102622157,0.002,20
exp3,Gln,Gln,3,"[1,2,3,4,5]",,2,0.003201934,0.002,20
exp3,Gln,Gln,3,"[1,2,3,4,5]",,3,NA,0.002,20
exp3,Gln,Gln,3,"[1,2,3,4,5]",,4,NA,0.002,20
exp3,Gln,Gln,3,"[1,2,3,4,5]",,5,2.68E-06,0.002,20
exp3,Gln,Gln,3,"[1,2,3,4,5]",,0,0.867998659,0.002,40
exp3,Gln,Gln,3,"[1,2,3,4,5]",,1,0.123424988,0.002,40
exp3,Gln,Gln,3,"[1,2,3,4,5]",,2,0.00857035,0.002,40
exp3,Gln,Gln,3,"[1,2,3,4,5]",,3,NA,0.002,40
exp3,Gln,Gln,3,"[1,2,3,4,5]",,4,NA,0.002,40
exp3,Gln,Gln,3,"[1,2,3,4,5]",,5,6.00E-06,0.002,40
exp3,Gln,Gln,3,"[1,2,3,4,5]",,0,0.891298977,0.002,80
exp3,Gln,Gln,3,"[1,2,3,4,5]",,1,0.099165073,0.002,80
exp3,Gln,Gln,3,"[1,2,3,4,5]",,2,0.0095222,0.002,80
exp3,Gln,Gln,3,"[1,2,3,4,5]",,3,NA,0.002,80
exp3,Gln,Gln,3,"[1,2,3,4,5]",,4,NA,0.002,80
exp3,Gln,Gln,3,"[1,2,3,4,5]",,5,1.38E-05,0.002,80
exp3,Gln,Gln,3,"[1,2,3,4,5]",,0,0.856843122,0.002,160
exp3,Gln,Gln,3,"[1,2,3,4,5]",,1,0.129163703,0.002,160
exp3,Gln,Gln,3,"[1,2,3,4,5]",,2,0.013946787,0.002,160
exp3,Gln,Gln,3,"[1,2,3,4,5]",,3,NA,0.002,160
exp3,Gln,Gln,3,"[1,2,3,4,5]",,4,NA,0.002,160
exp3,Gln,Gln,3,"[1,2,3,4,5]",,5,4.64E-05,0.002,160
exp3,Lac,Lac,3,"[1,2,3]",,0,1,0.002,0
exp3,Lac,Lac,3,"[1,2,3]",,1,NA,0.002,0
exp3,Lac,Lac,3,"[1,2,3]",,2,NA,0.002,0
exp3,Lac,Lac,3,"[1,2,3]",,3,NA,0.002,0
exp3,Lac,Lac,3,"[1,2,3]",,0,0.780964644,0.002,10
exp3,Lac,Lac,3,"[1,2,3]",,1,NA,0.002,10
exp3,Lac,Lac,3,"[1,2,3]",,2,NA,0.002,10
exp3,Lac,Lac,3,"[1,2,3]",,3,0.219035356,0.002,10
exp3,Lac,Lac,3,"[1,2,3]",,0,0.717343976,0.002,20
exp3,Lac,Lac,3,"[1,2,3]",,1,NA,0.002,20
exp3,Lac,Lac,3,"[1,2,3]",,2,NA,0.002,20
exp3,Lac,Lac,3,"[1,2,3]",,3,0.282656024,0.002,20
exp3,Lac,Lac,3,"[1,2,3]",,0,0.766884485,0.002,40
exp3,Lac,Lac,3,"[1,2,3]",,1,NA,0.002,40
exp3,Lac,Lac,3,"[1,2,3]",,2,NA,0.002,40
exp3,Lac,Lac,3,"[1,2,3]",,3,0.233115515,0.002,40
exp3,Lac,Lac,3,"[1,2,3]",,0,0.720912961,0.002,80
exp3,Lac,Lac,3,"[1,2,3]",,1,NA,0.002,80
exp3,Lac,Lac,3,"[1,2,3]",,2,NA,0.002,80
exp3,Lac,Lac,3,"[1,2,3]",,3,0.279087039,0.002,80
exp3,Lac,Lac,3,"[1,2,3]",,0,0.663019636,0.002,160
exp3,Lac,Lac,3,"[1,2,3]",,1,0.003096127,0.002,160
exp3,Lac,Lac,3,"[1,2,3]",,2,NA,0.002,160
exp3,Lac,Lac,3,"[1,2,3]",,3,0.333884237,0.002,160
exp3,Mal,Mal,3,"[1,2,3,4]",,0,0.941971274,0.002,0
exp3,Mal,Mal,3,"[1,2,3,4]",,1,0.031697483,0.002,0
exp3,Mal,Mal,3,"[1,2,3,4]",,2,0.001504033,0.002,0
exp3,Mal,Mal,3,"[1,2,3,4]",,3,NA,0.002,0
exp3,Mal,Mal,3,"[1,2,3,4]",,4,0.02482721,0.002,0
exp3,Mal,Mal,3,"[1,2,3,4]",,0,0.948181796,0.002,10
exp3,Mal,Mal,3,"[1,2,3,4]",,1,0.014013142,0.002,10
exp3,Mal,Mal,3,"[1,2,3,4]",,2,0.000605,0.002,10
exp3,Mal,Mal,3,"[1,2,3,4]",,3,0.006747771,0.002,10
exp3,Mal,Mal,3,"[1,2,3,4]",,4,0.030452223,0.002,10
exp3,Mal,Mal,3,"[1,2,3,4]",,0,0.921557854,0.002,20
exp3,Mal,Mal,3,"[1,2,3,4]",,1,0.028650303,0.002,20
exp3,Mal,Mal,3,"[1,2,3,4]",,2,0.01183666,0.002,20
exp3,Mal,Mal,3,"[1,2,3,4]",,3,0.019030706,0.002,20
exp3,Mal,Mal,3,"[1,2,3,4]",,4,0.018924477,0.002,20
exp3,Mal,Mal,3,"[1,2,3,4]",,0,0.879490487,0.002,40
exp3,Mal,Mal,3,"[1,2,3,4]",,1,0.037372064,0.002,40
exp3,Mal,Mal,3,"[1,2,3,4]",,2,0.033295623,0.002,40
exp3,Mal,Mal,3,"[1,2,3,4]",,3,0.026616535,0.002,40
exp3,Mal,Mal,3,"[1,2,3,4]",,4,0.023225291,0.002,40
exp3,Mal,Mal,3,"[1,2,3,4]",,0,0.846753733,0.002,80
exp3,Mal,Mal,3,"[1,2,3,4]",,1,0.038743105,0.002,80
exp3,Mal,Mal,3,"[1,2,3,4]",,2,0.059016868,0.002,80
exp3,Mal,Mal,3,"[1,2,3,4]",,3,0.038263819,0.002,80
exp3,Mal,Mal,3,"[1,2,3,4]",,4,0.017222475,0.002,80
exp3,Mal,Mal,3,"[1,2,3,4]",,0,0.716314696,0.002,160
exp3,Mal,Mal,3,"[1,2,3,4]",,1,0.060437147,0.002,160
exp3,Mal,Mal,3,"[1,2,3,4]",,2,0.140381745,0.002,160
exp3,Mal,Mal,3,"[1,2,3,4]",,3,0.060609497,0.002,160
exp3,Mal,Mal,3,"[1,2,3,4]",,4,0.022256915,0.002,160
exp3,PEP,PEP,3,"[1,2,3]",,0,0.936553931,0.002,0
exp3,PEP,PEP,3,"[1,2,3]",,1,NA,0.002,0
exp3,PEP,PEP,3,"[1,2,3]",,2,0.054728301,0.002,0
exp3,PEP,PEP,3,"[1,2,3]",,3,0.008717768,0.002,0
exp3,PEP,PEP,3,"[1,2,3]",,0,0.172336263,0.002,10
exp3,PEP,PEP,3,"[1,2,3]",,1,NA,0.002,10
exp3,PEP,PEP,3,"[1,2,3]",,2,0.341582022,0.002,10
exp3,PEP,PEP,3,"[1,2,3]",,3,0.486081715,0.002,10
exp3,PEP,PEP,3,"[1,2,3]",,0,0.235839371,0.002,20
exp3,PEP,PEP,3,"[1,2,3]",,1,NA,0.002,20
exp3,PEP,PEP,3,"[1,2,3]",,2,0.090804071,0.002,20
exp3,PEP,PEP,3,"[1,2,3]",,3,0.673356558,0.002,20
exp3,PEP,PEP,3,"[1,2,3]",,0,0.255252591,0.002,40
exp3,PEP,PEP,3,"[1,2,3]",,1,NA,0.002,40
exp3,PEP,PEP,3,"[1,2,3]",,2,0.139349708,0.002,40
exp3,PEP,PEP,3,"[1,2,3]",,3,0.605397701,0.002,40
exp3,PEP,PEP,3,"[1,2,3]",,0,0.182177907,0.002,80
exp3,PEP,PEP,3,"[1,2,3]",,1,NA,0.002,80
exp3,PEP,PEP,3,"[1,2,3]",,2,0.094752252,0.002,80
exp3,PEP,PEP,3,"[1,2,3]",,3,0.72306984,0.002,80
exp3,PEP,PEP,3,"[1,2,3]",,0,0.188766035,0.002,160
exp3,PEP,PEP,3,"[1,2,3]",,1,NA,0.002,160
exp3,PEP,PEP,3,"[1,2,3]",,2,0.061638796,0.002,160
exp3,PEP,PEP,3,"[1,2,3]",,3,0.749595169,0.002,160
exp3,Pyr,Pyr,3,"[1,2,3]",,0,0.984639606,0.002,0
exp3,Pyr,Pyr,3,"[1,2,3]",,1,6.60E-05,0.002,0
exp3,Pyr,Pyr,3,"[1,2,3]",,2,0.005547496,0.002,0
exp3,Pyr,Pyr,3,"[1,2,3]",,3,0.009746866,0.002,0
exp3,Pyr,Pyr,3,"[1,2,3]",,0,0.947482961,0.002,10
exp3,Pyr,Pyr,3,"[1,2,3]",,1,0.006839259,0.002,10
exp3,Pyr,Pyr,3,"[1,2,3]",,2,0.013251006,0.002,10
exp3,Pyr,Pyr,3,"[1,2,3]",,3,0.032426775,0.002,10
exp3,Pyr,Pyr,3,"[1,2,3]",,0,0.915208833,0.002,20
exp3,Pyr,Pyr,3,"[1,2,3]",,1,0.008002606,0.002,20
exp3,Pyr,Pyr,3,"[1,2,3]",,2,0.014594754,0.002,20
exp3,Pyr,Pyr,3,"[1,2,3]",,3,0.062193806,0.002,20
exp3,Pyr,Pyr,3,"[1,2,3]",,0,0.876969424,0.002,40
exp3,Pyr,Pyr,3,"[1,2,3]",,1,0.012863277,0.002,40
exp3,Pyr,Pyr,3,"[1,2,3]",,2,0.022184682,0.002,40
exp3,Pyr,Pyr,3,"[1,2,3]",,3,0.087982617,0.002,40
exp3,Pyr,Pyr,3,"[1,2,3]",,0,0.832040915,0.002,80
exp3,Pyr,Pyr,3,"[1,2,3]",,1,0.012491775,0.002,80
exp3,Pyr,Pyr,3,"[1,2,3]",,2,0.020533794,0.002,80
exp3,Pyr,Pyr,3,"[1,2,3]",,3,0.134933516,0.002,80
exp3,Pyr,Pyr,3,"[1,2,3]",,0,0.692686074,0.002,160
exp3,Pyr,Pyr,3,"[1,2,3]",,1,0.021994499,0.002,160
exp3,Pyr,Pyr,3,"[1,2,3]",,2,0.030957805,0.002,160
exp3,Pyr,Pyr,3,"[1,2,3]",,3,0.254361621,0.002,160
exp3,R5P,R5P,3,"[1,2,3,4,5]",,0,0.836152755,0.002,0
exp3,R5P,R5P,3,"[1,2,3,4,5]",,1,0.033365677,0.002,0
exp3,R5P,R5P,3,"[1,2,3,4,5]",,2,0.009882748,0.002,0
exp3,R5P,R5P,3,"[1,2,3,4,5]",,3,0.077457696,0.002,0
exp3,R5P,R5P,3,"[1,2,3,4,5]",,4,0.027318431,0.002,0
exp3,R5P,R5P,3,"[1,2,3,4,5]",,5,0.015822693,0.002,0
exp3,R5P,R5P,3,"[1,2,3,4,5]",,0,0.652724876,0.002,10
exp3,R5P,R5P,3,"[1,2,3,4,5]",,1,0.042136845,0.002,10
exp3,R5P,R5P,3,"[1,2,3,4,5]",,2,0.01305643,0.002,10
exp3,R5P,R5P,3,"[1,2,3,4,5]",,3,0.086786663,0.002,10
exp3,R5P,R5P,3,"[1,2,3,4,5]",,4,0.044360077,0.002,10
exp3,R5P,R5P,3,"[1,2,3,4,5]",,5,0.160935109,0.002,10
exp3,R5P,R5P,3,"[1,2,3,4,5]",,0,0.668391058,0.002,20
exp3,R5P,R5P,3,"[1,2,3,4,5]",,1,0.026256342,0.002,20
exp3,R5P,R5P,3,"[1,2,3,4,5]",,2,0.021111075,0.002,20
exp3,R5P,R5P,3,"[1,2,3,4,5]",,3,0.073796033,0.002,20
exp3,R5P,R5P,3,"[1,2,3,4,5]",,4,0.033800609,0.002,20
exp3,R5P,R5P,3,"[1,2,3,4,5]",,5,0.176644883,0.002,20
exp3,R5P,R5P,3,"[1,2,3,4,5]",,0,0.640029121,0.002,40
exp3,R5P,R5P,3,"[1,2,3,4,5]",,1,0.025417766,0.002,40
exp3,R5P,R5P,3,"[1,2,3,4,5]",,2,0.032737974,0.002,40
exp3,R5P,R5P,3,"[1,2,3,4,5]",,3,0.065769336,0.002,40
exp3,R5P,R5P,3,"[1,2,3,4,5]",,4,0.022550109,0.002,40
exp3,R5P,R5P,3,"[1,2,3,4,5]",,5,0.213495693,0.002,40
exp3,R5P,R5P,3,"[1,2,3,4,5]",,0,0.571169873,0.002,80
exp3,R5P,R5P,3,"[1,2,3,4,5]",,1,0.039900456,0.002,80
exp3,R5P,R5P,3,"[1,2,3,4,5]",,2,0.039136999,0.002,80
exp3,R5P,R5P,3,"[1,2,3,4,5]",,3,0.085018998,0.002,80
exp3,R5P,R5P,3,"[1,2,3,4,5]",,4,0.045287996,0.002,80
exp3,R5P,R5P,3,"[1,2,3,4,5]",,5,0.219485679,0.002,80
exp3,R5P,R5P,3,"[1,2,3,4,5]",,0,0.377895147,0.002,160
exp3,R5P,R5P,3,"[1,2,3,4,5]",,1,0.034784613,0.002,160
exp3,R5P,R5P,3,"[1,2,3,4,5]",,2,0.054912281,0.002,160
exp3,R5P,R5P,3,"[1,2,3,4,5]",,3,0.074491141,0.002,160
exp3,R5P,R5P,3,"[1,2,3,4,5]",,4,0.039816548,0.002,160
exp3,R5P,R5P,3,"[1,2,3,4,5]",,5,0.41810027,0.002,160
exp3,Ribulose-5-phosphate,Ribulose-5-phosphate,3,"[1,2,3,4,5]",,0,0.986270813,0.002,0
exp3,Ribulose-5-phosphate,Ribulose-5-phosphate,3,"[1,2,3,4,5]",,1,NA,0.002,0
exp3,Ribulose-5-phosphate,Ribulose-5-phosphate,3,"[1,2,3,4,5]",,2,NA,0.002,0
exp3,Ribulose-5-phosphate,Ribulose-5-phosphate,3,"[1,2,3,4,5]",,3,0.006904154,0.002,0
exp3,Ribulose-5-phosphate,Ribulose-5-phosphate,3,"[1,2,3,4,5]",,4,0.002066702,0.002,0
exp3,Ribulose-5-phosphate,Ribulose-5-phosphate,3,"[1,2,3,4,5]",,5,0.004758331,0.002,0
exp3,Ribulose-5-phosphate,Ribulose-5-phosphate,3,"[1,2,3,4,5]",,0,0.112563967,0.002,10
exp3,Ribulose-5-phosphate,Ribulose-5-phosphate,3,"[1,2,3,4,5]",,1,0.011587137,0.002,10
exp3,Ribulose-5-phosphate,Ribulose-5-phosphate,3,"[1,2,3,4,5]",,2,0.093277889,0.002,10
exp3,Ribulose-5-phosphate,Ribulose-5-phosphate,3,"[1,2,3,4,5]",,3,0.085290538,0.002,10
exp3,Ribulose-5-phosphate,Ribulose-5-phosphate,3,"[1,2,3,4,5]",,4,0.025166331,0.002,10
exp3,Ribulose-5-phosphate,Ribulose-5-phosphate,3,"[1,2,3,4,5]",,5,0.672114137,0.002,10
exp3,Ribulose-5-phosphate,Ribulose-5-phosphate,3,"[1,2,3,4,5]",,0,0.09627399,0.002,20
exp3,Ribulose-5-phosphate,Ribulose-5-phosphate,3,"[1,2,3,4,5]",,1,0.006871844,0.002,20
exp3,Ribulose-5-phosphate,Ribulose-5-phosphate,3,"[1,2,3,4,5]",,2,0.094053517,0.002,20
exp3,Ribulose-5-phosphate,Ribulose-5-phosphate,3,"[1,2,3,4,5]",,3,0.078216207,0.002,20
exp3,Ribulose-5-phosphate,Ribulose-5-phosphate,3,"[1,2,3,4,5]",,4,0.016860542,0.002,20
exp3,Ribulose-5-phosphate,Ribulose-5-phosphate,3,"[1,2,3,4,5]",,5,0.707723899,0.002,20
exp3,Ribulose-5-phosphate,Ribulose-5-phosphate,3,"[1,2,3,4,5]",,0,0.102581316,0.002,40
exp3,Ribulose-5-phosphate,Ribulose-5-phosphate,3,"[1,2,3,4,5]",,1,0.007695301,0.002,40
exp3,Ribulose-5-phosphate,Ribulose-5-phosphate,3,"[1,2,3,4,5]",,2,0.091768566,0.002,40
exp3,Ribulose-5-phosphate,Ribulose-5-phosphate,3,"[1,2,3,4,5]",,3,0.069059263,0.002,40
exp3,Ribulose-5-phosphate,Ribulose-5-phosphate,3,"[1,2,3,4,5]",,4,0.019120513,0.002,40
exp3,Ribulose-5-phosphate,Ribulose-5-phosphate,3,"[1,2,3,4,5]",,5,0.709775041,0.002,40
exp3,Ribulose-5-phosphate,Ribulose-5-phosphate,3,"[1,2,3,4,5]",,0,0.085293223,0.002,80
exp3,Ribulose-5-phosphate,Ribulose-5-phosphate,3,"[1,2,3,4,5]",,1,0.005821203,0.002,80
exp3,Ribulose-5-phosphate,Ribulose-5-phosphate,3,"[1,2,3,4,5]",,2,0.084257457,0.002,80
exp3,Ribulose-5-phosphate,Ribulose-5-phosphate,3,"[1,2,3,4,5]",,3,0.073568747,0.002,80
exp3,Ribulose-5-phosphate,Ribulose-5-phosphate,3,"[1,2,3,4,5]",,4,0.017043847,0.002,80
exp3,Ribulose-5-phosphate,Ribulose-5-phosphate,3,"[1,2,3,4,5]",,5,0.734015523,0.002,80
exp3,Ribulose-5-phosphate,Ribulose-5-phosphate,3,"[1,2,3,4,5]",,0,0.069843707,0.002,160
exp3,Ribulose-5-phosphate,Ribulose-5-phosphate,3,"[1,2,3,4,5]",,1,0.004190487,0.002,160
exp3,Ribulose-5-phosphate,Ribulose-5-phosphate,3,"[1,2,3,4,5]",,2,0.070237984,0.002,160
exp3,Ribulose-5-phosphate,Ribulose-5-phosphate,3,"[1,2,3,4,5]",,3,0.063674436,0.002,160
exp3,Ribulose-5-phosphate,Ribulose-5-phosphate,3,"[1,2,3,4,5]",,4,0.008438506,0.002,160
exp3,Ribulose-5-phosphate,Ribulose-5-phosphate,3,"[1,2,3,4,5]",,5,0.78361488,0.002,160
exp3,S7P,S7P,3,"[1,2,3,4,5,6,7]",,0,0.97309893,0.002,0
exp3,S7P,S7P,3,"[1,2,3,4,5,6,7]",,1,NA,0.002,0
exp3,S7P,S7P,3,"[1,2,3,4,5,6,7]",,2,NA,0.002,0
exp3,S7P,S7P,3,"[1,2,3,4,5,6,7]",,3,0.003615253,0.002,0
exp3,S7P,S7P,3,"[1,2,3,4,5,6,7]",,4,0.002232334,0.002,0
exp3,S7P,S7P,3,"[1,2,3,4,5,6,7]",,5,0.003280698,0.002,0
exp3,S7P,S7P,3,"[1,2,3,4,5,6,7]",,6,0.003553248,0.002,0
exp3,S7P,S7P,3,"[1,2,3,4,5,6,7]",,7,0.014219536,0.002,0
exp3,S7P,S7P,3,"[1,2,3,4,5,6,7]",,0,0.297951296,0.002,10
exp3,S7P,S7P,3,"[1,2,3,4,5,6,7]",,1,0.007132036,0.002,10
exp3,S7P,S7P,3,"[1,2,3,4,5,6,7]",,2,0.049342348,0.002,10
exp3,S7P,S7P,3,"[1,2,3,4,5,6,7]",,3,0.026993093,0.002,10
exp3,S7P,S7P,3,"[1,2,3,4,5,6,7]",,4,0.066615316,0.002,10
exp3,S7P,S7P,3,"[1,2,3,4,5,6,7]",,5,0.116496235,0.002,10
exp3,S7P,S7P,3,"[1,2,3,4,5,6,7]",,6,0.049250225,0.002,10
exp3,S7P,S7P,3,"[1,2,3,4,5,6,7]",,7,0.386219451,0.002,10
exp3,S7P,S7P,3,"[1,2,3,4,5,6,7]",,0,0.217600613,0.002,20
exp3,S7P,S7P,3,"[1,2,3,4,5,6,7]",,1,0.004735544,0.002,20
exp3,S7P,S7P,3,"[1,2,3,4,5,6,7]",,2,0.058988748,0.002,20
exp3,S7P,S7P,3,"[1,2,3,4,5,6,7]",,3,0.029389614,0.002,20
exp3,S7P,S7P,3,"[1,2,3,4,5,6,7]",,4,0.077226735,0.002,20
exp3,S7P,S7P,3,"[1,2,3,4,5,6,7]",,5,0.127139877,0.002,20
exp3,S7P,S7P,3,"[1,2,3,4,5,6,7]",,6,0.048751164,0.002,20
exp3,S7P,S7P,3,"[1,2,3,4,5,6,7]",,7,0.436167705,0.002,20
exp3,S7P,S7P,3,"[1,2,3,4,5,6,7]",,0,0.212035549,0.002,40
exp3,S7P,S7P,3,"[1,2,3,4,5,6,7]",,1,0.004483392,0.002,40
exp3,S7P,S7P,3,"[1,2,3,4,5,6,7]",,2,0.048963315,0.002,40
exp3,S7P,S7P,3,"[1,2,3,4,5,6,7]",,3,0.028560681,0.002,40
exp3,S7P,S7P,3,"[1,2,3,4,5,6,7]",,4,0.07397099,0.002,40
exp3,S7P,S7P,3,"[1,2,3,4,5,6,7]",,5,0.120277401,0.002,40
exp3,S7P,S7P,3,"[1,2,3,4,5,6,7]",,6,0.051983081,0.002,40
exp3,S7P,S7P,3,"[1,2,3,4,5,6,7]",,7,0.459725592,0.002,40
exp3,S7P,S7P,3,"[1,2,3,4,5,6,7]",,0,0.139332828,0.002,80
exp3,S7P,S7P,3,"[1,2,3,4,5,6,7]",,1,0.007605723,0.002,80
exp3,S7P,S7P,3,"[1,2,3,4,5,6,7]",,2,0.051682997,0.002,80
exp3,S7P,S7P,3,"[1,2,3,4,5,6,7]",,3,0.032893509,0.002,80
exp3,S7P,S7P,3,"[1,2,3,4,5,6,7]",,4,0.080868773,0.002,80
exp3,S7P,S7P,3,"[1,2,3,4,5,6,7]",,5,0.127980999,0.002,80
exp3,S7P,S7P,3,"[1,2,3,4,5,6,7]",,6,0.052905445,0.002,80
exp3,S7P,S7P,3,"[1,2,3,4,5,6,7]",,7,0.506729725,0.002,80
exp3,S7P,S7P,3,"[1,2,3,4,5,6,7]",,0,0.167999619,0.002,160
exp3,S7P,S7P,3,"[1,2,3,4,5,6,7]",,1,0.003457012,0.002,160
exp3,S7P,S7P,3,"[1,2,3,4,5,6,7]",,2,0.043515301,0.002,160
exp3,S7P,S7P,3,"[1,2,3,4,5,6,7]",,3,0.030365792,0.002,160
exp3,S7P,S7P,3,"[1,2,3,4,5,6,7]",,4,0.076182632,0.002,160
exp3,S7P,S7P,3,"[1,2,3,4,5,6,7]",,5,0.117056258,0.002,160
exp3,S7P,S7P,3,"[1,2,3,4,5,6,7]",,6,0.049169312,0.002,160
exp3,S7P,S7P,3,"[1,2,3,4,5,6,7]",,7,0.512254073,0.002,160
exp3,Suc,Suc,3,"[1,2,3,4]",,0,0.986971684,0.002,0
exp3,Suc,Suc,3,"[1,2,3,4]",,1,0.013028316,0.002,0
exp3,Suc,Suc,3,"[1,2,3,4]",,2,NA,0.002,0
exp3,Suc,Suc,3,"[1,2,3,4]",,3,NA,0.002,0
exp3,Suc,Suc,3,"[1,2,3,4]",,4,NA,0.002,0
exp3,Suc,Suc,3,"[1,2,3,4]",,0,1,0.002,10
exp3,Suc,Suc,3,"[1,2,3,4]",,1,NA,0.002,10
exp3,Suc,Suc,3,"[1,2,3,4]",,2,NA,0.002,10
exp3,Suc,Suc,3,"[1,2,3,4]",,3,NA,0.002,10
exp3,Suc,Suc,3,"[1,2,3,4]",,4,NA,0.002,10
exp3,Suc,Suc,3,"[1,2,3,4]",,0,0.983771289,0.002,20
exp3,Suc,Suc,3,"[1,2,3,4]",,1,0.010029658,0.002,20
exp3,Suc,Suc,3,"[1,2,3,4]",,2,0.006199053,0.002,20
exp3,Suc,Suc,3,"[1,2,3,4]",,3,NA,0.002,20
exp3,Suc,Suc,3,"[1,2,3,4]",,4,NA,0.002,20
exp3,Suc,Suc,3,"[1,2,3,4]",,0,0.962996099,0.002,40
exp3,Suc,Suc,3,"[1,2,3,4]",,1,0.009322308,0.002,40
exp3,Suc,Suc,3,"[1,2,3,4]",,2,0.027591483,0.002,40
exp3,Suc,Suc,3,"[1,2,3,4]",,3,9.01E-05,0.002,40
exp3,Suc,Suc,3,"[1,2,3,4]",,4,NA,0.002,40
exp3,Suc,Suc,3,"[1,2,3,4]",,0,0.912442107,0.002,80
exp3,Suc,Suc,3,"[1,2,3,4]",,1,0.024684411,0.002,80
exp3,Suc,Suc,3,"[1,2,3,4]",,2,0.061682602,0.002,80
exp3,Suc,Suc,3,"[1,2,3,4]",,3,0.00119088,0.002,80
exp3,Suc,Suc,3,"[1,2,3,4]",,4,NA,0.002,80
exp3,Suc,Suc,3,"[1,2,3,4]",,0,0.819893206,0.002,160
exp3,Suc,Suc,3,"[1,2,3,4]",,1,0.044373172,0.002,160
exp3,Suc,Suc,3,"[1,2,3,4]",,2,0.124813199,0.002,160
exp3,Suc,Suc,3,"[1,2,3,4]",,3,0.010920423,0.002,160
exp3,Suc,Suc,3,"[1,2,3,4]",,4,NA,0.002,160
exp3,SucCoA,SucCoA,3,"[1,2,3,4,5,6]",,0,0.641704423,0.002,0
exp3,SucCoA,SucCoA,3,"[1,2,3,4,5,6]",,1,0.171671469,0.002,0
exp3,SucCoA,SucCoA,3,"[1,2,3,4,5,6]",,2,0.042702056,0.002,0
exp3,SucCoA,SucCoA,3,"[1,2,3,4,5,6]",,3,0.03782134,0.002,0
exp3,SucCoA,SucCoA,3,"[1,2,3,4,5,6]",,4,0.038515498,0.002,0
exp3,SucCoA,SucCoA,3,"[1,2,3,4,5,6]",,5,0.018388215,0.002,0
exp3,SucCoA,SucCoA,3,"[1,2,3,4,5,6]",,6,0.049196999,0.002,0
exp3,SucCoA,SucCoA,3,"[1,2,3,4,5,6]",,0,0.602162546,0.002,10
exp3,SucCoA,SucCoA,3,"[1,2,3,4,5,6]",,1,0.214671534,0.002,10
exp3,SucCoA,SucCoA,3,"[1,2,3,4,5,6]",,2,0.050570467,0.002,10
exp3,SucCoA,SucCoA,3,"[1,2,3,4,5,6]",,3,0.029362229,0.002,10
exp3,SucCoA,SucCoA,3,"[1,2,3,4,5,6]",,4,0.03680914,0.002,10
exp3,SucCoA,SucCoA,3,"[1,2,3,4,5,6]",,5,0.02849596,0.002,10
exp3,SucCoA,SucCoA,3,"[1,2,3,4,5,6]",,6,0.037928123,0.002,10
exp3,SucCoA,SucCoA,3,"[1,2,3,4,5,6]",,0,0.742471567,0.002,20
exp3,SucCoA,SucCoA,3,"[1,2,3,4,5,6]",,1,0.132206101,0.002,20
exp3,SucCoA,SucCoA,3,"[1,2,3,4,5,6]",,2,0.017211131,0.002,20
exp3,SucCoA,SucCoA,3,"[1,2,3,4,5,6]",,3,0.007074265,0.002,20
exp3,SucCoA,SucCoA,3,"[1,2,3,4,5,6]",,4,0.035697625,0.002,20
exp3,SucCoA,SucCoA,3,"[1,2,3,4,5,6]",,5,0.025484342,0.002,20
exp3,SucCoA,SucCoA,3,"[1,2,3,4,5,6]",,6,0.039854969,0.002,20
exp3,SucCoA,SucCoA,3,"[1,2,3,4,5,6]",,0,0.808195915,0.002,40
exp3,SucCoA,SucCoA,3,"[1,2,3,4,5,6]",,1,NA,0.002,40
exp3,SucCoA,SucCoA,3,"[1,2,3,4,5,6]",,2,0.025520517,0.002,40
exp3,SucCoA,SucCoA,3,"[1,2,3,4,5,6]",,3,0.017934233,0.002,40
exp3,SucCoA,SucCoA,3,"[1,2,3,4,5,6]",,4,0.06461873,0.002,40
exp3,SucCoA,SucCoA,3,"[1,2,3,4,5,6]",,5,0.055755478,0.002,40
exp3,SucCoA,SucCoA,3,"[1,2,3,4,5,6]",,6,0.027975127,0.002,40
exp3,SucCoA,SucCoA,3,"[1,2,3,4,5,6]",,0,0.656445426,0.002,80
exp3,SucCoA,SucCoA,3,"[1,2,3,4,5,6]",,1,0.104001598,0.002,80
exp3,SucCoA,SucCoA,3,"[1,2,3,4,5,6]",,2,0.088950744,0.002,80
exp3,SucCoA,SucCoA,3,"[1,2,3,4,5,6]",,3,0.041712667,0.002,80
exp3,SucCoA,SucCoA,3,"[1,2,3,4,5,6]",,4,0.036358198,0.002,80
exp3,SucCoA,SucCoA,3,"[1,2,3,4,5,6]",,5,0.032315729,0.002,80
exp3,SucCoA,SucCoA,3,"[1,2,3,4,5,6]",,6,0.040215637,0.002,80
exp3,SucCoA,SucCoA,3,"[1,2,3,4,5,6]",,0,0.613004915,0.002,160
exp3,SucCoA,SucCoA,3,"[1,2,3,4,5,6]",,1,0.191080129,0.002,160
exp3,SucCoA,SucCoA,3,"[1,2,3,4,5,6]",,2,0.077247591,0.002,160
exp3,SucCoA,SucCoA,3,"[1,2,3,4,5,6]",,3,0.00785203,0.002,160
exp3,SucCoA,SucCoA,3,"[1,2,3,4,5,6]",,4,0.049784487,0.002,160
exp3,SucCoA,SucCoA,3,"[1,2,3,4,5,6]",,5,0.03548137,0.002,160
exp3,SucCoA,SucCoA,3,"[1,2,3,4,5,6]",,6,0.025549479,0.002,160
exp3,Xylulose-5-phosphate,Xylulose-5-phosphate,3,"[1,2,3,4,5]",,0,0.988851519,0.002,0
exp3,Xylulose-5-phosphate,Xylulose-5-phosphate,3,"[1,2,3,4,5]",,1,NA,0.002,0
exp3,Xylulose-5-phosphate,Xylulose-5-phosphate,3,"[1,2,3,4,5]",,2,NA,0.002,0
exp3,Xylulose-5-phosphate,Xylulose-5-phosphate,3,"[1,2,3,4,5]",,3,0.00426003,0.002,0
exp3,Xylulose-5-phosphate,Xylulose-5-phosphate,3,"[1,2,3,4,5]",,4,6.00E-04,0.002,0
exp3,Xylulose-5-phosphate,Xylulose-5-phosphate,3,"[1,2,3,4,5]",,5,0.006288577,0.002,0
exp3,Xylulose-5-phosphate,Xylulose-5-phosphate,3,"[1,2,3,4,5]",,0,0.146612683,0.002,10
exp3,Xylulose-5-phosphate,Xylulose-5-phosphate,3,"[1,2,3,4,5]",,1,0.006261553,0.002,10
exp3,Xylulose-5-phosphate,Xylulose-5-phosphate,3,"[1,2,3,4,5]",,2,0.085274319,0.002,10
exp3,Xylulose-5-phosphate,Xylulose-5-phosphate,3,"[1,2,3,4,5]",,3,0.080605167,0.002,10
exp3,Xylulose-5-phosphate,Xylulose-5-phosphate,3,"[1,2,3,4,5]",,4,0.023317662,0.002,10
exp3,Xylulose-5-phosphate,Xylulose-5-phosphate,3,"[1,2,3,4,5]",,5,0.657928616,0.002,10
exp3,Xylulose-5-phosphate,Xylulose-5-phosphate,3,"[1,2,3,4,5]",,0,0.121368731,0.002,20
exp3,Xylulose-5-phosphate,Xylulose-5-phosphate,3,"[1,2,3,4,5]",,1,NA,0.002,20
exp3,Xylulose-5-phosphate,Xylulose-5-phosphate,3,"[1,2,3,4,5]",,2,0.087670101,0.002,20
exp3,Xylulose-5-phosphate,Xylulose-5-phosphate,3,"[1,2,3,4,5]",,3,0.073785562,0.002,20
exp3,Xylulose-5-phosphate,Xylulose-5-phosphate,3,"[1,2,3,4,5]",,4,0.016584662,0.002,20
exp3,Xylulose-5-phosphate,Xylulose-5-phosphate,3,"[1,2,3,4,5]",,5,0.700590945,0.002,20
exp3,Xylulose-5-phosphate,Xylulose-5-phosphate,3,"[1,2,3,4,5]",,0,0.123394455,0.002,40
exp3,Xylulose-5-phosphate,Xylulose-5-phosphate,3,"[1,2,3,4,5]",,1,NA,0.002,40
exp3,Xylulose-5-phosphate,Xylulose-5-phosphate,3,"[1,2,3,4,5]",,2,0.084146665,0.002,40
exp3,Xylulose-5-phosphate,Xylulose-5-phosphate,3,"[1,2,3,4,5]",,3,0.067221421,0.002,40
exp3,Xylulose-5-phosphate,Xylulose-5-phosphate,3,"[1,2,3,4,5]",,4,0.020471822,0.002,40
exp3,Xylulose-5-phosphate,Xylulose-5-phosphate,3,"[1,2,3,4,5]",,5,0.704765637,0.002,40
exp3,Xylulose-5-phosphate,Xylulose-5-phosphate,3,"[1,2,3,4,5]",,0,0.111459397,0.002,80
exp3,Xylulose-5-phosphate,Xylulose-5-phosphate,3,"[1,2,3,4,5]",,1,0.007365649,0.002,80
exp3,Xylulose-5-phosphate,Xylulose-5-phosphate,3,"[1,2,3,4,5]",,2,0.077598466,0.002,80
exp3,Xylulose-5-phosphate,Xylulose-5-phosphate,3,"[1,2,3,4,5]",,3,0.0699603,0.002,80
exp3,Xylulose-5-phosphate,Xylulose-5-phosphate,3,"[1,2,3,4,5]",,4,0.019588354,0.002,80
exp3,Xylulose-5-phosphate,Xylulose-5-phosphate,3,"[1,2,3,4,5]",,5,0.714027834,0.002,80
exp3,Xylulose-5-phosphate,Xylulose-5-phosphate,3,"[1,2,3,4,5]",,0,0.086017562,0.002,160
exp3,Xylulose-5-phosphate,Xylulose-5-phosphate,3,"[1,2,3,4,5]",,1,NA,0.002,160
exp3,Xylulose-5-phosphate,Xylulose-5-phosphate,3,"[1,2,3,4,5]",,2,0.067929243,0.002,160
exp3,Xylulose-5-phosphate,Xylulose-5-phosphate,3,"[1,2,3,4,5]",,3,0.061734029,0.002,160
exp3,Xylulose-5-phosphate,Xylulose-5-phosphate,3,"[1,2,3,4,5]",,4,0.008947075,0.002,160
exp3,Xylulose-5-phosphate,Xylulose-5-phosphate,3,"[1,2,3,4,5]",,5,0.775372091,0.002,160
exp3,FBP,FBP,3,"[1,2,3,4,5,6]",,0,0.810788404,0.002,0
exp3,FBP,FBP,3,"[1,2,3,4,5,6]",,1,0.049909017,0.002,0
exp3,FBP,FBP,3,"[1,2,3,4,5,6]",,2,0.018554901,0.002,0
exp3,FBP,FBP,3,"[1,2,3,4,5,6]",,3,0.019430341,0.002,0
exp3,FBP,FBP,3,"[1,2,3,4,5,6]",,4,0.031200096,0.002,0
exp3,FBP,FBP,3,"[1,2,3,4,5,6]",,5,0.012435816,0.002,0
exp3,FBP,FBP,3,"[1,2,3,4,5,6]",,6,0.057681425,0.002,0
exp3,FBP,FBP,3,"[1,2,3,4,5,6]",,0,0.628361671,0.002,10
exp3,FBP,FBP,3,"[1,2,3,4,5,6]",,1,0.019894907,0.002,10
exp3,FBP,FBP,3,"[1,2,3,4,5,6]",,2,0.013758278,0.002,10
exp3,FBP,FBP,3,"[1,2,3,4,5,6]",,3,0.034562671,0.002,10
exp3,FBP,FBP,3,"[1,2,3,4,5,6]",,4,0.066330867,0.002,10
exp3,FBP,FBP,3,"[1,2,3,4,5,6]",,5,0.014238007,0.002,10
exp3,FBP,FBP,3,"[1,2,3,4,5,6]",,6,0.222853599,0.002,10
exp3,FBP,FBP,3,"[1,2,3,4,5,6]",,0,0.647070939,0.002,20
exp3,FBP,FBP,3,"[1,2,3,4,5,6]",,1,0.034804126,0.002,20
exp3,FBP,FBP,3,"[1,2,3,4,5,6]",,2,0.007634896,0.002,20
exp3,FBP,FBP,3,"[1,2,3,4,5,6]",,3,0.045810954,0.002,20
exp3,FBP,FBP,3,"[1,2,3,4,5,6]",,4,0.020245667,0.002,20
exp3,FBP,FBP,3,"[1,2,3,4,5,6]",,5,0.021409551,0.002,20
exp3,FBP,FBP,3,"[1,2,3,4,5,6]",,6,0.223023867,0.002,20
exp3,FBP,FBP,3,"[1,2,3,4,5,6]",,0,0.635324464,0.002,40
exp3,FBP,FBP,3,"[1,2,3,4,5,6]",,1,0.022335594,0.002,40
exp3,FBP,FBP,3,"[1,2,3,4,5,6]",,2,0.007091498,0.002,40
exp3,FBP,FBP,3,"[1,2,3,4,5,6]",,3,0.03076963,0.002,40
exp3,FBP,FBP,3,"[1,2,3,4,5,6]",,4,0.048923204,0.002,40
exp3,FBP,FBP,3,"[1,2,3,4,5,6]",,5,0.018529713,0.002,40
exp3,FBP,FBP,3,"[1,2,3,4,5,6]",,6,0.237025897,0.002,40
exp3,FBP,FBP,3,"[1,2,3,4,5,6]",,0,0.524762644,0.002,80
exp3,FBP,FBP,3,"[1,2,3,4,5,6]",,1,0.037703023,0.002,80
exp3,FBP,FBP,3,"[1,2,3,4,5,6]",,2,0.016292159,0.002,80
exp3,FBP,FBP,3,"[1,2,3,4,5,6]",,3,0.05619551,0.002,80
exp3,FBP,FBP,3,"[1,2,3,4,5,6]",,4,0.025096166,0.002,80
exp3,FBP,FBP,3,"[1,2,3,4,5,6]",,5,0.031117457,0.002,80
exp3,FBP,FBP,3,"[1,2,3,4,5,6]",,6,0.308833042,0.002,80
exp3,FBP,FBP,3,"[1,2,3,4,5,6]",,0,0.535487787,0.002,160
exp3,FBP,FBP,3,"[1,2,3,4,5,6]",,1,0.019346925,0.002,160
exp3,FBP,FBP,3,"[1,2,3,4,5,6]",,2,0.002265284,0.002,160
exp3,FBP,FBP,3,"[1,2,3,4,5,6]",,3,0.033049948,0.002,160
exp3,FBP,FBP,3,"[1,2,3,4,5,6]",,4,0.03697093,0.002,160
exp3,FBP,FBP,3,"[1,2,3,4,5,6]",,5,0.017091673,0.002,160
exp3,FBP,FBP,3,"[1,2,3,4,5,6]",,6,0.355787452,0.002,160
